MEMORY
  total            20.4 MB
  struct          159.2 KB
  buffer            1.3 MB
  arena            19.0 MB, used 2.6%

SIZES
  narena                19922944
  nbuffer               1352480
  nplugin               0
  maxuse_stack          90576
  maxuse_arena          519672
  maxuse_con            288
  maxuse_efc            902
  ncon                  75
  ne                    10
  nf                    25
  nl                    2
  nefc                  262
  nJ                    1979
  nA                    0
  nisland               0
  nidof                 0
  threadpool            0

TIMER
    0:  duration =  80         number = 92
    1:  duration =  65         number = 92
    2:  duration =  0          number = 0
    3:  duration =  35         number = 92
    4:  duration =  3.1        number = 92
    5:  duration =  0.13       number = 92
    6:  duration =  27         number = 92
    7:  duration =  15         number = 92
    8:  duration =  2.6        number = 92
    9:  duration =  0.7        number = 92
    10:  duration =  27         number = 92
    11:  duration =  4.2        number = 92
    12:  duration =  0.005      number = 92
    13:  duration =  3.7        number = 92
    14:  duration =  20         number = 92

SOLVER STAT
  solver_fwdinv =   0         0       
  ISLAND 0
    solver_niter = 2
    solver_nnz = 3271
      0:  improvement =  0.17        gradient =  1.4e-05     lineslope =  6e-21   
          nactive = 253   nchange = 1   neval = 3   nupdate = 19
      1:  improvement =  8.9e-10     gradient =  4.8e-10     lineslope =  6.5e-12 
          nactive = 253   nchange = 0   neval = 2   nupdate = 18

ENERGY =   0         0       

TIME =  53      

QPOS
  -0.018   
  -0.0042  
  -0.032   
   0.079   
   0.63    
   0.52    
   2.6e-05 
   2       
  -1.6     
  -0.59    
  -1.7     
  -0.00024 
  -0.79    
  -0.00015 
   5.6e-06 
   1.4e-06 
  -2.9e-06 
   8.8e-06 
   3.2e-06 
   5.3e-06 
   0.56    
   1.6     
   2.1     
  -1.3     
   0.059   
  -0.21    
   1.5     
  -0.015   
   0.0075  
   0.0078  
  -0.0079  
  -0.0079  
  -0.011   
   6.2e-07 
   0.26    
   0.65    
   4.3e-06 
   0.02    
   0.71    
  -9.3e-07 
  -3.1e-07 
   0.71    
   0.63    
   0.26    
   0.46    
   0.99    
   0.0065  
  -0.056   
   0.12    
   0.89    
   0.01    
   0.47    
   0.037   
  -0.71    
  -0.037   
  -0.71    
   0.7     
  -0.021   
   0.45    
   1       
   1.6e-05 
  -0.00082 
  -0.03    
   0.6     
  -0.098   
   0.44    
   1       
   0.013   
  -0.013   
  -0.056   
   0.7     
  -0.022   
   0.44    
   1       
   3.5e-05 
  -0.00019 
  -0.025   
   4       
   4       
   0.0047  
   0.71    
  -8.5e-06 
  -2.6e-06 
   0.71    
   3       
   3       
  -0.00038 
   0.71    
   0.00031 
  -0.01    
   0.71    
   2       
   2       
  -0.00038 
   0.71    
   0.00031 
  -0.01    
   0.71    
   1       
   1       
  -0.00038 
   0.71    
   0.00031 
  -0.01    
   0.71    

QVEL
   0.00034 
   8.2e-05 
   7.7e-05 
   0.0051  
  -0.0077  
   0.004   
  -3.9e-05 
  -0.00014 
   8.7e-05 
   4.6e-06 
  -3.6e-05 
  -6e-07   
   1.1e-05 
   7.3e-08 
  -2.1e-05 
   5.5e-05 
   2.5e-05 
  -4.8e-05 
   3.6e-07 
  -3.2e-05 
  -0.01    
  -0.00087 
  -0.021   
   0.0054  
  -0.0059  
   0.0015  
   0.0017  
   0.027   
  -0.067   
  -0.016   
   0.018   
   0.016   
   0.032   
  -1.8e-06 
   3.3e-06 
  -2.2e-07 
  -1.7e-07 
   2.8e-06 
  -2.8e-06 
  -4.1e-06 
   2e-07   
   0.00024 
   2.6e-05 
  -0.0012  
   0.0023  
   0.016   
  -7.3e-05 
  -1.5e-06 
  -2e-06   
   3.5e-06 
   2e-07   
   3.3e-06 
   4e-06   
  -0.00076 
  -0.0013  
   0.00086 
   0.039   
  -0.11    
  -0.019   
  -4.3e-06 
  -2.1e-06 
   6.7e-07 
  -0.00071 
   0.0039  
  -8.7e-05 
   0.00016 
  -0.00069 
   0.00036 
   0.076   
  -0.11    
  -0.018   
  -6.5e-18 
   2.9e-19 
   3.2e-16 
  -1e-15   
  -4.3e-20 
  -2.2e-20 
  -1.6e-18 
   6.3e-19 
   2.2e-17 
  -1.7e-15 
  -1.7e-15 
   8.5e-19 
  -1.7e-18 
  -1.2e-18 
   5.4e-18 
  -1.5e-15 
  -1.5e-15 
   3.3e-19 
  -1.3e-18 
   6.6e-19 
  -2.5e-18 
  -1.4e-15 
  -1.4e-15 
   1.9e-19 

QACC_WARMSTART
   0.0014  
   0.00041 
   0.01    
  -0.034   
   0.026   
  -0.0016  
  -0.0051  
  -0.0013  
  -0.018   
  -0.0085  
   0.00062 
   0.0096  
  -0.02    
   0.00017 
   0.00089 
   0.029   
   0.015   
   0.011   
   0.0045  
  -0.00021 
   0.033   
  -0.0013  
  -0.0088  
  -0.12    
   1.5     
  -0.26    
  -0.89    
   7.7     
   15      
   3.1     
   6.2     
  -0.85    
   4.5     
   0.007   
  -0.0064  
  -1.8e-05 
   4.6e-06 
  -0.00012 
  -0.00061 
   0.0002  
   7.7e-07 
  -0.017   
  -0.047   
   0.12    
   2.4     
  -1.6     
  -0.28    
  -0.00028 
   9.4e-05 
   2.4e-05 
   7.7e-07 
   0.00038 
  -0.00027 
   1       
  -0.31    
   0.66    
  -72      
   1.7e+02 
  -5.8     
  -0.00041 
   6e-05   
  -0.0012  
  -0.066   
   0.21    
  -0.0038  
  -0.2     
  -0.23    
   0.3     
  -12      
   1.7e+02 
  -6.4     
   1.9e-16 
  -8.4e-17 
   8.4e-15 
   2.5e-14 
   3.5e-16 
   1.8e-18 
   7.7e-17 
  -2.3e-16 
  -9.8e-16 
  -3.7e-16 
   1.5e-15 
   3.9e-17 
   3.4e-17 
   5.4e-17 
   8.6e-16 
  -2.4e-16 
  -4.4e-16 
   4.1e-17 
   3.1e-17 
  -1.1e-16 
   1.1e-16 
  -2.2e-16 
   6.2e-16 
   9.7e-17 

CTRL
   0.082   
   0.63    
   0.52    
  -1.2e-05 
   0       
   0.26    
   0.57    
   1.6     
   2.1     
  -1.3     
   0.059   
  -0.21    
   1.5     
   2       
  -1.6     
  -0.59    
  -1.7     
  -0.00029 
  -0.79    
  -0.00017 
   0       
   0       
   0       
   0       
   0       

QFRC_APPLIED
   0       
   0       
   0       
   0       
   0       
   0       
   0       
   0       
   0       
   0       
   0       
   0       
   0       
   0       
   0       
   0       
   0       
   0       
   0       
   0       
   0       
   0       
   0       
   0       
   0       
   0       
   0       
   0       
   0       
   0       
   0       
   0       
   0       
   0       
   0       
   0       
   0       
   0       
   0       
   0       
   0       
   0       
   0       
   0       
   0       
   0       
   0       
   0       
   0       
   0       
   0       
   0       
   0       
   0       
   0       
   0       
   0       
   0       
   0       
   0       
   0       
   0       
   0       
   0       
   0       
   0       
   0       
   0       
   0       
   0       
   0       
   0       
   0       
   0       
   0       
   0       
   0       
   0       
   0       
   0       
   0       
   0       
   0       
   0       
   0       
   0       
   0       
   0       
   0       
   0       
   0       
   0       
   0       
   0       
   0       

XFRC_APPLIED
   0         0         0         0         0         0       
   0         0         0         0         0         0       
   0         0         0         0         0         0       
   0         0         0         0         0         0       
   0         0         0         0         0         0       
   0         0         0         0         0         0       
   0         0         0         0         0         0       
   0         0         0         0         0         0       
   0         0         0         0         0         0       
   0         0         0         0         0         0       
   0         0         0         0         0         0       
   0         0         0         0         0         0       
   0         0         0         0         0         0       
   0         0         0         0         0         0       
   0         0         0         0         0         0       
   0         0         0         0         0         0       
   0         0         0         0         0         0       
   0         0         0         0         0         0       
   0         0         0         0         0         0       
   0         0         0         0         0         0       
   0         0         0         0         0         0       
   0         0         0         0         0         0       
   0         0         0         0         0         0       
   0         0         0         0         0         0       
   0         0         0         0         0         0       
   0         0         0         0         0         0       
   0         0         0         0         0         0       
   0         0         0         0         0         0       
   0         0         0         0         0         0       
   0         0         0         0         0         0       
   0         0         0         0         0         0       
   0         0         0         0         0         0       
   0         0         0         0         0         0       
   0         0         0         0         0         0       
   0         0         0         0         0         0       
   0         0         0         0         0         0       
   0         0         0         0         0         0       
   0         0         0         0         0         0       
   0         0         0         0         0         0       
   0         0         0         0         0         0       
   0         0         0         0         0         0       
   0         0         0         0         0         0       
   0         0         0         0         0         0       
   0         0         0         0         0         0       
   0         0         0         0         0         0       
   0         0         0         0         0         0       
   0         0         0         0         0         0       
   0         0         0         0         0         0       
   0         0         0         0         0         0       
   0         0         0         0         0         0       
   0         0         0         0         0         0       
   0         0         0         0         0         0       
   0         0         0         0         0         0       
   0         0         0         0         0         0       
   0         0         0         0         0         0       
   0         0         0         0         0         0       
   0         0         0         0         0         0       
   0         0         0         0         0         0       
   0         0         0         0         0         0       
   0         0         0         0         0         0       
   0         0         0         0         0         0       
   0         0         0         0         0         0       
   0         0         0         0         0         0       
   0         0         0         0         0         0       
   0         0         0         0         0         0       
   0         0         0         0         0         0       
   0         0         0         0         0         0       
   0         0         0         0         0         0       
   0         0         0         0         0         0       
   0         0         0         0         0         0       
   0         0         0         0         0         0       
   0         0         0         0         0         0       
   0         0         0         0         0         0       
   0         0         0         0         0         0       

EQ_ACTIVE             1 1 1 1 1 1 1 1 1 1

QACC
   0.0014  
   0.00041 
   0.01    
  -0.034   
   0.026   
  -0.0016  
  -0.0051  
  -0.0013  
  -0.018   
  -0.0085  
   0.00062 
   0.0096  
  -0.02    
   0.00017 
   0.00089 
   0.029   
   0.015   
   0.011   
   0.0045  
  -0.00021 
   0.033   
  -0.0013  
  -0.0088  
  -0.12    
   1.5     
  -0.26    
  -0.89    
   7.7     
   15      
   3.1     
   6.2     
  -0.85    
   4.5     
   0.007   
  -0.0064  
  -1.8e-05 
   4.6e-06 
  -0.00012 
  -0.00061 
   0.0002  
   7.7e-07 
  -0.017   
  -0.047   
   0.12    
   2.4     
  -1.6     
  -0.28    
  -0.00028 
   9.4e-05 
   2.4e-05 
   7.7e-07 
   0.00038 
  -0.00027 
   1       
  -0.31    
   0.66    
  -72      
   1.7e+02 
  -5.8     
  -0.00041 
   6e-05   
  -0.0012  
  -0.066   
   0.21    
  -0.0038  
  -0.2     
  -0.23    
   0.3     
  -12      
   1.7e+02 
  -6.4     
   1.9e-16 
  -8.4e-17 
   8.4e-15 
   2.5e-14 
   3.5e-16 
   1.8e-18 
   7.7e-17 
  -2.3e-16 
  -9.8e-16 
  -3.7e-16 
   1.5e-15 
   3.9e-17 
   3.4e-17 
   5.4e-17 
   8.6e-16 
  -2.4e-16 
  -4.4e-16 
   4.1e-17 
   3.1e-17 
  -1.1e-16 
   1.1e-16 
  -2.2e-16 
   6.2e-16 
   9.7e-17 

SENSOR
   0.0051  
  -0.0078  
   0.0041  
  -4.2e-05 
  -1.9e-06 
   3.3e-06 
  -0.01    
  -0.00092 
  -0.021   
   0.0055  
  -0.0059  
   0.0015  
   0.0017  
  -0.00014 
   9.1e-05 
   4.6e-06 
  -3.5e-05 
  -5.6e-07 
   1.2e-05 
   2.1e-07 

XPOS
   0         0         0       
   0         0         0       
   0         0        -0.001   
   0         0         0       
  -0.018    -0.0042    0       
   0.12     -0.0085    0.13    
   0.12     -0.0085    0.13    
   0.12     -0.0085    0.13    
  -0.29      0.0043    0.33    
   0.047    -0.0063    0.54    
   0.041    -0.0061    0.76    
   0.041    -0.0061    0.76    
   0.041    -0.0061    0.76    
   0.043     0.2       0.93    
   0.043     0.2       0.93    
   0.043     0.2       0.93    
   0.043     0.2       0.93    
  -0.24      0.2       0.72    
  -0.24      0.2       0.72    
   0.012     0.22      0.46    
   0.012     0.22      0.46    
   0.012     0.22      0.46    
   0.12      0.22      0.46    
   0.12      0.22      0.46    
   0.13      0.22      0.46    
   0.21      0.25      0.46    
   0.22      0.3       0.46    
   0.21      0.2       0.46    
   0.22      0.16      0.46    
   0.2       0.19      0.46    
   0.2       0.27      0.46    
   0.27      0.23      0.46    
   0.012     0.22      0.46    
   0.03     -0.21      0.93    
   0.03     -0.21      0.93    
   0.03     -0.21      0.93    
   0.03     -0.21      0.93    
   0.38     -0.21      0.96    
   0.38     -0.21      0.96    
   0.46      0.14      0.96    
   0.46      0.14      0.96    
   0.46      0.14      0.96    
   0.46      0.14      0.85    
   0.46      0.14      0.85    
   0.46      0.14      0.84    
   0.46      0.17      0.76    
   0.46      0.22      0.75    
   0.46      0.12      0.76    
   0.46      0.078     0.75    
   0.46      0.11      0.76    
   0.46      0.18      0.77    
   0.46      0.15      0.7     
   0.46      0.14      0.96    
   0.032    -0.0058    1.1     
   0.032    -0.0058    1.1     
   0.032    -0.0058    1.1     
   0.032    -0.0058    1.1     
   0.032    -0.0058    1.1     
   0.032    -0.0058    1.1     
   0.032    -0.0058    1.1     
   0.65      4.3e-06   0.02    
   0.63      0.26      0.46    
   0.89      0.01      0.47    
   0.7      -0.021     0.45    
   0.6      -0.098     0.44    
   0.7      -0.022     0.44    
   2         4.8       0.25    
   2        -0.75      0.25    
   4.8       2         0.25    
  -0.75      2         0.25    
   4         4         0.0047  
   3         3        -0.00038 
   2         2        -0.00038 
   1         1        -0.00038 

XQUAT
   1         0         0         0       
   1         0         0         0       
   1         0         0         0       
   1         0         0         0       
   1         0         0        -0.016   
   1         0         0        -0.016   
   1         0         0        -0.016   
  -0.15      0.17      0.69      0.69    
  -0.68     -0.68      0.2      -0.18    
  -0.02     -0.0024   -0.71     -0.71    
  -0.72      0.0089    0.0087   -0.7     
  -0.51     -0.5      -0.49     -0.5     
  -0.51     -0.5      -0.49     -0.5     
  -0.02     -0.0024   -0.71     -0.71    
  -0.02     -0.0024   -0.71     -0.71    
   0.67     -0.67     -0.21     -0.23    
   0.22     -0.67      0.67     -0.23    
   0.45      0.024    -0.89     -0.011   
  -0.67      0.64      0.27      0.26    
  -0.025     0.93      0.0076    0.37    
  -0.018    -0.0052    0.69      0.72    
  -0.0091   -0.017     1         0.02    
  -1        -0.02     -0.0091   -0.017   
  -0.69     -0.72     -0.018    -0.0052  
  -0.69     -0.72     -0.018    -0.0052  
   0.022    -0.8      -0.6      -0.0043  
   0.02     -1        -0.017     0.0091  
   0.011    -0.82      0.57      0.019   
   0.02     -1        -0.017     0.0091  
   0.011    -0.82      0.57      0.019   
   0.022    -0.8      -0.6      -0.0043  
  -1        -0.02     -0.0091   -0.017   
  -0.0091   -0.017     1         0.02    
   0.0024   -0.02     -0.71      0.71    
   0.0024   -0.02     -0.71      0.71    
  -0.012    -0.034    -0.71      0.71    
  -0.7       0.024     0.022    -0.71    
  -0.52     -0.48     -0.49     -0.51    
  -0.0026   -0.99      0.11     -0.033   
   0.083     0.077     0.7       0.7     
   0.0029   -0.7       0.71     -0.0025  
  -0.7      -0.0097    0.71      0.018   
  -0.71     -0.018    -0.7      -0.0097  
  -0.49     -0.51     -0.5       0.49    
  -0.49     -0.51     -0.5       0.49    
   0.43     -0.57     -0.43      0.56    
   0.021    -0.71     -0.012     0.7     
  -0.4      -0.58      0.41      0.58    
   0.018    -0.71     -0.0098    0.7     
  -0.4      -0.58      0.41      0.58    
   0.43     -0.57     -0.43      0.56    
  -0.71     -0.018    -0.7      -0.0097  
  -0.7      -0.0097    0.71      0.018   
  -1         0.0002    0.012     0.016   
  -1         0.0002    0.012     0.016   
  -1         0.0002    0.012     0.016   
  -0.7       0.7      -0.094    -0.072   
  -0.7       0.7      -0.094    -0.072   
  -0.7       0.7      -0.094    -0.072   
  -0.7       0.7      -0.094    -0.072   
   0.71     -9.3e-07  -3e-07     0.71    
   0.99      0.0065   -0.056     0.12    
   0.037    -0.71     -0.037    -0.71    
   1        -1.8e-06  -0.00077  -0.03    
   1         0.013    -0.013    -0.056   
   1        -9.7e-07  -0.00013  -0.025   
   1         0         0         0       
   1         0         0         0       
   1         0         0         0       
   1         0         0         0       
   0.71     -8.5e-06  -2.6e-06   0.71    
   0.71      0.00031  -0.01      0.71    
   0.71      0.00031  -0.01      0.71    
   0.71      0.00031  -0.01      0.71    

XMAT
   1         0         0         0         1         0         0         0         1       
   1         0         0         0         1         0         0         0         1       
   1         0         0         0         1         0         0         0         1       
   1         0         0         0         1         0         0         0         1       
   1         0.032     0        -0.032     1        -0        -0         0         1       
   1         0.032     0        -0.032     1        -0        -0         0         1       
   1         0.032     0        -0.032     1        -0        -0         0         1       
  -0.89      0.45      0.032     0.028    -0.014     1         0.45      0.89      1.1e-16 
   0.85     -0.52     -0.032    -0.027     0.017    -1         0.52      0.85      1.4e-16 
  -1        -0.025     0.032     0.032     0.00079   1        -0.025     1        -1.7e-16 
   0.032    -1        -0.025     1         0.032     0.00079  -6.4e-07  -0.025     1       
   0.032    -0.025     1         1         0.00079  -0.032    -6.4e-07   1         0.025   
   0.032    -0.025     1         1         0.00079  -0.032    -6.4e-07   1         0.025   
  -1        -0.025     0.032     0.032     0.00079   1        -0.025     1        -6.4e-07 
  -1        -0.025     0.032     0.032     0.00079   1        -0.025     1        -6.4e-07 
   0.8       0.6       0.032    -0.025    -0.019     1         0.6      -0.8      -6.4e-07 
  -0.01     -0.8       0.6      -1        -0.0016   -0.019     0.016    -0.6      -0.8     
  -0.6      -0.032    -0.8      -0.052     1        -0.0016    0.8       0.041    -0.6     
   0.72      0.69     -0.032    -0.0046    0.052     1         0.69     -0.72      0.041   
   0.72      0.033     0.69     -0.0044   -1         0.052     0.69     -0.04     -0.72    
  -1         0.019    -0.033    -0.033    -0.04      1         0.018     1         0.04    
  -1        -0.033    -0.019    -0.033     1         0.04      0.018     0.04     -1       
   1        -0.033     0.019     0.033     1        -0.04     -0.018     0.04      1       
   1         0.019     0.033     0.033    -0.04     -1        -0.018     1        -0.04    
   1         0.019     0.033     0.033    -0.04     -1        -0.018     1        -0.04    
   0.29      0.96     -0.019     0.96     -0.29      0.04      0.033    -0.029    -1       
   1         0.033    -0.019     0.033    -1         0.04     -0.018    -0.04     -1       
   0.35     -0.94     -0.019    -0.94     -0.35      0.04     -0.044     0.0038   -1       
   1         0.033    -0.019     0.033    -1         0.04     -0.018    -0.04     -1       
   0.35     -0.94     -0.019    -0.94     -0.35      0.04     -0.044     0.0038   -1       
   0.29      0.96     -0.019     0.96     -0.29      0.04      0.033    -0.029    -1       
   1        -0.033     0.019     0.033     1        -0.04     -0.018     0.04      1       
  -1        -0.033    -0.019    -0.033     1         0.04      0.018     0.04     -1       
  -1         0.025    -0.032     0.032    -0.00079  -1        -0.025    -1         6.4e-07 
  -1         0.025    -0.032     0.032    -0.00079  -1        -0.025    -1         6.4e-07 
  -1         0.065    -0.032     0.032    -0.0021   -1        -0.065    -1         6.4e-07 
  -0.0055   -1        -0.065     1        -0.0056    0.0021   -0.0024   -0.065     1       
  -0.0048   -0.065     1         1         0.013     0.0056   -0.013     1         0.065   
   0.97     -0.22      0.065    -0.22     -0.97     -0.013     0.066    -0.0023   -1       
  -0.97     -0.0077    0.22      0.22     -0.00057   0.97     -0.0074    1         0.0023  
  -0.012    -1         0.0077   -1         0.012     0.00057  -0.00066  -0.0077   -1       
  -0.0081    0.012    -1        -0.039     1         0.012     1         0.039    -0.0077  
   0.0081    0.012     1         0.039     1        -0.012    -1         0.039     0.0077  
   0.0081    1        -0.012     0.039    -0.012    -1        -1         0.0077   -0.039   
   0.0081    1        -0.012     0.039    -0.012    -1        -1         0.0077   -0.039   
   0.014     0.0042   -1         0.96     -0.27      0.012    -0.27     -0.96     -0.0077  
   0.0082   -0.012    -1         0.047    -1         0.012    -1        -0.047    -0.0077  
  -0.0086   -0.011    -1        -0.94     -0.35      0.012    -0.35      0.94     -0.0077  
   0.0081   -0.012    -1         0.039    -1         0.012    -1        -0.039    -0.0077  
  -0.0086   -0.011    -1        -0.94     -0.35      0.012    -0.35      0.94     -0.0077  
   0.014     0.0041   -1         0.96     -0.27      0.012    -0.27     -0.96     -0.0077  
   0.0081    0.012     1         0.039     1        -0.012    -1         0.039     0.0077  
  -0.0081    0.012    -1        -0.039     1         0.012     1         0.039    -0.0077  
   1         0.032    -0.025    -0.032     1         0.00079   0.025    -6.4e-07   1       
   1         0.032    -0.025    -0.032     1         0.00079   0.025    -6.4e-07   1       
   1         0.032    -0.025    -0.032     1         0.00079   0.025    -6.6e-07   1       
   0.97     -0.23      0.032    -0.031     0.0074    1        -0.23     -0.97     -6.6e-07 
   0.97     -0.23      0.032    -0.031     0.0074    1        -0.23     -0.97     -6.6e-07 
   0.97     -0.23      0.032    -0.031     0.0074    1        -0.23     -0.97     -6.6e-07 
   0.97     -0.23      0.032    -0.031     0.0074    1        -0.23     -0.97     -6.6e-07 
   3.6e-06  -1        -1.7e-06   1         3.6e-06   8.9e-07  -8.9e-07  -1.7e-06   1       
   0.97     -0.23     -0.11      0.23      0.97     -0.026     0.11     -3.8e-06   0.99    
  -1.7e-06   0.11      0.99      8.8e-07  -0.99      0.11      1         1.1e-06   1.6e-06 
   1         0.059    -0.0015   -0.059     1         4.9e-05   0.0015    4.2e-05   1       
   0.99      0.11     -0.027    -0.11      0.99     -0.024     0.024     0.027     1       
   1         0.05     -0.00026  -0.05      1         8.6e-06   0.00026   4.7e-06   1       
   1         0         0         0         1         0         0         0         1       
   1         0         0         0         1         0         0         0         1       
   1         0         0         0         1         0         0         0         1       
   1         0         0         0         1         0         0         0         1       
   9.3e-11  -1        -1.6e-05   1        -3.7e-11   8.3e-06  -8.3e-06  -1.6e-05   1       
  -0.00011  -1        -0.014     1         9.4e-05  -0.015     0.015    -0.014     1       
  -0.00011  -1        -0.014     1         9.4e-05  -0.015     0.015    -0.014     1       
  -0.00011  -1        -0.014     1         9.4e-05  -0.015     0.015    -0.014     1       

XIPOS
   0         0         0       
   0         0         0       
   0         0        -0.001   
   0         0         0       
   0.0085   -0.0095    0.075   
   0.12     -0.0085    0.13    
   0.11     -0.063     0.13    
  -0.079    -0.0069    0.23    
  -0.12     -0.00096   0.44    
   0.046    -0.017     0.56    
   0.049    -0.0063    0.69    
   0.07     -0.007     0.79    
   0.035    -0.0059    0.93    
   0.043     0.2       0.93    
   0.04      0.097     0.93    
   0.044     0.19      0.93    
  -0.027     0.2       0.87    
  -0.2       0.2       0.75    
  -0.2       0.22      0.68    
  -0.08      0.21      0.56    
   0.012     0.22      0.46    
   0.069     0.22      0.45    
   0.12      0.22      0.46    
   0.12      0.22      0.46    
   0.16      0.23      0.46    
   0.21      0.28      0.46    
   0.24      0.29      0.46    
   0.22      0.18      0.46    
   0.24      0.16      0.46    
   0.21      0.17      0.46    
   0.21      0.29      0.46    
   0.41      0.23      0.46    
   0.081     0.23      0.53    
   0.03     -0.21      0.93    
   0.034    -0.11      0.93    
   0.031    -0.2       0.93    
   0.12     -0.21      0.95    
   0.33     -0.21      0.95    
   0.39     -0.16      0.94    
   0.43      0.0089    0.96    
   0.45      0.14      0.96    
   0.45      0.15      0.9     
   0.46      0.14      0.85    
   0.46      0.14      0.84    
   0.46      0.14      0.8     
   0.46      0.2       0.76    
   0.46      0.21      0.73    
   0.46      0.098     0.75    
   0.46      0.081     0.73    
   0.46      0.085     0.76    
   0.46      0.21      0.76    
   0.46      0.15      0.56    
   0.46      0.078     0.89    
   0.032    -0.0058    1.1     
   0.055    -0.0062    1.1     
   0.034     0.0013    1.1     
   0.058    -0.00018   1.2     
   0.032    -0.0058    1.1     
   0.032    -0.0058    1.1     
   0.032    -0.0058    1.1     
   0.65     -0.02      0.22    
   0.62      0.26      0.55    
   0.89      0.01      0.47    
   0.7      -0.018     0.47    
   0.6      -0.1       0.53    
   0.7      -0.026     0.48    
   2         4.8       0.25    
   2        -0.75      0.25    
   4.8       2         0.25    
  -0.75      2         0.25    
   4         4         0.88    
   3         3         0.16    
   2         2         0.16    
   1         1         0.16    

XIMAT
   1         0         0         0         1         0         0         0         1       
   1         0         0         0         1         0         0         0         1       
   1         0         0         0         1         0         0         0         1       
   1         0         0         0         1         0         0         0         1       
   1         0.032     0        -0.032     1        -0        -0         0         1       
   1         0.032     0        -0.032     1        -0        -0         0         1       
   1         0.032     0        -0.032     1        -0        -0         0         1       
  -0.89      0.45      0.032     0.028    -0.014     1         0.45      0.89      1.1e-16 
   0.85     -0.52     -0.032    -0.027     0.017    -1         0.52      0.85      1.4e-16 
  -1        -0.025     0.032     0.032     0.00079   1        -0.025     1        -1.7e-16 
   0.032    -1        -0.025     1         0.032     0.00079  -6.4e-07  -0.025     1       
   0.032    -0.025     1         1         0.00079  -0.032    -6.4e-07   1         0.025   
   0.032    -0.025     1         1         0.00079  -0.032    -6.4e-07   1         0.025   
  -1        -0.025     0.032     0.032     0.00079   1        -0.025     1        -6.4e-07 
  -1        -0.025     0.032     0.032     0.00079   1        -0.025     1        -6.4e-07 
   0.8       0.6       0.032    -0.025    -0.019     1         0.6      -0.8      -6.4e-07 
  -0.01     -0.8       0.6      -1        -0.0016   -0.019     0.016    -0.6      -0.8     
  -0.6      -0.032    -0.8      -0.052     1        -0.0016    0.8       0.041    -0.6     
   0.72      0.69     -0.032    -0.0046    0.052     1         0.69     -0.72      0.041   
   0.72      0.033     0.69     -0.0044   -1         0.052     0.69     -0.04     -0.72    
  -1         0.019    -0.033    -0.033    -0.04      1         0.018     1         0.04    
  -1        -0.033    -0.019    -0.033     1         0.04      0.018     0.04     -1       
   1        -0.033     0.019     0.033     1        -0.04     -0.018     0.04      1       
   1         0.019     0.033     0.033    -0.04     -1        -0.018     1        -0.04    
   1         0.019     0.033     0.033    -0.04     -1        -0.018     1        -0.04    
   0.29      0.96     -0.019     0.96     -0.29      0.04      0.033    -0.029    -1       
   1         0.033    -0.019     0.033    -1         0.04     -0.018    -0.04     -1       
   0.35     -0.94     -0.019    -0.94     -0.35      0.04     -0.044     0.0038   -1       
   1         0.033    -0.019     0.033    -1         0.04     -0.018    -0.04     -1       
   0.35     -0.94     -0.019    -0.94     -0.35      0.04     -0.044     0.0038   -1       
   0.29      0.96     -0.019     0.96     -0.29      0.04      0.033    -0.029    -1       
   1        -0.019    -0.033     0.033     0.04      1        -0.018    -1         0.04    
  -1        -0.033    -0.019    -0.033     1         0.04      0.018     0.04     -1       
  -1         0.025    -0.032     0.032    -0.00079  -1        -0.025    -1         6.4e-07 
  -1         0.025    -0.032     0.032    -0.00079  -1        -0.025    -1         6.4e-07 
  -1         0.065    -0.032     0.032    -0.0021   -1        -0.065    -1         6.4e-07 
  -0.0055   -1        -0.065     1        -0.0056    0.0021   -0.0024   -0.065     1       
  -0.0048   -0.065     1         1         0.013     0.0056   -0.013     1         0.065   
   0.97     -0.22      0.065    -0.22     -0.97     -0.013     0.066    -0.0023   -1       
  -0.97     -0.0077    0.22      0.22     -0.00057   0.97     -0.0074    1         0.0023  
  -0.012    -1         0.0077   -1         0.012     0.00057  -0.00066  -0.0077   -1       
  -0.0081    0.012    -1        -0.039     1         0.012     1         0.039    -0.0077  
   0.0081    0.012     1         0.039     1        -0.012    -1         0.039     0.0077  
   0.0081    1        -0.012     0.039    -0.012    -1        -1         0.0077   -0.039   
   0.0081    1        -0.012     0.039    -0.012    -1        -1         0.0077   -0.039   
   0.014     0.0042   -1         0.96     -0.27      0.012    -0.27     -0.96     -0.0077  
   0.0082   -0.012    -1         0.047    -1         0.012    -1        -0.047    -0.0077  
  -0.0086   -0.011    -1        -0.94     -0.35      0.012    -0.35      0.94     -0.0077  
   0.0081   -0.012    -1         0.039    -1         0.012    -1        -0.039    -0.0077  
  -0.0086   -0.011    -1        -0.94     -0.35      0.012    -0.35      0.94     -0.0077  
   0.014     0.0041   -1         0.96     -0.27      0.012    -0.27     -0.96     -0.0077  
   0.0081   -1         0.012     0.039     0.012     1        -1        -0.0077    0.039   
  -0.0081    0.012    -1        -0.039     1         0.012     1         0.039    -0.0077  
   1         0.032    -0.025    -0.032     1         0.00079   0.025    -6.4e-07   1       
   1         0.032    -0.025    -0.032     1         0.00079   0.025    -6.4e-07   1       
   1         0.032    -0.025    -0.032     1         0.00079   0.025    -6.6e-07   1       
   0.97     -0.23      0.032    -0.031     0.0074    1        -0.23     -0.97     -6.6e-07 
   0.97     -0.23      0.032    -0.031     0.0074    1        -0.23     -0.97     -6.6e-07 
   0.97     -0.23      0.032    -0.031     0.0074    1        -0.23     -0.97     -6.6e-07 
   0.97     -0.23      0.032    -0.031     0.0074    1        -0.23     -0.97     -6.6e-07 
   3.6e-06  -1        -1.7e-06   1         3.6e-06   8.9e-07  -8.9e-07  -1.7e-06   1       
  -0.12      0.25      0.96     -0.0018   -0.97      0.25      0.99      0.029     0.12    
  -1.7e-06   0.11      0.99      8.8e-07  -0.99      0.11      1         1.1e-06   1.6e-06 
   1         0.059    -0.0015   -0.059     1         4.9e-05   0.0015    4.2e-05   1       
   1         0.081     0.012    -0.082     0.99      0.15     -2.6e-05  -0.15      0.99    
   0.29     -0.96     -0.016     0.045     0.031    -1         0.96      0.29      0.052   
   1         0         0         0         1         0         0         0         1       
   1         0         0         0         1         0         0         0         1       
   1         0         0         0         1         0         0         0         1       
   1         0         0         0         1         0         0         0         1       
  -1         0.0051   -0.0027   -0.005    -1        -0.02     -0.0028   -0.02      1       
  -0.2      -0.98     -0.0065    0.98     -0.2      -0.017     0.015    -0.0097    1       
  -0.2      -0.98     -0.0065    0.98     -0.2      -0.017     0.015    -0.0097    1       
  -0.2      -0.98     -0.0065    0.98     -0.2      -0.017     0.015    -0.0097    1       

XANCHOR
   0         0         0       
  -0.018     0         0       
  -0.018    -0.0042    0       
   0.12     -0.0085    0.13    
  -0.29      0.0043    0.33    
   0.047    -0.0063    0.54    
   0.041    -0.0061    0.76    
   0.043     0.2       0.93    
   0.043     0.2       0.93    
  -0.24      0.2       0.72    
  -0.24      0.2       0.72    
   0.012     0.22      0.46    
   0.012     0.22      0.46    
   0.012     0.22      0.46    
   0.21      0.25      0.46    
   0.22      0.3       0.46    
   0.21      0.2       0.46    
   0.22      0.16      0.46    
   0.2       0.19      0.46    
   0.2       0.27      0.46    
   0.03     -0.21      0.93    
   0.03     -0.21      0.93    
   0.38     -0.21      0.96    
   0.38     -0.21      0.96    
   0.46      0.14      0.96    
   0.46      0.14      0.96    
   0.46      0.14      0.96    
   0.46      0.17      0.76    
   0.46      0.22      0.75    
   0.46      0.12      0.76    
   0.46      0.078     0.75    
   0.46      0.11      0.76    
   0.46      0.18      0.77    
   0.032    -0.0058    1.1     
   0.032    -0.0058    1.1     
   0.65      4.3e-06   0.02    
   0.63      0.26      0.46    
   0.89      0.01      0.47    
   0.7      -0.021     0.45    
   0.6      -0.098     0.44    
   0.7      -0.022     0.44    
   4         4         0.0047  
   3         3        -0.00038 
   2         2        -0.00038 
   1         1        -0.00038 

XAXIS
   1         0         0       
   0         1         0       
   0         0         1       
   0.032     1         0       
  -0.032    -1        -2.2e-16 
   0.032     1        -4.4e-16 
  -0.025     0.00079   1       
   0.032     1        -6.4e-07 
   0.6      -0.019    -0.8     
  -0.8      -0.0016   -0.6     
  -0.032     1         0.041   
   0.69      0.052    -0.72    
  -0.033     1         0.04    
  -0.019     0.04     -1       
  -0.019     0.04     -1       
  -0.019     0.04     -1       
  -0.019     0.04     -1       
  -0.019     0.04     -1       
   0.019    -0.04      1       
  -0.019     0.04     -1       
  -0.032    -1         6.4e-07 
  -0.065     0.0021    1       
   1         0.0056    0.065   
   0.065    -0.013    -1       
   0.22      0.97      0.0023  
   0.0077    0.00057  -1       
  -1         0.012    -0.0077  
  -1         0.012    -0.0077  
  -1         0.012    -0.0077  
  -1         0.012    -0.0077  
  -1         0.012    -0.0077  
   1        -0.012     0.0077  
  -1         0.012    -0.0077  
  -0.025     0.00079   1       
   0.032     1        -6.6e-07 
   0         0         1       
   0         0         1       
   0         0         1       
   0         0         1       
   0         0         1       
   0         0         1       
   0         0         1       
   0         0         1       
   0         0         1       
   0         0         1       

GEOM_XPOS
   0         0        -0.001   
   0         0        -0.001   
  -0.018    -0.0042    0.11    
   0.22     -0.012     0.24    
  -0.045    -0.0041    0.15    
   0.015    -0.0052    0.062   
   0.22     -0.012     0.22    
   0.22     -0.011     0.24    
   0.22     -0.012     0.22    
   0.075     0.093     0.095   
  -0.018    -0.0042    0.15    
  -0.018    -0.0042    0.072   
  -0.018    -0.0042    0.15    
  -0.018    -0.003     0.22    
  -0.054    -0.02      0.15    
   0.27     -0.049     0.17    
   0.27     -0.0014    0.17    
   0.1      -0.01      0.14    
  -0.28      0.0022    0.33    
  -0.083     0.042     0.23    
  -0.083    -0.058     0.23    
  -0.081    -0.007     0.23    
  -0.12     -0.11      0.44    
  -0.12      0.11      0.44    
  -0.11      0.00031   0.44    
  -0.12     -0.001     0.43    
  -0.12     -0.00097   0.43    
  -0.12     -0.00077   0.44    
   0.021    -0.076     0.49    
   0.0069    0.036     0.59    
  -0.008    -0.075     0.54    
   0.083    -0.078     0.5     
   0.008     0.032     0.65    
   0.098    -0.079     0.55    
   0.079    -0.045     0.65    
   0.089     0.005     0.49    
   0.02      0.0068    0.48    
   0.11      0.0049    0.55    
   0.082     0.029     0.65    
   0.086     0.033     0.6     
   0.0063   -0.043     0.65    
   0.08     -0.052     0.59    
   0.0072   -0.05      0.59    
  -0.015     0.0089    0.54    
   0.047     0.0013    0.54    
   0.0086    0.017     0.67    
   0.0072   -0.027     0.67    
   0.034    -0.046     0.69    
   0.037     0.034     0.69    
   0.072    -0.033     0.68    
   0.073     0.019     0.68    
   0.068    -0.045     0.75    
   0.07      0.016     0.79    
   0.069    -0.031     0.79    
   0.07      0.031     0.76    
   0.044    -0.0062    0.64    
   0.047     0.051     0.8     
   0.072    -0.0071    0.82    
   0.043    -0.064     0.8     
   0.088    -0.0076    0.8     
   0.076     0.047     0.78    
   0.055    -0.036     0.82    
   0.072    -0.061     0.78    
   0.053     0.024     0.82    
   0.09     -0.031     0.75    
   0.091     0.019     0.75    
   0.027     0.025     0.82    
   0.029    -0.037     0.82    
   0.044    -0.0062    0.64    
   0.044     0.082     0.7     
   0.12     -0.062     0.76    
   0.12      0.055     0.92    
  -0.052    -0.061     0.94    
  -0.048     0.055     0.94    
   0.11     -0.071     0.92    
  -0.048    -0.055     0.77    
   0.0093   -0.099     0.71    
   0.13      0.045     0.76    
   0.01      0.062     0.95    
   0.061     0.057     1       
   0.0062   -0.072     0.95    
  -0.045     0.049     0.77    
   0.059    -0.1       0.85    
   0.064     0.074     0.85    
   0.056    -0.032     0.98    
   0.094    -0.065     0.64    
   0.032    -0.0058    0.85    
   0.035    -0.0056    0.98    
  -0.083    -0.002     0.86    
   0.14     -0.01      0.91    
   0.15      0.056     0.79    
   0.16     -0.012     0.8     
   0.031    -0.0054    1.1     
   0.042    -0.0061    0.8     
   0.09     -0.0076    0.79    
   0.057    -0.0067    0.8     
  -0.058    -0.002     0.95    
  -0.099    -0.0016    0.94    
  -0.092    -0.0019    0.94    
  -0.084    -0.0021    0.94    
   0.033     0.14      0.91    
   0.047     0.14      0.96    
   0.014     0.14      0.94    
   0.019     0.2       0.97    
   0.05      0.21      0.92    
   0.073     0.13      0.94    
   0.063     0.14      0.91    
   0.036     0.21      0.94    
   0.014     0.16      0.92    
   0.058     0.16      0.96    
   0.051     0.16      0.92    
   0.063     0.2       0.91    
   0.017     0.2       0.97    
   0.033     0.2       0.95    
  -0.042     0.2       0.86    
   0.024     0.17      0.89    
   0.025     0.23      0.89    
   0.087     0.23      0.91    
   0.087     0.18      0.91    
   0.055     0.23      0.89    
   0.055     0.18      0.89    
   0.069     0.2       0.87    
  -0.0048    0.2       0.88    
  -0.14      0.2       0.8     
  -0.2       0.19      0.76    
  -0.24      0.2       0.72    
  -0.24      0.16      0.72    
  -0.2       0.19      0.76    
  -0.2       0.23      0.68    
  -0.24      0.24      0.75    
  -0.2       0.24      0.72    
  -0.24      0.24      0.69    
  -0.19      0.22      0.67    
  -0.27      0.24      0.73    
  -0.16      0.21      0.65    
  -0.21      0.23      0.69    
  -0.23      0.26      0.72    
   0.0087    0.22      0.47    
  -0.088     0.19      0.57    
  -0.09      0.24      0.57    
  -0.086     0.21      0.56    
  -0.07      0.21      0.55    
   0.031     0.22      0.46    
   0.015     0.24      0.5     
  -0.0045    0.2       0.5     
  -0.025     0.21      0.45    
   0.016     0.2       0.5     
  -0.026     0.23      0.45    
  -0.025     0.2       0.48    
  -0.026     0.23      0.48    
   0.046     0.22      0.46    
   0.015     0.22      0.45    
  -0.0058    0.24      0.5     
   0.01      0.26      0.45    
  -0.0067    0.22      0.5     
  -0.0058    0.2       0.47    
  -0.0074    0.25      0.46    
   0.015     0.22      0.46    
  -0.007     0.23      0.45    
   0.015     0.22      0.48    
  -0.0061    0.2       0.44    
   0.014     0.22      0.43    
   0.012     0.22      0.47    
   0.012     0.22      0.47    
   0.084     0.22      0.45    
   0.011     0.21      0.42    
   0.013     0.24      0.42    
   0.014     0.22      0.4     
   0.079     0.22      0.45    
   0.12      0.22      0.46    
   0.12      0.2       0.47    
   0.12      0.23      0.44    
   0.12      0.23      0.49    
   0.12      0.2       0.44    
   0.12      0.2       0.48    
   0.12      0.22      0.44    
   0.12      0.25      0.46    
   0.12      0.21      0.44    
   0.12      0.22      0.48    
   0.12      0.2       0.45    
   0.12      0.25      0.47    
   0.12      0.2       0.45    
   0.12      0.24      0.48    
   0.12      0.2       0.48    
   0.12      0.25      0.46    
   0.12      0.25      0.47    
   0.12      0.25      0.44    
   0.12      0.24      0.48    
   0.12      0.24      0.44    
   0.12      0.24      0.44    
   0.12      0.21      0.49    
   0.12      0.21      0.48    
   0.13      0.2       0.47    
   0.13      0.2       0.45    
   0.13      0.23      0.49    
   0.2       0.23      0.47    
   0.13      0.25      0.48    
   0.21      0.23      0.45    
   0.14      0.21      0.45    
   0.14      0.25      0.47    
   0.12      0.25      0.45    
   0.14      0.21      0.47    
   0.18      0.24      0.47    
   0.16      0.23      0.48    
   0.2       0.19      0.46    
   0.16      0.24      0.44    
   0.16      0.22      0.48    
   0.18      0.21      0.47    
   0.18      0.23      0.47    
   0.16      0.25      0.47    
   0.18      0.24      0.45    
   0.18      0.21      0.45    
   0.16      0.2       0.47    
   0.15      0.2       0.45    
   0.15      0.22      0.44    
   0.13      0.22      0.48    
   0.14      0.24      0.47    
   0.14      0.24      0.45    
   0.19      0.25      0.45    
   0.19      0.21      0.45    
   0.15      0.25      0.45    
   0.18      0.23      0.45    
   0.19      0.27      0.47    
   0.19      0.27      0.46    
   0.2       0.19      0.45    
   0.13      0.21      0.44    
   0.13      0.21      0.49    
   0.21      0.26      0.46    
   0.22      0.24      0.46    
   0.14      0.21      0.47    
   0.15      0.23      0.48    
   0.17      0.21      0.47    
   0.22      0.19      0.46    
   0.15      0.2       0.47    
   0.14      0.23      0.47    
   0.14      0.23      0.45    
   0.12      0.24      0.43    
   0.13      0.24      0.47    
   0.13      0.24      0.45    
   0.22      0.19      0.45    
   0.21      0.26      0.47    
   0.17      0.22      0.44    
   0.13      0.21      0.47    
   0.14      0.21      0.47    
   0.13      0.21      0.45    
   0.17      0.23      0.48    
   0.22      0.24      0.45    
   0.19      0.2       0.46    
   0.22      0.22      0.45    
   0.13      0.23      0.47    
   0.17      0.25      0.45    
   0.13      0.24      0.45    
   0.19      0.26      0.46    
   0.17      0.24      0.47    
   0.22      0.22      0.46    
   0.13      0.25      0.47    
   0.13      0.21      0.45    
   0.13      0.21      0.48    
   0.17      0.21      0.45    
   0.12      0.22      0.43    
   0.12      0.25      0.47    
   0.13      0.23      0.43    
   0.19      0.22      0.46    
   0.17      0.23      0.46    
   0.21      0.28      0.45    
   0.21      0.27      0.47    
   0.21      0.27      0.46    
   0.21      0.27      0.46    
   0.25      0.29      0.46    
   0.24      0.3       0.46    
   0.22      0.3       0.46    
   0.25      0.29      0.46    
   0.21      0.18      0.45    
   0.22      0.18      0.47    
   0.21      0.18      0.46    
   0.21      0.18      0.46    
   0.26      0.17      0.46    
   0.24      0.15      0.46    
   0.23      0.15      0.46    
   0.25      0.16      0.46    
   0.21      0.17      0.45    
   0.21      0.17      0.47    
   0.21      0.17      0.46    
   0.21      0.17      0.46    
   0.21      0.29      0.45    
   0.21      0.29      0.47    
   0.21      0.29      0.46    
   0.21      0.29      0.46    
   0.072     0.24      0.5     
   0.073     0.21      0.5     
   0.077     0.27      0.53    
   0.082     0.22      0.53    
   0.065     0.26      0.54    
   0.067     0.22      0.53    
   0.064     0.21      0.52    
   0.064     0.3       0.53    
   0.063     0.22      0.53    
   0.057     0.29      0.53    
   0.067     0.23      0.51    
   0.067     0.23      0.54    
   0.094     0.22      0.53    
   0.077     0.26      0.53    
   0.069     0.25      0.53    
   0.071     0.22      0.51    
   0.079     0.22      0.52    
   0.012     0.22      0.46    
   0.012     0.22      0.46    
   0.012     0.22      0.46    
   0.012     0.22      0.46    
   0.012     0.22      0.46    
   0.033    -0.11      0.93    
   0.031    -0.21      0.92    
   0.034    -0.21      0.89    
   0.031    -0.21      0.92    
   0.14     -0.21      0.94    
   0.047    -0.24      0.98    
   0.0046   -0.24      0.97    
   0.0032   -0.19      0.97    
   0.047    -0.19      0.98    
   0.1      -0.21      0.95    
   0.32     -0.2       0.96    
   0.25     -0.19      0.97    
   0.24     -0.23      0.93    
   0.25     -0.19      0.93    
   0.38     -0.21      0.92    
   0.34     -0.2       0.96    
   0.22     -0.23      0.97    
   0.27     -0.22      0.97    
   0.38     -0.21      0.97    
   0.38     -0.21      0.99    
   0.33     -0.21      0.96    
   0.4      -0.13      0.94    
   0.41     -0.2       0.92    
   0.35     -0.22      0.91    
   0.36     -0.19      0.91    
   0.37     -0.24      0.91    
   0.4      -0.24      0.92    
   0.39     -0.17      0.93    
   0.39     -0.2       0.89    
   0.46      0.14      0.96    
   0.43     -0.0022    0.98    
   0.43     -0.0021    0.93    
   0.43      0.0011    0.96    
   0.43      0.024     0.96    
   0.46      0.14      0.96    
   0.44      0.14      0.96    
   0.43      0.14      0.96    
   0.5       0.16      0.94    
   0.47      0.15      0.97    
   0.49      0.14      0.93    
   0.49      0.14      0.98    
   0.47      0.1       0.97    
   0.47      0.12      0.97    
   0.48      0.12      0.94    
   0.47      0.1       0.94    
   0.5       0.16      0.97    
   0.47      0.13      0.99    
   0.47      0.17      0.94    
   0.48      0.15      0.94    
   0.5       0.12      0.97    
   0.5       0.12      0.94    
   0.47      0.17      0.97    
   0.46      0.14      0.96    
   0.46      0.14      0.96    
   0.46      0.14      0.88    
   0.41      0.14      0.91    
   0.42      0.14      0.95    
   0.4       0.14      0.95    
   0.45      0.14      0.89    
   0.46      0.14      0.85    
   0.47      0.12      0.84    
   0.44      0.15      0.84    
   0.49      0.15      0.84    
   0.44      0.12      0.84    
   0.48      0.12      0.84    
   0.44      0.14      0.84    
   0.46      0.16      0.84    
   0.44      0.13      0.84    
   0.48      0.14      0.84    
   0.46      0.11      0.84    
   0.47      0.17      0.85    
   0.46      0.12      0.84    
   0.48      0.15      0.84    
   0.48      0.12      0.84    
   0.46      0.17      0.85    
   0.47      0.17      0.85    
   0.44      0.16      0.85    
   0.48      0.16      0.85    
   0.44      0.16      0.84    
   0.44      0.16      0.84    
   0.49      0.13      0.84    
   0.48      0.13      0.84    
   0.47      0.11      0.84    
   0.45      0.12      0.84    
   0.49      0.15      0.84    
   0.47      0.15      0.76    
   0.48      0.17      0.84    
   0.45      0.15      0.76    
   0.45      0.13      0.83    
   0.47      0.17      0.82    
   0.45      0.17      0.84    
   0.47      0.13      0.83    
   0.47      0.16      0.79    
   0.48      0.15      0.81    
   0.47      0.11      0.77    
   0.44      0.15      0.81    
   0.48      0.13      0.81    
   0.47      0.13      0.78    
   0.47      0.14      0.79    
   0.47      0.16      0.81    
   0.45      0.16      0.79    
   0.45      0.13      0.78    
   0.47      0.12      0.81    
   0.45      0.12      0.81    
   0.44      0.13      0.81    
   0.48      0.14      0.84    
   0.47      0.15      0.83    
   0.45      0.15      0.83    
   0.45      0.16      0.78    
   0.45      0.13      0.78    
   0.45      0.17      0.81    
   0.45      0.15      0.79    
   0.47      0.19      0.77    
   0.46      0.19      0.77    
   0.46      0.11      0.77    
   0.44      0.13      0.84    
   0.49      0.13      0.84    
   0.46      0.18      0.75    
   0.47      0.16      0.75    
   0.47      0.13      0.83    
   0.48      0.15      0.82    
   0.47      0.13      0.8     
   0.47      0.11      0.75    
   0.47      0.12      0.82    
   0.47      0.15      0.82    
   0.45      0.15      0.82    
   0.43      0.15      0.85    
   0.47      0.15      0.83    
   0.45      0.16      0.83    
   0.46      0.11      0.75    
   0.47      0.18      0.75    
   0.44      0.14      0.8     
   0.47      0.13      0.84    
   0.47      0.13      0.82    
   0.45      0.13      0.83    
   0.48      0.15      0.8     
   0.46      0.16      0.75    
   0.46      0.11      0.78    
   0.46      0.14      0.74    
   0.47      0.15      0.84    
   0.45      0.16      0.8     
   0.45      0.15      0.84    
   0.46      0.18      0.78    
   0.47      0.16      0.8     
   0.47      0.14      0.74    
   0.47      0.17      0.84    
   0.45      0.13      0.84    
   0.48      0.13      0.84    
   0.45      0.13      0.79    
   0.43      0.13      0.84    
   0.47      0.17      0.84    
   0.44      0.15      0.84    
   0.46      0.14      0.78    
   0.46      0.14      0.8     
   0.45      0.19      0.76    
   0.47      0.19      0.76    
   0.46      0.19      0.76    
   0.46      0.19      0.76    
   0.46      0.21      0.72    
   0.46      0.22      0.73    
   0.46      0.22      0.75    
   0.46      0.21      0.72    
   0.45      0.099     0.75    
   0.47      0.099     0.75    
   0.46      0.1       0.75    
   0.46      0.1       0.75    
   0.46      0.084     0.71    
   0.46      0.074     0.73    
   0.46      0.073     0.74    
   0.46      0.081     0.72    
   0.45      0.086     0.76    
   0.47      0.085     0.76    
   0.46      0.088     0.76    
   0.46      0.087     0.76    
   0.45      0.21      0.76    
   0.47      0.21      0.76    
   0.46      0.2       0.76    
   0.46      0.21      0.76    
   0.5       0.16      0.9     
   0.5       0.12      0.9     
   0.53      0.19      0.89    
   0.53      0.14      0.89    
   0.53      0.18      0.91    
   0.53      0.15      0.9     
   0.53      0.21      0.91    
   0.53      0.22      0.91    
   0.53      0.13      0.91    
   0.51      0.13      0.91    
   0.51      0.15      0.9     
   0.53      0.14      0.88    
   0.53      0.18      0.89    
   0.53      0.17      0.9     
   0.51      0.14      0.9     
   0.52      0.14      0.89    
   0.058    -0.0073    1.1     
   0.024    -0.028     1.1     
   0.049     0.013     1.1     
   0.048    -0.026     1.1     
   0.034     0.024     1.1     
   0.02      0.014     1.1     
   0.01     -0.0079    1.1     
   0.011     0.025     1.1     
   0.02      0.025     1.1     
   0.055     0.024     1.1     
   0.045     0.024     1.1     
   0.033     0.00067   1.1     
   0.048     0.02      1.2     
   0.037    -0.02      1.2     
   0.11     -0.036     1.2     
   0.045    -0.048     1.2     
   0.11      0.018     1.2     
  -0.007    -0.036     1.2     
   0.086    -0.052     1.1     
   0.0019    0.027     1.2     
  -0.0085    0.029     1.2     
   0.096    -0.062     1.2     
   0.12      0.022     1.1     
   0.037     0.019     1.1     
   0.078    -0.056     1.1     
   0.073     0.041     1.1     
   0.11      0.014     1.1     
   0.079     0.04      1.1     
   0.11     -0.023     1.1     
   0.12     -0.041     1.1     
   0.04     -0.028     1.2     
   0.04     -0.062     1.2     
   0.12     -0.03      1.2     
   0.1       0.043     1.2     
   0.12      0.01      1.2     
   0.045     0.05      1.2     
   0.11     -0.008     1.2     
   0.14     -0.009     1.1     
   0.13     -0.0094    1.2     
   0.13     -0.0094    1.2     
   0.14     -0.009     1.1     
   0.11     -0.008     1.2     
   0.047    -0.0059    1.2     
   0.65     -0.022     0.3     
   0.65     -0.02      0.22    
   0.62      0.26      0.55    
   0.65      0.39      0.57    
   0.58      0.13      0.56    
   0.54      0.35      0.47    
   0.7       0.16      0.57    
   0.7       0.2       0.47    
   0.76      0.17      0.59    
   0.56      0.33      0.46    
   0.46      0.32      0.54    
   0.47      0.33      0.55    
   0.71      0.17      0.48    
   0.77      0.22      0.49    
   0.46      0.3       0.54    
   0.78      0.22      0.59    
   0.72      0.39      0.59    
   0.51      0.13      0.55    
   0.53      0.36      0.57    
   0.5       0.31      0.45    
   0.61      0.15      0.46    
   0.78      0.19      0.59    
   0.77      0.19      0.49    
   0.52      0.22      0.46    
   0.74      0.36      0.59    
   0.5       0.33      0.46    
   0.71      0.39      0.49    
   0.65      0.37      0.48    
   0.59      0.24      0.45    
   0.49      0.21      0.52    
   0.67      0.3       0.47    
   0.76      0.29      0.61    
   0.53      0.14      0.46    
   0.75      0.31      0.49    
   0.55      0.14      0.46    
   0.73      0.31      0.48    
   0.47      0.21      0.6     
   0.45      0.22      0.66    
   0.76      0.29      0.69    
   0.45      0.22      0.65    
   0.89      0.01      0.47    
   0.89      0.01      0.47    
   0.7      -0.018     0.47    
   0.7      -0.018     0.47    
   0.6      -0.1       0.52    
   0.6      -0.11      0.52    
   0.6      -0.11      0.54    
   0.6      -0.14      0.56    
   0.6      -0.092     0.47    
   0.6      -0.085     0.54    
   0.6      -0.12      0.47    
   0.6      -0.12      0.51    
   0.6      -0.12      0.54    
   0.6      -0.12      0.46    
   0.6      -0.12      0.49    
   0.6      -0.061     0.57    
   0.6      -0.11      0.56    
   0.6      -0.073     0.46    
   0.6      -0.094     0.46    
   0.6      -0.089     0.57    
   0.6      -0.094     0.56    
   0.7      -0.024     0.48    
   0.7      -0.0057    0.44    
   0.7      -0.041     0.44    
   0.7      -0.088     0.48    
   0.7      -0.066     0.52    
   0.66     -0.034     0.45    
   0.68     -0.053     0.45    
   0.74     -0.013     0.52    
   0.66     -0.035     0.52    
   0.72      0.012     0.52    
   0.66     -0.035     0.49    
   0.68     -0.055     0.52    
   0.72      0.012     0.49    
   0.68     -0.055     0.49    
   0.71     -0.059     0.45    
   0.7      -0.061     0.45    
   0.7      -0.063     0.47    
   0.74     -0.035     0.45    
   0.71      0.015     0.45    
   0.73      0.0068    0.45    
   0.73     -0.049     0.45    
   0.66     -0.014     0.45    
   0.74     -0.041     0.52    
   0.74     -0.014     0.45    
   0.74     -0.02      0.49    
   0.66     -0.013     0.49    
   0.74     -0.0054    0.49    
   0.72     -0.059     0.52    
   0.67      0.0062    0.5     
   0.72     -0.057     0.49    
   0.74     -0.04      0.49    
   0.74     -0.0065    0.45    
   0.7      -0.075     0.51    
   0.7       0.021     0.52    
   0.74     -0.02      0.45    
   0.68      0.018     0.52    
   0.67      0.0049    0.45    
   0.7      -0.062     0.51    
   0.7       0.018     0.45    
   0.68      0.015     0.45    
   0.7      -0.086     0.5     
   0.68      0.017     0.49    
   0.7       0.02      0.49    
   0.7      -0.075     0.46    
   0.67      0.0056    0.46    
   2         4.8       0.25    
   2         4.8       0.25    
   2        -0.75      0.25    
   2        -0.75      0.25    
   4.8       2         0.25    
   4.8       2         0.25    
  -0.75      2         0.25    
  -0.75      2         0.25    
   4         4         0.9     
   4         3.7       0.63    
   4         3.7       1.1     
   4         4.3       1.6     
   4         4.3       0.63    
   4         4.3       1.1     
   4         3.7       0.14    
   4         4.3       0.14    
   4         3.7       1.6     
   4.3       3.4       0.21    
   3.7       4.6       1.2     
   4.3       4.6       1.7     
   3.9       4.6       0.097   
   4.3       3.4       0.68    
   4.3       4.6       0.1     
   4.3       4.6       1.2     
   4.3       4.6       0.68    
   4.3       4.6       0.33    
   3.7       3.4       1.2     
   4.2       4.6       0.64    
   4.3       3.4       1.6     
   4         4.6       0.9     
   4         3.4       0.1     
   4.3       3.4       1.2     
   3.9       3.4       1.1     
   4         3.4       0.91    
   3.8       4.6       1.6     
   3.9       4.6       1.1     
   3.7       3.4       0.63    
   3.8       3.4       1.8     
   4.2       4.6       0.74    
   4.2       3.4       0.64    
   3.7       3.4       0.3     
   3.7       3.4       0.091   
   4.1       4.6       1.1     
   4         4.6       0.92    
   3.7       4.6       0.58    
   4         4.6       1.4     
   4.1       3.4       1.8     
   4.2       3.4       1.1     
   4         4.6       1.8     
   3.7       4.6       0.31    
   3.9       4.6       0.44    
   4         4.6       0.64    
   3.9       3.4       0.44    
   4         3.4       1.4     
   4         3.4       1.6     
   4.1       4.6       1.6     
   4         3.4       0.64    
   3.8       4.5       0.64    
   4.2       3.4       0.74    
   4.1       3.4       1.1     
   3.7       3.4       1.6     
   3         3         0.15    
   3         3         0.29    
   3         3         0.18    
   3         3         0.2     
   3         3         0.2     
   3         2.9       0.06    
   3         3.1       0.06    
   3         3         0.18    
   3         3         0.25    
   3         3         0.25    
   3         3         0.25    
   3.1       3         0.06    
   3.1       3         0.063   
   3         3         0.42    
   2.9       3         0.058   
   3         3         0.27    
   3         2.9       0.051   
   2.9       3         0.061   
   3         3.1       0.052   
   3         3.1       0.023   
   3         3         0.47    
   3.1       3         0.006   
   2.9       3         0.021   
   3         3         0.43    
   3         3         0.43    
   2.9       2.9       0.0053  
   2.9       3         0.022   
   2.9       3.1       0.0052  
   3         3.1       0.0058  
   3.1       3         0.0063  
   3.1       3.1       0.0068  
   3.1       2.9       0.0058  
   3         2.9       0.021   
   3.1       3         0.024   
   2.9       3         0.0047  
   3.1       3         0.023   
   3         3         0.44    
   2         2         0.15    
   2         2         0.29    
   2         2         0.18    
   2         2         0.2     
   2         2         0.2     
   2         1.9       0.06    
   2         2.1       0.06    
   2         2         0.18    
   2         2         0.25    
   2         2         0.25    
   2         2         0.25    
   2.1       2         0.06    
   2.1       2         0.063   
   2         2         0.42    
   1.9       2         0.058   
   2         2         0.27    
   2         1.9       0.051   
   1.9       2         0.061   
   2         2.1       0.052   
   2         2.1       0.023   
   2         2         0.47    
   2.1       2         0.006   
   1.9       2         0.021   
   2         2         0.43    
   2         2         0.43    
   1.9       1.9       0.0053  
   1.9       2         0.022   
   1.9       2.1       0.0052  
   2         2.1       0.0058  
   2.1       2         0.0063  
   2.1       2.1       0.0068  
   2.1       1.9       0.0058  
   2         1.9       0.021   
   2.1       2         0.024   
   1.9       2         0.0047  
   2.1       2         0.023   
   2         2         0.44    
   1         1         0.15    
   0.99      0.96      0.29    
   0.96      0.97      0.18    
   1         1         0.2     
   1         0.97      0.2     
   0.97      0.93      0.06    
   0.97      1.1       0.06    
   0.96      1         0.18    
   1         0.95      0.25    
   0.99      1         0.25    
   0.95      1         0.25    
   1.1       0.96      0.06    
   1.1       1         0.063   
   1         0.98      0.42    
   0.93      0.97      0.058   
   1         1         0.27    
   1         0.93      0.051   
   0.93      1         0.061   
   1         1.1       0.052   
   0.97      1.1       0.023   
   1         1         0.47    
   1.1       0.96      0.006   
   0.93      0.97      0.021   
   0.98      1         0.43    
   1         1         0.43    
   0.95      0.92      0.0053  
   0.93      1         0.022   
   0.92      1.1       0.0052  
   0.97      1.1       0.0058  
   1.1       1         0.0063  
   1.1       1.1       0.0068  
   1.1       0.92      0.0058  
   0.97      0.93      0.021   
   1.1       1         0.024   
   0.92      0.97      0.0047  
   1.1       0.97      0.023   
   0.98      1         0.44    

GEOM_XMAT
   1         0         0         0         1         0         0         0         1       
   1         0         0         0         1         0         0         0         1       
  -2e-05     0.39      0.92      6.4e-07  -0.92      0.39      1         8.5e-06   1.8e-05 
   2.8e-17  -1        -0.032     0         0.032    -1         1         0         0       
  -0.084    -0.037     1         0.0033   -1        -0.037     1         0.0002    0.084   
   0.021    -1        -0.033    -0.00056   0.033    -1         1         0.021     0.00014 
   2.8e-17  -1        -0.032     0         0.032    -1         1         0         0       
   0.00072  -1        -0.032     0.023     0.032    -1         1        -5.6e-17   0.023   
   5.6e-17  -0.032     1         0        -1        -0.032     1         0         0       
   0.15     -0.95      0.26     -0.13     -0.28     -0.95      0.98      0.11     -0.16    
   2.8e-17  -1        -0.032     0         0.032    -1         1         0         0       
   5.6e-17  -0.032     1         0        -1        -0.032     1         0         0       
   5.6e-17  -0.032     1         0        -1        -0.032     1         0         0       
  -0.00025  -0.44      0.9       0.00014  -0.9      -0.44      1         1.5e-05   0.00028 
  -0.063    -0.096     0.99      0.0042   -1        -0.096     1        -0.002     0.063   
   1         0.032     0        -0.032     1        -0        -0         0         1       
   1         0         0.032     0.032     0        -1         0         1         0       
   0.22      0.33     -0.92     -0.028     0.94      0.34      0.98     -0.048     0.22    
   0.47     -0.27     -0.84     -0.035     0.95     -0.32      0.88      0.18      0.44    
   0.42     -0.28     -0.86      0.55      0.83     -0.00043   0.72     -0.48      0.5     
  -0.29     -0.4      -0.87      0.81     -0.59      0.0054   -0.52     -0.7       0.49    
   0.45      0.028    -0.89      0.017     1         0.04      0.89     -0.033     0.45    
  -0.032     0.52      0.85     -1        -0.017    -0.027    -6.5e-06  -0.85      0.52    
  -0.031     0.52      0.85     -1        -0.015    -0.027    -0.0014   -0.85      0.52    
  -0.51     -0.09      0.85      0.029    -1        -0.088     0.86     -0.02      0.51    
  -0.52     -0.032     0.85      0.016    -1        -0.027     0.85     -0.00024   0.52    
  -0.52     -0.85     -0.062     0.017     0.063    -1         0.85     -0.52     -0.018   
  -0.52     -0.032     0.85      0.017    -1        -0.027     0.85     -0.00012   0.52    
   0.14     -0.37     -0.92      0.96      0.26      0.038     0.23     -0.89      0.4     
  -0.47      0.71      0.53      0.21     -0.49      0.85      0.86      0.51      0.08    
   0.29      0.95     -0.14      0.96     -0.29      0.015    -0.027    -0.14     -0.99    
  -0.27      0.63     -0.73      0.91      0.41      0.021     0.32     -0.66     -0.68    
  -0.69     -0.017     0.72      0.72      0.032     0.69     -0.035     1        -0.01    
  -0.27      0.9       0.34      0.96      0.28      0.015    -0.082     0.33     -0.94    
  -0.68      0.039    -0.73      0.73      0.036    -0.68     -2.2e-05  -1        -0.053   
  -0.69      0.72      0.027     0.016    -0.022     1         0.72      0.69      0.0033  
   0.46      0.89      0.037    -0.019    -0.032     1         0.89     -0.46      0.0026  
  -0.99     -0.16      0.021     0.019     0.011     1        -0.16      0.99     -0.0075  
  -0.73     -0.053    -0.68     -0.68      0.057     0.73     -0.00084   1        -0.078   
   0.43      0.77     -0.47      0.18      0.44      0.88      0.89     -0.46      0.055   
   0.73     -0.36     -0.59      0.69      0.42      0.6       0.032    -0.84      0.55    
   0.39      0.72      0.58     -0.3      -0.49      0.82      0.87     -0.49      0.021   
  -0.41      0.75     -0.52     -0.23      0.46      0.86      0.88      0.47     -0.014   
  -1         0.039     0.043     0.043     0.0062    1         0.038     1        -0.0079  
   0.013     1         0.035     0.38     -0.037     0.92      0.93      0.00078  -0.38    
  -0.86     -0.52     -0.021     0.51     -0.85      0.11     -0.072     0.079     0.99    
  -0.89      0.46     -0.027    -0.46     -0.88     -0.1      -0.072    -0.08      0.99    
   0.63     -0.78     -0.00063   0.78      0.63     -0.028     0.022     0.017     1       
  -0.58     -0.81      0.0011    0.81     -0.58      0.028    -0.022     0.017     1       
  -0.73     -0.68      0.0019    0.68     -0.73     -0.051     0.036    -0.036     1       
  -0.78      0.63      0.0054   -0.63     -0.77      0.051     0.036     0.036     1       
  -0.14      0.098     0.99      0.96     -0.24      0.16      0.25      0.97     -0.062   
   0.055     0.96     -0.29      0.57      0.21      0.8       0.82     -0.21     -0.53    
   0.032     0.96      0.28     -0.63     -0.2       0.75      0.78     -0.2       0.6     
   0.21      0.15      0.96      0.97      0.12     -0.23     -0.15      0.98     -0.12    
  -0.025    -0.028     1         0.00079  -1        -0.028     1         8.6e-05   0.025   
   0.053     0.84      0.53      0.99      0.04     -0.16     -0.16      0.53     -0.83    
  -0.025     1         0.032     0.00079  -0.032     1         1         0.025    -6.4e-07 
   0.0094    0.84      0.54      0.99     -0.094     0.13      0.16      0.53     -0.83    
   1         0.058     0.032    -0.032    -0.0018    1         0.058    -1        -6.4e-07 
   0.12      0.99      0.043     0.97     -0.11     -0.2      -0.2       0.067    -0.98    
  -0.025     1         0.075     0.00079  -0.075     1         1         0.025     0.0011  
  -0.062     1         0.056     0.98      0.049     0.2       0.2       0.067    -0.98    
  -0.025     1        -0.071     0.0014    0.071     1         1         0.025    -0.0031  
   0.99     -0.12      0.064    -0.13     -0.8       0.58     -0.017    -0.58     -0.81    
   1         0.082     0.025     0.084    -0.86     -0.5      -0.019     0.5      -0.87    
  -0.025     1         0.063     0.00079  -0.063     1         1         0.025     0.00078 
  -0.025     1        -0.042     0.0002    0.042     1         1         0.025    -0.0012  
  -0.025    -0.028     1         0.00079  -1        -0.028     1         8.7e-05   0.025   
   0.04      0.99      0.12      0.97     -0.0084   -0.25     -0.25      0.13     -0.96    
   0.87     -0.48     -0.087    -0.46     -0.87      0.2      -0.17     -0.13     -0.98    
   0.94      0.3       0.18      0.25     -0.94      0.26      0.24     -0.2      -0.95    
   0.92      0.37     -0.15      0.33     -0.91     -0.24     -0.22      0.18     -0.96    
   0.9      -0.42     -0.13     -0.38     -0.89      0.26     -0.22     -0.18     -0.96    
   0.92     -0.35      0.16     -0.31     -0.92     -0.26      0.24      0.19     -0.95    
   0.89      0.42      0.16      0.4      -0.91      0.14      0.21     -0.063    -0.98    
   0.47      0.88      0.0051    0.86     -0.46      0.23      0.2      -0.1      -0.97    
   0.9       0.42     -0.099     0.4      -0.9      -0.19     -0.17      0.13     -0.98    
   1        -0.022     0.033    -0.027    -0.98      0.17      0.029    -0.17     -0.98    
   1         0.017     0.062    -0.0023   -0.95      0.3       0.064    -0.3      -0.95    
   1        -0.04      0.022    -0.036    -0.98     -0.17      0.029     0.17     -0.98    
   0.87     -0.47      0.15     -0.45     -0.88     -0.15      0.21      0.063    -0.98    
   0.99     -0.12      0.032    -0.12     -0.99      0.034     0.028    -0.037    -1       
   1        -0.052     0.055    -0.073    -0.85      0.52      0.019    -0.53     -0.85    
   0.98     -0.2      -0.0043   -0.2      -0.98     -0.01     -0.0021    0.011    -1       
   0.032    -0.025     1         1         0.00079  -0.032    -6.4e-07   1         0.025   
   0.99     -0.031     0.15     -0.03     -1        -0.0049    0.15      0.00029  -0.99    
   1        -0.031     0.034    -0.032    -1         0.011     0.034    -0.012    -1       
   1         0.053     0.032    -0.032    -0.0073    1         0.053    -1        -0.0057  
   0.97     -0.032     0.25     -0.031    -1        -0.008     0.25      6.4e-07  -0.97    
   0.032    -0.025     1         1         0.00079  -0.032    -6.4e-07   1         0.025   
  -0.025     1         0.032     0.00079  -0.032     1         1         0.025    -6.4e-07 
   0.73      0.68      0.072    -0.014    -0.09      1         0.68     -0.73     -0.056   
  -0.046    -0.031     1         0.0013   -1        -0.031     1        -0.00014   0.046   
   0.77     -0.64      0.032    -0.025     0.02      1        -0.64     -0.77     -6.4e-07 
  -0.042    -0.033     1         0.0017   -1        -0.033     1         0.00033   0.042   
   0.92     -0.024    -0.39     -0.021    -1         0.013    -0.39     -0.0043   -0.92    
   0.032    -0.025     1         1         0.00079  -0.032    -6.4e-07   1         0.025   
   0.99     -0.032    -0.14     -0.031    -1         0.0045   -0.14      6.4e-07  -0.99    
   0.99     -0.032    -0.16     -0.031    -1         0.0052   -0.16      6.4e-07  -0.99    
   0.16      0.36     -0.92     -0.28      0.91      0.3       0.95      0.21      0.25    
   0.25      0.15     -0.96      0.027     0.99      0.16      0.97     -0.065     0.25    
   0.98      0.043     0.21     -0.058     1         0.065    -0.2      -0.075     0.98    
   0.6      -0.069     0.8      -0.021     0.99      0.1      -0.8      -0.079     0.6     
   0.6       0.01      0.8      -0.0055    1        -0.0088   -0.8       0.00088   0.6     
   0.98      0.11     -0.17      0.071     0.59      0.8       0.19     -0.8       0.57    
   0.62     -0.72     -0.31      0.57      0.15      0.8      -0.53     -0.68      0.51    
   0.6       0.034     0.8      -0.023     1        -0.025    -0.8      -0.0038    0.6     
   0.09     -0.99     -0.1       1         0.093    -0.023     0.032    -0.098     0.99    
  -0.015    -0.37     -0.93      1        -0.049     0.0033   -0.047    -0.93      0.37    
  -0.03     -0.6       0.8       1        -0.084    -0.025     0.082     0.8       0.6     
   0.6       0.0035    0.8      -0.015     1         0.0068   -0.8      -0.016     0.6     
   0.6       0.59      0.55     -0.019     0.69     -0.72     -0.8       0.42      0.43    
   0.58     -0.8      -0.14      0.26      0.024     0.96     -0.77     -0.6       0.22    
  -0.015     0.5       0.86     -1        -0.029    -0.00045   0.025    -0.86      0.5     
  -0.78     -0.14      0.6      -0.0073    0.98      0.22     -0.62      0.17     -0.77    
  -0.78      0.16      0.6       0.0032    0.97     -0.26     -0.62     -0.2      -0.76    
  -0.82      0.14      0.56     -0.55     -0.45     -0.7       0.15     -0.88      0.45    
   0.81      0.16      0.57     -0.58      0.44      0.69     -0.14     -0.88      0.45    
   0.11     -0.89      0.43     -0.57     -0.42     -0.71      0.82     -0.16     -0.55    
  -0.48      0.83     -0.29     -0.25     -0.45     -0.86     -0.84     -0.34      0.42    
   0.6       0.8      -0.011    -0.005    -0.011    -1        -0.8       0.6      -0.0023  
   0.32      0.0094    0.95     -0.017     1        -0.0042   -0.95     -0.015     0.32    
   0.14      0.38     -0.91      0.76     -0.63     -0.15     -0.63     -0.67     -0.38    
  -0.84     -0.035    -0.54     -0.0027   -1         0.068    -0.54      0.059     0.84    
  -0.96      0.27     -0.0025    0.019     0.058    -1        -0.27     -0.96     -0.061   
  -0.032     0.6      -0.8       1         0.052    -0.0016    0.041    -0.8      -0.6     
  -0.13      0.63     -0.76      0.99      0.049    -0.13     -0.042    -0.77     -0.63    
   0.69     -0.72     -0.077     0.12      0.01      0.99     -0.72     -0.69      0.096   
   0.061     0.95      0.3       0.36     -0.3       0.88      0.93      0.053    -0.36    
   0.86      0.13     -0.49      0.5      -0.21      0.84      0.0035   -0.97     -0.24    
   0.043     0.96      0.27     -0.51     -0.21      0.84      0.86     -0.17      0.48    
   0.69     -0.72     -0.054     0.081     0.0033    1        -0.72     -0.69      0.061   
   0.92      0.34     -0.2      -0.4       0.71     -0.59     -0.058     0.62      0.78    
   0.68     -0.72     -0.14      0.2      -0.00071   0.98     -0.71     -0.69      0.14    
   0.2      -0.72     -0.66      0.96      0.0034    0.29     -0.2      -0.69      0.69    
  -0.032    -0.72     -0.69      1         0.0047   -0.052     0.041    -0.69      0.72    
   0.72      0.69     -0.033    -0.0035    0.051     1         0.69     -0.72      0.04    
   0.014    -0.72      0.69     -1         0.0097    0.03     -0.029    -0.69     -0.72    
   0.048    -0.72      0.69     -1         0.0039    0.073    -0.055    -0.69     -0.72    
   0.72      0.059     0.69      0.0017   -1         0.084     0.69     -0.06     -0.72    
   0.72      0.038     0.69     -0.0048   -1         0.061     0.69     -0.047    -0.72    
  -1        -0.029    -0.015    -0.03      1         0.043     0.014     0.044    -1       
   0.059     1        -0.042     0.4       0.014     0.92      0.91     -0.071    -0.4     
  -0.28     -0.54     -0.79     -0.67      0.7      -0.24      0.69      0.46     -0.56    
  -0.89     -0.45      0.091    -0.31      0.73      0.6      -0.34      0.51     -0.79    
   0.096     1        -0.016    -0.47      0.059     0.88      0.88     -0.077     0.47    
  -0.92      0.35      0.15      0.27      0.87     -0.41     -0.28     -0.34     -0.9     
  -0.89     -0.42     -0.15     -0.33      0.85     -0.41      0.3      -0.32     -0.9     
  -0.9       0.41     -0.16      0.26      0.78      0.57      0.36      0.46     -0.81    
  -1        -0.036    -0.027    -0.037     1         0.047     0.025     0.048    -1       
   0.012     1        -0.039    -0.035     0.04      1         1        -0.011     0.036   
  -0.31      0.23     -0.92      0.62      0.79     -0.015     0.72     -0.57     -0.38    
  -1         0.019    -0.033    -0.033    -0.04      1         0.018     1         0.04    
  -0.44      0.89     -0.14     -0.022     0.14      0.99      0.9       0.44     -0.043   
  -0.009     1        -0.084     1         0.013     0.045     0.046    -0.084    -1       
  -0.057     1         0.014     1         0.056     0.029     0.028     0.016    -1       
   0.019     1        -0.041    -0.04      0.042     1         1        -0.017     0.041   
  -1        -0.017    -0.032    -0.018     1         0.042     0.032     0.042    -1       
   0.053     1        -0.036    -0.049     0.039     1         1        -0.052     0.051   
   0.24      0.97      0.062     0.95     -0.25      0.16      0.17      0.02     -0.99    
  -1         0.072    -0.033    -0.036    -0.041     1         0.071     1         0.044   
  -0.037     0.0036   -1         0.83     -0.55     -0.033    -0.55     -0.83      0.018   
  -0.033    -0.019    -1         1         0.034    -0.033     0.035    -1         0.017   
  -0.035     0.95     -0.3       1         0.046     0.029     0.041    -0.3      -0.95    
  -0.046    -0.058    -1        -0.47     -0.88      0.073    -0.88      0.47      0.014   
   0.094    -0.015    -1         1        -0.0028    0.094    -0.0043   -1         0.015   
   0.0012    0.033    -1         0.04     -1        -0.033    -1        -0.04     -0.0025  
  -0.036     0.58     -0.81      1         0.059    -0.0021    0.047    -0.81     -0.59    
   1         0.029     0.024     0.033    -0.37     -0.93     -0.018     0.93     -0.37    
   1        -0.06     -0.036    -0.063    -0.55     -0.83      0.03      0.83     -0.56    
   0.99      0.037    -0.093     0.012    -0.97     -0.25     -0.099     0.25     -0.96    
   1         0.026     0.057     0.0059   -0.95      0.33      0.062    -0.33     -0.94    
   1         0.0074   -0.018    -0.019     0.28     -0.96     -0.002     0.96      0.28    
   0.019    -1         0.033    -0.04     -0.033    -1         1         0.018    -0.04    
   0.99      0.024    -0.11      0.064    -0.92      0.38     -0.09     -0.39     -0.92    
   1         0.033    -0.019     0.033    -1         0.04     -0.018    -0.04     -1       
   0.0022   -1         0.038     0.41     -0.033    -0.91      0.91      0.018     0.41    
   0.019    -1         0.033    -0.04     -0.033    -1         1         0.018    -0.04    
   1         0.033    -0.019     0.033    -1         0.04     -0.018    -0.04     -1       
   0.019    -1         0.033    -0.04     -0.033    -1         1         0.018    -0.04    
   1         0.033    -0.019     0.033    -1         0.04     -0.018    -0.04     -1       
   0.033    -1        -0.019    -1        -0.033     0.04     -0.04      0.018    -1       
   0.037    -1         0.0077   -0.77     -0.033    -0.64      0.64      0.018    -0.77    
   1         0.033    -0.019     0.033    -1         0.04     -0.018    -0.04     -1       
   1         0.015     0.035     0.033     0.069    -1        -0.018     1         0.069   
   0.98      0.21      0.0049    0.18     -0.8      -0.58     -0.12      0.56     -0.82    
   0.98      0.19     -0.035     0.17     -0.72      0.67      0.1      -0.66     -0.74    
   0.033    -1        -0.019    -1        -0.033     0.04     -0.04      0.018    -1       
   1         0.019     0.033     0.033    -0.04     -1        -0.018     1        -0.04    
   1         0.025     0.028     0.033    -0.25     -0.97     -0.018     0.97     -0.25    
   1         0.019     0.033     0.033    -0.04     -1        -0.018     1        -0.04    
   0.33     -0.8       0.5      -0.91     -0.4      -0.049     0.24     -0.44     -0.87    
   0.34     -0.79     -0.51     -0.88     -0.46      0.13     -0.34      0.41     -0.85    
   0.33     -0.81      0.48      0.27     -0.41     -0.87      0.9       0.42      0.084   
   0.038    -1         0.041    -0.036    -0.042    -1         1         0.036    -0.038   
  -0.026    -0.44      0.9      -1         0.022    -0.018    -0.012    -0.9      -0.44    
   0.014    -1         0.033    -0.04     -0.033    -1         1         0.013    -0.04    
   1        -0.056     0.037     0.064     0.64     -0.77      0.02      0.77      0.64    
   1         0.024    -0.029     0.033    -0.92      0.4      -0.018    -0.4      -0.92    
  -0.3      -0.83     -0.46     -0.91      0.39     -0.11      0.27      0.39     -0.88    
   1         0.036     0.011     0.033    -0.7      -0.71     -0.018     0.71     -0.7     
   1         0.0062    0.0019   -0.00012   0.31     -0.95     -0.0065    0.95      0.31    
   0.0068    0.037     1         0.3      -0.95      0.033     0.95      0.3      -0.018   
   0.75      0.24      0.61      0.62      0.066    -0.78     -0.23      0.97     -0.1     
   0.051    -0.013     1        -0.44     -0.9       0.011     0.9      -0.44     -0.052   
   0.052    -0.018     1        -0.46     -0.89      0.0076    0.89     -0.46     -0.054   
   1         0.029     0.06      0.066    -0.39     -0.92     -0.0037    0.92     -0.39    
   1         0.0089    0.033     0.033    -0.04     -1        -0.0075    1        -0.04    
   0.022    -1        -0.031    -0.89     -0.033     0.46     -0.46      0.018    -0.89    
   1         0.029    -0.011     0.00074  -0.39     -0.92     -0.031     0.92     -0.39    
   1         0.0061    0.073     0.067     0.32     -0.95     -0.029     0.95      0.32    
   0.17     -0.25      0.95     -0.96     -0.26      0.097     0.22     -0.93     -0.29    
   0.11      0.038     0.99     -0.95      0.31      0.097    -0.3      -0.95      0.071   
   0.016     0.059     1         0.46     -0.89      0.045     0.89      0.45     -0.041   
  -0.091    -0.069     0.99     -0.043    -1        -0.074     0.99     -0.05      0.088   
   1        -0.0085    0.037     0.033     0.65     -0.76     -0.018     0.76      0.65    
   1         0.036     0.011     0.033    -0.7      -0.71     -0.018     0.71     -0.7     
   1         0.023     0.014     0.017    -0.17     -0.99     -0.02      0.99     -0.17    
   1         0.014     0.051     0.049     0.12     -0.99     -0.019     0.99      0.12    
   0.037    -0.044     1        -0.93     -0.36      0.019     0.36     -0.93     -0.054   
   1         0.037     0.043     0.045    -0.049    -1        -0.035     1        -0.05    
   0.84      0.053    -0.54     -0.54      0.013    -0.84     -0.037     1         0.04    
   0.82      0.019    -0.58     -0.58     -0.04     -0.82     -0.038     1        -0.022   
   0.73     -0.0087    0.69      0.69     -0.011    -0.73      0.014     1        -0.0017  
  -0.16      0.43      0.89      0.15     -0.88      0.45      0.98      0.2       0.075   
   0.3      -0.82     -0.48     -0.29      0.4      -0.87      0.91      0.4      -0.12    
  -0.67     -0.019     0.74     -0.74      0.04     -0.67     -0.017    -1        -0.041   
   0.52     -0.85     -0.018    -0.043    -0.005    -1         0.85      0.52     -0.039   
   1        -0.024     0.021     0.0075   -0.45     -0.89      0.031     0.89     -0.45    
   1         0.0034    0.038     0.033     0.38     -0.92     -0.018     0.92      0.38    
   0.84     -0.54     -0.0033   -0.5      -0.78     -0.39      0.2       0.33     -0.92    
   0.71      0.16      0.69     -0.67     -0.13      0.73      0.21     -0.98      0.016   
   1         0.038    -0.0012    0.033    -0.9      -0.44     -0.018     0.44     -0.9     
   1         0.019     0.033     0.033    -0.04     -1        -0.018     1        -0.04    
   1         0.019     0.033     0.033    -0.04     -1        -0.018     1        -0.04    
   0.03     -1         0.023    -0.43     -0.033    -0.9       0.9       0.018    -0.43    
   1         0.055    -0.034     0.065    -0.79      0.6       0.0062   -0.61     -0.8     
   1         0.068     0.014     0.054    -0.64     -0.77     -0.043     0.77     -0.64    
   0.73      0.019    -0.68     -0.68     -0.04     -0.73     -0.041     1        -0.016   
  -0.67     -0.019     0.75     -0.75      0.04     -0.66     -0.017    -1        -0.041   
   0.0059   -1         0.037     0.32     -0.033    -0.95      0.95      0.018     0.32    
   0.98      0.12      0.18      0.18      0.034    -0.98     -0.13      0.99      0.011   
   1         0.019     0.033     0.033    -0.04     -1        -0.018     1        -0.04    
   1         0.033     0.038     0.015     0.52     -0.85     -0.048     0.85      0.52    
   0.0046   -1         0.037     0.35     -0.033    -0.93      0.94      0.018     0.35    
  -0.5      -0.87     -0.028    -0.02      0.044    -1         0.87     -0.5      -0.039   
   1         0.019     0.033     0.033    -0.04     -1        -0.018     1        -0.04    
  -0.48     -0.87      0.092    -0.081    -0.061    -0.99      0.87     -0.49     -0.041   
   0.98     -0.065    -0.16     -0.091    -0.98     -0.16     -0.15      0.17     -0.97    
   1         0.037    -0.0083    0.033    -0.97     -0.26     -0.018     0.26     -0.97    
   0.99     -0.096    -0.14     -0.12      0.15     -0.98      0.11      0.98      0.14    
   1         0.019     0.033     0.033    -0.04     -1        -0.018     1        -0.04    
   0.81      0.58     -0.031     0.53     -0.71      0.46      0.25     -0.39     -0.89    
   0.53     -0.85      0.099     0.017    -0.11     -0.99      0.85      0.52     -0.041   
   0.033    -0.019     1        -1         0.04      0.033    -0.04     -1        -0.018   
   0.98     -0.062     0.17      0.16     -0.24     -0.96      0.1       0.97     -0.23    
   0.069     0.5       0.86     -0.011    -0.86      0.51      1        -0.044    -0.054   
   0.87     -0.5      -0.031    -0.43     -0.78      0.46     -0.25     -0.39     -0.89    
  -0.2      -0.9      -0.39      0.18      0.36     -0.92      0.96     -0.25      0.09    
  -0.2      -0.89      0.4      -0.94      0.28      0.17     -0.26     -0.35     -0.9     
   0.66      0.72      0.21      0.3       0.0055   -0.95     -0.69      0.69     -0.21    
   0.31     -0.019     0.95     -0.95      0.04      0.31     -0.044    -1        -0.0059  
   0.014     0.033     1        -0.04     -1         0.034     1        -0.04     -0.013   
   0.96      0.016     0.29     -0.29      0.16      0.95     -0.029    -0.99      0.15    
   0.96     -0.054     0.28     -0.29     -0.077     0.95     -0.029    -1        -0.089   
   0.96     -0.019     0.29     -0.29      0.038     0.96     -0.029    -1         0.031   
   0.96     -0.019     0.29     -0.29      0.04      0.96     -0.029    -1         0.033   
   1         0.033    -0.019     0.033    -1         0.04     -0.018    -0.04     -1       
  -0.019    -0.033     1         0.04      1         0.033    -1         0.04     -0.018   
  -0.019     0.21      0.98      0.04      0.98     -0.21     -1         0.035    -0.027   
  -0.044    -0.019     1        -1         0.04     -0.043    -0.039    -1        -0.021   
  -0.94      0.024     0.35     -0.35     -0.074    -0.93      0.0038   -1         0.078   
  -0.94     -0.061     0.34     -0.35      0.15     -0.92      0.0038   -0.99     -0.16    
  -0.94     -0.019     0.35     -0.35      0.04     -0.94      0.0038   -1        -0.044   
  -0.94     -0.019     0.35     -0.35      0.04     -0.94      0.0038   -1        -0.044   
   1         0.033    -0.019     0.033    -1         0.04     -0.018    -0.04     -1       
  -0.019    -0.033     1         0.04      1         0.033    -1         0.04     -0.018   
  -0.019    -0.27      0.96      0.04      0.96      0.27     -1         0.043    -0.0073  
   0.11     -0.019     0.99     -0.99      0.04      0.11     -0.042    -1        -0.014   
  -0.94      0.025     0.35     -0.35     -0.078    -0.93      0.0038   -1         0.082   
  -0.94     -0.063     0.34     -0.35      0.16     -0.92      0.0038   -0.99     -0.17    
  -0.94     -0.019     0.35     -0.35      0.04     -0.94      0.0038   -1        -0.044   
  -0.94     -0.019     0.35     -0.35      0.04     -0.94      0.0038   -1        -0.044   
   0.96      0.017     0.29     -0.29      0.16      0.94     -0.029    -0.99      0.16    
   0.96     -0.055     0.28     -0.29     -0.081     0.95     -0.029    -1        -0.093   
   0.96     -0.019     0.29     -0.29      0.04      0.96     -0.029    -1         0.033   
   0.96     -0.019     0.29     -0.29      0.04      0.96     -0.029    -1         0.033   
  -0.08      1         0.042    -0.42      0.004    -0.91     -0.9      -0.091     0.42    
  -0.17      0.98      0.041     0.48      0.12     -0.87     -0.86     -0.13     -0.49    
  -0.99     -0.081     0.06     -0.062     0.027    -1         0.079    -1        -0.032   
  -0.99     -0.078    -0.14     -0.072     1        -0.05      0.15     -0.038    -0.99    
  -0.46      0.84      0.29     -0.21      0.21     -0.95     -0.86     -0.5       0.083   
  -1        -0.024     0.029    -0.033     0.2      -0.98      0.018    -0.98     -0.2     
  -0.97     -0.083     0.25     -0.021     0.97      0.24     -0.26      0.23     -0.94    
  -1        -0.033    -0.019    -0.033     1         0.04      0.018     0.04     -1       
  -0.99     -0.029    -0.15      0.12      0.39     -0.91      0.084    -0.92     -0.38    
  -0.99     -0.019    -0.13      0.12      0.04     -0.99      0.024    -1        -0.037   
  -1        -0.033    -0.019    -0.033     1         0.04      0.018     0.04     -1       
  -1        -0.019     0.033    -0.033     0.04     -1         0.018    -1        -0.04    
  -0.99     -0.11      0.033    -0.037     0.037    -1         0.1      -0.99     -0.04    
  -0.99     -0.11     -0.072     0.068     0.035    -1         0.11     -0.99     -0.027   
  -1        -0.024    -0.045     0.039     0.21     -0.98      0.033    -0.98     -0.21    
  -1         0.086     0.033    -0.029     0.043    -1        -0.087    -1        -0.04    
  -0.97     -0.024    -0.23     -0.035     1         0.044     0.23      0.051    -0.97    
  -1        -0.033    -0.019    -0.033     1         0.04      0.018     0.04     -1       
  -1        -0.033    -0.019    -0.033     1         0.04      0.018     0.04     -1       
  -1        -0.033    -0.019    -0.033     1         0.04      0.018     0.04     -1       
  -1        -0.033    -0.019    -0.033     1         0.04      0.018     0.04     -1       
  -1        -0.033    -0.019    -0.033     1         0.04      0.018     0.04     -1       
   0.017     1         0.048     0.022     0.047    -1        -1         0.018    -0.022   
  -1        -0.067    -0.051     0.039    -0.9       0.43     -0.074     0.42      0.9     
   0.065    -0.72     -0.69     -0.0021   -0.69      0.73     -1        -0.046    -0.046   
   0.071     1        -0.01      0.28     -0.03     -0.96     -0.96      0.066    -0.28    
  -0.0057    0.071     1         1         0.0084    0.0051   -0.008     1        -0.071   
  -0.7      -0.71     -0.052     0.41     -0.46      0.79     -0.59      0.53      0.61    
   0.56      0.14      0.82      0.63      0.57     -0.53     -0.54      0.81      0.23    
  -0.62      0.51      0.6       0.5      -0.33      0.8       0.6       0.8      -0.051   
  -0.71     -0.7       0.04     -0.41      0.46      0.79     -0.57      0.55     -0.61    
   0.25      0.0052    0.97      0.0017   -1         0.0049    0.97      0.00046  -0.25    
   1         0.064    -0.021     0.029    -0.14      0.99      0.06     -0.99     -0.14    
  -0.08      0.0016    1         0.7      -0.71      0.057     0.71      0.71      0.055   
  -0.26     -0.0052    0.97      0.69     -0.7       0.18      0.68      0.71      0.19    
  -0.12      0.15      0.98     -0.66     -0.75      0.032     0.74     -0.64      0.19    
  -0.057    -0.31      0.95      0.009    -0.95     -0.31      1        -0.0091    0.057   
   1         0.063    -0.021     0.03     -0.16      0.99      0.059    -0.99     -0.16    
  -0.28      0.96     -0.011    -0.61     -0.17      0.77      0.74      0.22      0.63    
  -0.27     -0.16      0.95      0.73      0.6       0.31     -0.62      0.78     -0.05    
   0.021     0.98     -0.19      0.034     0.19      0.98      1        -0.027    -0.03    
  -0.065     0.0048    1         0.013    -1         0.0056    1         0.013     0.065   
  -0.19     -0.037     0.98      0.02     -1        -0.034     0.98      0.013     0.19    
   0.21     -0.97      0.12      0.65      0.23      0.72     -0.73     -0.071     0.68    
   0.75      0.4      -0.52      0.49     -0.87      0.037    -0.44     -0.28     -0.85    
   0.94      0.26      0.24      0.21     -0.95      0.23      0.29     -0.16     -0.94    
   0.33     -0.7       0.63     -0.8      -0.57     -0.21      0.5      -0.43     -0.75    
   0.83      0.53      0.17      0.32     -0.7       0.64      0.46     -0.48     -0.75    
   0.65     -0.76     -0.028    -0.71     -0.62      0.33     -0.26     -0.19     -0.95    
   0.14     -0.97      0.19      0.31      0.22      0.92     -0.94     -0.065     0.34    
   0.065    -0.97      0.23     -0.013     0.23      0.97     -1        -0.066     0.0024  
  -0.97      0.23      0.0059    0.23      0.97      0.00096  -0.0055    0.0023   -1       
  -0.014     0.97      0.23     -0.023    -0.23      0.97      1         0.0082    0.026   
   0.0055    0.97      0.22      0.021    -0.22      0.97      1        -0.00064  -0.022   
  -0.97     -0.0062    0.23      0.23      0.033     0.97     -0.013     1        -0.03    
  -0.97     -0.01      0.22      0.22     -0.0093    0.97     -0.0078    1         0.011   
  -1         0.0083   -0.01      0.01      0.0011   -1        -0.0083   -1        -0.0012  
  -1         0.0044   -0.012     0.012     0.0092   -1        -0.0043   -1        -0.0092  
  -1         0.0098   -0.012     0.012     0.0032   -1        -0.0097   -1        -0.0034  
  -0.87     -0.19      0.46     -0.46     -0.022    -0.89      0.17     -0.98     -0.067   
  -1         0.021     0.02      0.023     0.99      0.11     -0.018     0.11     -0.99    
   0.076     1        -0.0086   -0.00025  -0.0086   -1        -1         0.076    -0.0004  
  -0.065     1        -0.012     0.0014   -0.012    -1        -1        -0.065    -0.00066 
   0.28     -0.96      0.03     -0.87     -0.27     -0.42      0.41      0.091    -0.91    
  -0.99      0.1      -0.087     0.1       0.17     -0.98     -0.088    -0.98     -0.18    
  -1         0.031     0.069     0.032     1         0.0083   -0.069     0.01     -1       
   0.28     -0.96     -0.023    -0.88     -0.27      0.38     -0.37     -0.087    -0.92    
  -0.88      0.2       0.44     -0.44      0.024    -0.9      -0.19     -0.98      0.068   
  -0.076     1         0.016     0.1       0.024    -0.99     -0.99     -0.074    -0.1     
  -0.23     -0.97      0.045    -0.91      0.19     -0.37      0.36     -0.13     -0.93    
  -1         0.014     0.06      0.012     1        -0.037    -0.061    -0.036    -1       
  -0.87      0.19     -0.46      0.47     -0.032    -0.88     -0.19     -0.98     -0.062   
  -0.88     -0.18     -0.44      0.44      0.028    -0.9       0.18     -0.98      0.057   
  -0.21     -0.98     -0.041    -0.9       0.18      0.4      -0.39      0.12     -0.91    
  -0.58      0.82     -0.012     0.0075   -0.0094   -1        -0.82     -0.58     -0.00066 
   0.002     1        -0.012     0.00065  -0.012    -1        -1         0.002    -0.00068 
   0.092     0.015    -1        -0.055     1         0.01      0.99      0.054     0.093   
   0.011    -0.98      0.2       1         0.0073   -0.02      0.018     0.2       0.98    
  -1        -0.0083   -0.0019    0.0084   -1        -0.037    -0.0016   -0.037     1       
  -1        -0.012    -0.028     0.013    -1        -0.039    -0.028    -0.039     1       
   0.018    -0.79     -0.61      1         0.04     -0.023     0.043    -0.61      0.79    
   0.0081    0.94     -0.35      0.039    -0.35     -0.94     -1        -0.0059   -0.04    
   0.058     0.84     -0.53     -0.056    -0.53     -0.85     -1         0.079     0.017   
  -0.073     0.27     -0.96      0.016    -0.96     -0.28     -1        -0.036     0.066   
   0.088    -0.3      -0.95      0.014    -0.95      0.3      -1        -0.04     -0.08    
   0.025     0.95      0.31     -0.013     0.31     -0.95     -1         0.02      0.02    
   1        -0.0081   -0.012    -0.012    -0.039    -1         0.0077    1        -0.039   
  -0.065    -0.36     -0.93      0.068    -0.93      0.36     -1        -0.04      0.085   
   0.0081   -0.012    -1         0.039    -1         0.012    -1        -0.039    -0.0077  
   0.9      -0.0081    0.44      0.44     -0.039    -0.9       0.025     1        -0.032   
   1        -0.0081   -0.012    -0.012    -0.039    -1         0.0077    1        -0.039   
   0.0081   -0.012    -1         0.039    -1         0.012    -1        -0.039    -0.0077  
   1        -0.0081   -0.012    -0.012    -0.039    -1         0.0077    1        -0.039   
   0.0081   -0.012    -1         0.039    -1         0.012    -1        -0.039    -0.0077  
  -0.012    -0.0081   -1        -1        -0.039     0.012    -0.039     1        -0.0077  
   0.66     -0.0081   -0.75     -0.75     -0.039    -0.66     -0.024     1        -0.032   
   0.0081   -0.012    -1         0.039    -1         0.012    -1        -0.039    -0.0077  
   0.0081    1         0.097     0.039     0.097    -0.99     -1         0.012    -0.038   
  -0.098     0.59     -0.8       0.18     -0.78     -0.6      -0.98     -0.2      -0.03    
   0.13     -0.64     -0.76      0.18     -0.74      0.65     -0.98     -0.22      0.019   
  -0.012    -0.0081   -1        -1        -0.039     0.012    -0.039     1        -0.0077  
   0.0081    1        -0.012     0.039    -0.012    -1        -1         0.0077   -0.039   
   0.0081    0.98     -0.22      0.039    -0.22     -0.97     -1        -0.00073  -0.04    
   0.0081    1        -0.012     0.039    -0.012    -1        -1         0.0077   -0.039   
   0.27     -0.45     -0.85     -0.9      -0.42     -0.069    -0.33      0.79     -0.52    
  -0.31      0.4      -0.86     -0.89     -0.45      0.1      -0.35      0.8       0.49    
   0.9       0.41      0.12      0.3      -0.4      -0.87     -0.31      0.82     -0.49    
   1         0.011    -0.0088   -0.0082   -0.047    -1        -0.011     1        -0.047   
   0.015    -0.91     -0.41     -1        -0.0056   -0.024     0.02      0.41     -0.91    
   1        -0.013    -0.012    -0.012    -0.039    -1         0.013     1        -0.039   
   0.044     0.75      0.66      0.071     0.66     -0.75     -1         0.08     -0.024   
   0.0081   -0.37     -0.93      0.039    -0.93      0.37     -1        -0.039     0.0071  
   0.29      0.36     -0.89     -0.91      0.39     -0.14      0.3       0.85      0.44    
   0.0081    0.73     -0.68      0.039    -0.68     -0.73     -1        -0.021    -0.034   
   0.02      0.94      0.34      0.0061    0.34     -0.94     -1         0.021     0.0011  
   0.95      0.33      0.0081    0.33     -0.94      0.039     0.02     -0.034    -1       
  -0.23      0.97     -0.063     0.61      0.094    -0.78     -0.75     -0.22     -0.62    
   0.91     -0.41     -0.025    -0.41     -0.91      0.016    -0.03     -0.0039   -1       
   0.9      -0.44     -0.028    -0.44     -0.9       0.013    -0.031     0.00095  -1       
   0.021     0.93     -0.36      0.072    -0.36     -0.93     -1        -0.0066   -0.075   
   0.018     1        -0.012     0.039    -0.012    -1        -1         0.018    -0.039   
  -0.43     -0.0081   -0.9      -0.9      -0.039     0.43     -0.039     1         0.0096  
  -0.0047    0.93     -0.36      0.0063   -0.36     -0.93     -1        -0.0066   -0.0042  
  -0.004     0.94      0.34      0.073     0.34     -0.94     -1         0.021    -0.069   
   0.26     -0.93     -0.26     -0.95     -0.29      0.095    -0.16      0.23     -0.96    
  -0.27     -0.96      0.094    -0.95      0.28      0.11     -0.13     -0.062    -0.99    
   0.88      0.48     -0.015     0.48     -0.88      0.05      0.011    -0.051    -1       
   0.99     -0.024     0.12     -0.016    -1        -0.065     0.12      0.062    -0.99    
   0.0081    0.74      0.67      0.039     0.67     -0.74     -1         0.032    -0.024   
   0.0081    0.73     -0.68      0.039    -0.68     -0.73     -1        -0.021    -0.034   
   0.0058    0.99     -0.14      0.023    -0.14     -0.99     -1         0.0025   -0.024   
   0.0058    0.99      0.15      0.055     0.14     -0.99     -1         0.014    -0.054   
   0.39     -0.92     -0.028    -0.92     -0.39      0.024    -0.033     0.017    -1       
  -0.0098    1        -0.021     0.051    -0.021    -1        -1        -0.011    -0.05    
   1.5e-05   1         0.049    -0.54      0.041    -0.84     -0.84     -0.026     0.54    
  -0.00058   1        -0.014    -0.57     -0.012    -0.82     -0.82      0.0077    0.57    
   0.014     1         0.037     0.69      0.017    -0.72     -0.72      0.035    -0.69    
   0.97      0.24      0.086     0.17     -0.87      0.46      0.18     -0.43     -0.89    
   0.92      0.37     -0.11     -0.26      0.4      -0.88     -0.28      0.84      0.47    
  -0.014    -1        -0.0022   -0.75      0.012    -0.66      0.66     -0.0077   -0.75    
   0.87      0.5      -0.012    -0.016     0.0039   -1        -0.5       0.87      0.011   
   0.057     0.9      -0.42      0.015    -0.42     -0.91     -1         0.046    -0.038   
   0.0081    0.91      0.41      0.039     0.41     -0.91     -1         0.023    -0.033   
   0.24      0.33     -0.91     -0.49     -0.77     -0.41     -0.84      0.54     -0.024   
   0.25     -0.97      0.014    -0.66     -0.16      0.73     -0.71     -0.19     -0.68    
   0.0081    0.46     -0.89      0.039    -0.89     -0.46     -1        -0.031    -0.025   
   0.0081    1        -0.012     0.039    -0.012    -1        -1         0.0077   -0.039   
   0.0081    1        -0.012     0.039    -0.012    -1        -1         0.0077   -0.039   
   0.91     -0.0081   -0.4      -0.4      -0.039    -0.91     -0.0084    1        -0.039   
   0.031    -0.58     -0.81      0.071    -0.81      0.58     -1        -0.076     0.016   
  -0.018     0.79     -0.62      0.06     -0.62     -0.79     -1        -0.051    -0.036   
  -0.0025    1        -0.014    -0.68     -0.012    -0.73     -0.73      0.0077    0.68    
  -0.014    -1        -0.0021   -0.75      0.012    -0.66      0.66     -0.0077   -0.75    
   0.94     -0.0081    0.35      0.35     -0.039    -0.94      0.021     1        -0.034   
  -0.11      0.99      0.044     0.18      0.062    -0.98     -0.98     -0.096    -0.18    
   0.0081    1        -0.012     0.039    -0.012    -1        -1         0.0077   -0.039   
  -0.021     0.84      0.55      0.02      0.55     -0.84     -1        -0.0069   -0.028   
   0.92     -0.0081    0.38      0.38     -0.039    -0.92      0.022     1        -0.033   
   0.85     -0.52     -0.012     0.00077   0.025    -1         0.52      0.85      0.021   
   0.0081    1        -0.012     0.039    -0.012    -1        -1         0.0077   -0.039   
   0.86     -0.51     -0.011    -0.06     -0.08     -1         0.5       0.86     -0.099   
  -0.12      0.19     -0.97     -0.089    -0.98     -0.18     -0.99      0.064     0.14    
   0.0081    0.29     -0.96      0.039    -0.96     -0.29     -1        -0.035    -0.019   
   0.14      0.98      0.16     -0.11      0.18     -0.98     -0.98      0.12      0.14    
   0.0081    1        -0.012     0.039    -0.012    -1        -1         0.0077   -0.039   
   0.25     -0.36     -0.9       0.54     -0.72      0.44     -0.8      -0.6       0.0099  
   0.86      0.5      -0.011     0.044    -0.097    -0.99     -0.5       0.86     -0.11    
  -0.012    -1         0.0081   -1         0.012     0.039    -0.039    -0.0077   -1       
   0.12      0.97     -0.2       0.16     -0.21     -0.96     -0.98      0.086    -0.19    
   1        -0.0064   -0.045     0.017    -0.86      0.51     -0.042    -0.51     -0.86    
  -0.22     -0.38     -0.9      -0.43     -0.79      0.44     -0.88      0.48      0.0098  
   0.95     -0.28      0.1       0.2       0.34     -0.92      0.22      0.9       0.38    
  -0.24     -0.38     -0.89     -0.95      0.27      0.14      0.19      0.88     -0.43    
  -0.68      0.71     -0.18      0.29      0.029    -0.96     -0.68     -0.7      -0.22    
  -0.0089   -1         0.011    -0.95      0.012     0.32     -0.32     -0.0073   -0.95    
   1        -0.011     0.013    -0.012    -1         0.04      0.013    -0.04     -1       
   0.0042   -0.99      0.13     -0.27      0.13      0.96     -0.96     -0.04     -0.26    
   0.0042   -0.99     -0.11     -0.27     -0.11      0.96     -0.96      0.025    -0.27    
   0.0042   -1         0.012    -0.27      0.011     0.96     -0.96     -0.0073   -0.27    
   0.0042   -1         0.014    -0.27      0.012     0.96     -0.96     -0.0077   -0.27    
   0.0082   -0.012    -1         0.047    -1         0.012    -1        -0.047    -0.0077  
  -1         0.012     0.0082    0.012     1         0.047    -0.0077    0.047    -1       
  -1         0.013     0.0052    0.012     0.98     -0.2      -0.0077   -0.19     -0.98    
  -0.012    -1         0.0073   -1         0.012    -0.029     0.029    -0.0077   -1       
  -0.011    -0.99      0.11     -0.35     -0.1      -0.93      0.94     -0.05     -0.34    
  -0.011    -0.99     -0.13     -0.35      0.13     -0.93      0.94      0.035    -0.35    
  -0.011    -1        -0.0086   -0.35      0.012    -0.94      0.94     -0.0077   -0.35    
  -0.011    -1        -0.0086   -0.35      0.012    -0.94      0.94     -0.0077   -0.35    
   0.0081   -0.012    -1         0.039    -1         0.012    -1        -0.039    -0.0077  
  -1         0.012     0.0081    0.012     1         0.039    -0.0077    0.039    -1       
  -1         0.0094    0.011     0.012     0.96      0.28     -0.0077    0.28     -0.96    
  -0.011    -1         0.009    -0.99      0.012     0.12     -0.12     -0.0077   -0.99    
  -0.011    -0.99      0.12     -0.35     -0.11     -0.93      0.94     -0.051    -0.34    
  -0.011    -0.99     -0.13     -0.35      0.13     -0.93      0.94      0.036    -0.35    
  -0.011    -1        -0.0086   -0.35      0.012    -0.94      0.94     -0.0077   -0.35    
  -0.011    -1        -0.0086   -0.35      0.012    -0.94      0.94     -0.0077   -0.35    
   0.0041   -0.99      0.14     -0.27      0.13      0.95     -0.96     -0.042    -0.27    
   0.0041   -0.99     -0.11     -0.27     -0.11      0.96     -0.96      0.026    -0.27    
   0.0041   -1         0.014    -0.27      0.012     0.96     -0.96     -0.0077   -0.27    
   0.0041   -1         0.014    -0.27      0.012     0.96     -0.96     -0.0077   -0.27    
  -0.89     -0.064     0.45     -0.45      0.0079   -0.89      0.054    -1        -0.036   
  -0.88     -0.11     -0.47      0.46      0.12     -0.88      0.15     -0.99     -0.059   
   0.054    -1        -0.0027   -0.066    -0.00092  -1         1         0.054    -0.066   
   0.12     -0.068    -0.99     -0.074     0.99     -0.078     0.99      0.083     0.12    
  -0.87     -0.48      0.12     -0.24      0.2      -0.95      0.43     -0.85     -0.29    
  -0.0062   -1        -0.013     0.12      0.012    -0.99      0.99     -0.0077    0.12    
  -0.0062   -1        -0.013     0.12      0.012    -0.99      0.99     -0.0077    0.12    
  -0.0081    0.012    -1        -0.039     1         0.012     1         0.039    -0.0077  
  -0.67     -0.11     -0.74      0.74     -0.067    -0.66      0.024    -0.99      0.13    
  -0.29      0.24     -0.93     -0.034     0.96      0.26      0.96      0.11     -0.27    
  -0.0081    0.012    -1        -0.039     1         0.012     1         0.039    -0.0077  
   0.079    -1        -0.012    -0.04      0.0085   -1         1         0.079    -0.039   
   0.08     -1        -0.0016    0.065     0.0068   -1         0.99      0.08      0.065   
   0.0052   -0.98     -0.18      0.033     0.18     -0.98      1        -0.0009    0.033   
  -0.11     -0.99     -0.012    -0.038     0.016    -1         0.99     -0.11     -0.039   
   0.2       0.022    -0.98     -0.035     1         0.016     0.98      0.031     0.2     
   1         0.064     0.059    -0.064     1        -0.00065  -0.059    -0.0031    1       
   0.39     -0.92     -0.087     0.92      0.39     -0.022     0.054    -0.072     1       
   0.56     -0.82      0.081     0.82      0.57      0.0037   -0.049     0.065     1       
  -0.57     -0.82      0.016     0.82     -0.57     -0.035     0.038    -0.0067    1       
   0.033    -1        -0.019     1         0.032     0.041    -0.041    -0.02      1       
  -0.51     -0.85     -0.14      0.86     -0.51      0.00033  -0.073    -0.12      0.99    
   0.99     -0.11     -0.11      0.11      0.99      0.0099    0.11     -0.022     0.99    
  -0.2      -0.97     -0.16      0.98     -0.2       0.0051   -0.037    -0.16      0.99    
   0.032    -0.55      0.83      1         0.018    -0.026    -6.6e-07   0.83      0.55    
   0.26     -0.96      0.11      0.97      0.26     -0.0036   -0.026     0.11      0.99    
   0.032     0.51      0.86      1        -0.016    -0.027    -6.6e-07   0.86     -0.51    
   0.14     -0.99     -0.013     0.95      0.13      0.29     -0.29     -0.054     0.96    
   0.086    -0.26      0.96     -0.45      0.85      0.27     -0.89     -0.46     -0.046   
   0.22     -0.046     0.97      0.35      0.93     -0.038    -0.91      0.35      0.23    
  -0.58      0.064     0.81      0.55      0.76      0.34     -0.59      0.65     -0.48    
   0.14      0.12      0.98      0.76      0.63     -0.18     -0.64      0.77     -0.00033 
  -0.6       0.097     0.79     -0.47      0.76     -0.45     -0.65     -0.64     -0.41    
   0.8      -0.58      0.14      0.58      0.81      0.042    -0.14      0.05      0.99    
  -0.17      0.36      0.92      0.93     -0.25      0.28      0.33      0.9      -0.29    
   0.68     -0.39      0.62     -0.63      0.13      0.77     -0.38     -0.91     -0.15    
   0.77     -0.18      0.61     -0.64     -0.25      0.73      0.021    -0.95     -0.3     
  -0.15      0.28      0.95      0.99      0.027     0.15      0.016     0.96     -0.28    
   0.88     -0.25     -0.41      0.46      0.23      0.86     -0.12     -0.94      0.31    
  -0.46     -0.87      0.15      0.84     -0.49     -0.25      0.3       0.011     0.96    
  -0.27     -0.92      0.29      0.43      0.15      0.89     -0.86      0.37      0.36    
   0.044    -0.96     -0.29      0.9      -0.091     0.43     -0.44     -0.28      0.85    
   0.6      -0.78      0.16      0.52      0.54      0.66     -0.6      -0.32      0.73    
   0.16     -0.99      0.039    -0.53     -0.055     0.84     -0.83     -0.16     -0.53    
   0.63      0.39      0.67     -0.52      0.86     -0.014    -0.58     -0.34      0.75    
   0.87     -0.056     0.48     -0.48     -0.21      0.85      0.054    -0.98     -0.21    
  -0.51     -0.77     -0.4       0.18     -0.54      0.82     -0.84      0.34      0.42    
   0.11     -0.98      0.19      0.99      0.11     -0.055     0.034     0.2       0.98    
  -0.25     -0.19      0.95      0.94     -0.29      0.19      0.23      0.94      0.25    
   0.26      0.25      0.93      0.96     -0.028    -0.27     -0.04      0.97     -0.25    
   0.24     -0.4       0.89      0.97      0.19     -0.18     -0.097     0.9       0.43    
  -0.05     -0.98      0.2       1        -0.046     0.026    -0.016     0.2       0.98    
   0.97      0.031    -0.22     -0.03      1         0.0065    0.22      0.0004    0.97    
   0.99     -0.11      0.033    -0.032     0.0043    1        -0.11     -0.99      0.0008  
   0.97     -0.23      0.032    -0.031     0.0074    1        -0.23     -0.97     -6.6e-07 
   0.97     -0.23      0.032    -0.031     0.0074    1        -0.23     -0.97     -6.6e-07 
   0.99     -0.11      0.033    -0.032     0.0043    1        -0.11     -0.99      0.0008  
   0.97      0.031    -0.22     -0.03      1         0.0065    0.22      0.0004    0.97    
   0.93     -0.041    -0.36      0.037     1        -0.017     0.36      0.0029    0.93    
  -0.0035    1         3.6e-06   9e-07    -3.6e-06   1         1         0.0035   -8.9e-07 
   3.6e-06  -1        -1.7e-06   1         3.6e-06   8.9e-07  -8.9e-07  -1.7e-06   1       
  -0.11      0.23      0.97     -0.025    -0.97      0.23      0.99      0.00057   0.11    
  -0.22     -0.97      0.067     0.97     -0.22      0.018    -0.0023    0.069     1       
  -0.22     -0.93     -0.31      0.98     -0.21     -0.078     0.0082   -0.32      0.95    
  -0.21     -0.16      0.96      0.92      0.3       0.25     -0.33      0.94      0.081   
  -0.24     -0.96     -0.12      0.97     -0.24     -0.043     0.012    -0.13      0.99    
  -0.13      0.23      0.96      0.0016   -0.97      0.23      0.99      0.032     0.13    
  -0.41     -0.91     -0.029     0.91     -0.41     -0.021     0.0072   -0.035     1       
  -0.066     0.25      0.97     -0.2      -0.95      0.23      0.98     -0.17      0.11    
   0.83      0.49     -0.26     -0.52      0.85     -0.064     0.19      0.19      0.96    
  -0.42     -0.87     -0.26      0.9      -0.42     -0.064    -0.055    -0.27      0.96    
  -0.25      0.096     0.96      0.64     -0.73      0.24      0.73      0.68      0.12    
   0.8       0.54      0.27      0.17      0.22     -0.96     -0.58      0.81      0.087   
   0.95     -0.2      -0.26      0.19      0.98     -0.06      0.26      0.0077    0.96    
   0.98     -0.2       0.03      0.2       0.98      0.0068   -0.031    -0.00052   1       
   0.31     -0.95      0.046     0.95      0.31      0.0071   -0.021     0.041     1       
   0.53     -0.81     -0.26      0.83      0.56     -0.057     0.19     -0.18      0.96    
  -0.24     -0.92     -0.31      0.97     -0.22     -0.075    -0.00073  -0.32      0.95    
   0.34      0.23      0.91      0.059    -0.97      0.22      0.94     -0.021    -0.34    
  -0.22      0.13      0.97      0.53     -0.82      0.23      0.82      0.56      0.11    
  -0.85     -0.53      0.034     0.53     -0.85      0.0098    0.024     0.026     1       
   0.75      0.36      0.55     -0.5       0.86      0.12     -0.43     -0.36      0.83    
   0.45     -0.86      0.23      0.11     -0.2      -0.97      0.89      0.46      0.00029 
   0.97     -0.26      0.03      0.26      0.97      0.0068   -0.031     0.0013    1       
   0.39      0.041     0.92     -0.52     -0.82      0.25      0.76     -0.58     -0.29    
   0.11     -0.63      0.77      0.93      0.33      0.14     -0.34      0.7       0.62    
  -0.15     -0.21      0.97      0.87      0.44      0.23     -0.47      0.88      0.11    
  -0.11     -0.97      0.23     -0.026    -0.23     -0.97      0.99     -0.11      3.8e-06 
   0.94     -0.25      0.23      0.23     -0.056    -0.97      0.25      0.97      0.0021  
  -0.11     -0.97      0.23     -0.039    -0.23     -0.97      0.99     -0.12     -0.012   
   0.97     -0.23      0.023     0.23      0.97      0.017    -0.026    -0.012     1       
   0.53     -0.84     -0.064     0.57      0.41     -0.71      0.62      0.34      0.7     
   0.89      0.4       0.24      0.22      0.091    -0.97     -0.41      0.91     -0.0063  
   0.096    -0.99     -0.073     0.66      0.12     -0.74      0.75      0.023     0.66    
  -0.57     -0.79      0.23     -0.15     -0.18     -0.97      0.81     -0.59     -0.016   
   0.94     -0.24      0.23      0.23     -0.062    -0.97      0.25      0.97     -0.0032  
   0.94     -0.24      0.23      0.22     -0.06     -0.97      0.24      0.97     -0.0036  
   0.97     -0.23     -0.11      0.23      0.97     -0.026     0.11     -3.8e-06   0.99    
   0.97     -0.23     -0.11      0.23      0.97     -0.026     0.11     -3.8e-06   0.99    
  -1.7e-06   0.11      0.99      8.8e-07  -0.99      0.11      1         1.1e-06   1.6e-06 
  -1.7e-06   0.11      0.99      8.8e-07  -0.99      0.11      1         1.1e-06   1.6e-06 
   0.039    -0.045     1         0.68     -0.73     -0.059     0.73      0.68      0.0015  
   1         0.059    -0.0015   -0.059     1         4.9e-05   0.0015    4.2e-05   1       
   1         0.081     0.0072   -0.081     0.99      0.12      0.0025   -0.12      0.99    
  -0.067    -0.99     -0.088    -0.099     0.094    -0.99      0.99     -0.057    -0.1     
  -0.033    -1        -0.082    -0.017     0.082    -1         1        -0.031    -0.019   
   1         0.043    -0.052    -0.053     0.0076   -1        -0.043     1         0.0099  
   0.99      0.11     -0.027    -0.11      0.99     -0.024     0.024     0.027     1       
  -0.029    -0.99     -0.11     -0.043     0.11     -0.99      1        -0.024    -0.046   
  -0.027    -1        -0.055    -0.018     0.055    -1         1        -0.026    -0.019   
  -0.043    -0.99     -0.093    -0.058     0.095    -0.99      1        -0.037    -0.062   
  -0.024    -1        -0.087    -0.023     0.088    -1         1        -0.022    -0.025   
  -0.018    -0.097     1        -0.016    -1        -0.097     1        -0.017     0.017   
  -0.29     -0.95     -0.082    -0.12      0.12     -0.99      0.95     -0.28     -0.15    
   0.49     -0.87     -0.075    -0.063     0.051    -1         0.87      0.49     -0.029   
   0.13     -0.049     0.99      0.99     -0.015    -0.13      0.021     1         0.046   
   0.11     -0.034     0.99      0.95     -0.28     -0.11      0.28      0.96      0.0031  
   0.12     -0.048     0.99      0.93     -0.35     -0.13      0.36      0.93      0.00092 
   0.11      0.66      0.74      0.99     -0.094    -0.066     0.027     0.74     -0.67    
   0.11     -0.0043    0.99      0.99     -0.026    -0.11      0.027     1         0.0013  
   0.0035   -1        -0.05      0.072     0.05     -1         1        -0.00013   0.072   
  -0.00027  -0.05      1        -0.0043   -1        -0.05      1        -0.0043    5.6e-05 
   4.5e-05  -0.05      1         0.0062   -1        -0.05      1         0.0062    0.00026 
   0.05     -1        -0.0053    0.99      0.05     -0.099     0.1      -0.00026   1       
   0.05     -0.00026   1         1         8.6e-06  -0.05      4.7e-06   1         0.00026 
  -0.00026  -0.91      0.42      8.6e-06  -0.42     -0.91      1        -0.00024   0.00012 
  -0.00026  -0.55      0.84      8.6e-06  -0.84     -0.55      1        -0.00014   0.00023 
  -0.00026  -0.97      0.23      8.6e-06  -0.23     -0.97      1        -0.00025   6.9e-05 
  -0.00026  -0.93      0.37      8.6e-06  -0.37     -0.93      1        -0.00024   0.00011 
  -0.00026  -0.56      0.83      8.6e-06  -0.83     -0.56      1        -0.00014   0.00022 
   0.93     -0.36     -0.0015    0.36      0.93      0.00043   0.0012   -0.00093   1       
  -0.00026  -0.55      0.83      8.6e-06  -0.83     -0.55      1        -0.00014   0.00022 
   0.56     -0.83      3.5e-05   0.83      0.56      0.00045  -0.00039  -0.00022   1       
   0.56     -0.83     -0.0011    0.83      0.56     -0.0002    0.00076  -0.00079   1       
  -0.00026   0.48      0.88      8.6e-06  -0.88      0.48      1         0.00014   0.00023 
  -0.00026  -0.05      1         8.6e-06  -1        -0.05      1        -4.7e-06   0.00026 
   0.05     -1         0.0011    1         0.05      0.026    -0.026    -0.00026   1       
  -0.00026  -0.89     -0.45      8.6e-06   0.45     -0.89      1        -0.00024  -0.00011 
  -0.00026  -0.55      0.83      8.6e-06  -0.83     -0.55      1        -0.00014   0.00022 
  -0.00026  -0.7       0.71      8.6e-06  -0.71     -0.7       1        -0.00018   0.00019 
  -0.00026  -0.71     -0.7       8.6e-06   0.7      -0.71      1        -0.00019  -0.00018 
  -0.00026  -0.97     -0.23      8.6e-06   0.23     -0.97      1        -0.00026  -5.2e-05 
  -0.00026  -0.89     -0.45      8.6e-06   0.45     -0.89      1        -0.00024  -0.00011 
  -0.00026  -0.98      0.21      8.6e-06  -0.21     -0.98      1        -0.00026   6.3e-05 
   1        -0.043     0.00091   0.043     1         5.9e-05  -0.00091  -2e-05     1       
   0.98      0.21     -0.02     -0.21      0.98      0.00068   0.019     0.0034    1       
   0.9      -0.44      0.0006    0.44      0.9       0.00043  -0.00073  -0.00012   1       
  -0.00026   0.48      0.88      8.6e-06  -0.88      0.48      1         0.00013   0.00023 
   0.75      0.66     -0.018    -0.66      0.75      0.022     0.028    -0.0053    1       
  -0.47     -0.88     -0.00056   0.88     -0.47     -0.0013    0.0009   -0.0011    1       
   0.89      0.45      0.0003   -0.45      0.89     -0.00028  -0.0004    0.00011   1       
  -0.00026  -1        -0.05      8.6e-06   0.05     -1         1        -0.00026  -4.7e-06 
  -0.0056   -1        -0.05     -0.11      0.05     -0.99      0.99     -0.00026  -0.11    
   0.05     -0.00026   1         1         8.6e-06  -0.05      4.7e-06   1         0.00026 
   1        -0.00026  -0.05     -0.05      8.6e-06  -1         0.00026   1        -4.7e-06 
  -0.44     -0.00026   0.9       0.9       8.6e-06   0.44     -0.00012   1         0.00023 
  -0.00026  -0.76     -0.65      8.6e-06   0.65     -0.76      1        -0.00021  -0.00016 
   0.05     -1        -0.00057   1         0.05     -0.0061    0.0061   -0.00026   1       
  -0.00026  -0.05      1         8.6e-06  -1        -0.05      1        -4.7e-06   0.00026 
  -0.00026   0.5       0.86      8.6e-06  -0.86      0.5       1         0.00014   0.00022 
  -0.0086   -0.049     1        -0.17     -0.98     -0.05      0.99     -0.17      0.00026 
  -0.4      -0.91      0.0001    0.91     -0.4       0.0011   -0.00099   0.00055   1       
   0.015    -1         0.00046   1         0.015     0.00095  -0.00095   0.00044   1       
   0.029    -1        -0.041     0.58      0.05     -0.82      0.82     -0.00026   0.58    
   0.75     -0.00026  -0.66     -0.66      8.6e-06  -0.75      0.0002    1        -0.00017 
   1         0         0         0         1         0         0         0         1       
   1         0         0         0         1         0         0         0         1       
   1         0         0         0         1         0         0         0         1       
   1         0         0         0         1         0         0         0         1       
   1         0         0         0         1         0         0         0         1       
   1         0         0         0         1         0         0         0         1       
   1         0         0         0         1         0         0         0         1       
   1         0         0         0         1         0         0         0         1       
  -1        -2.1e-08  -2.7e-05  -1.5e-08  -1         0.0013   -2.7e-05   0.0013    1       
  -1.4e-05  -6.4e-06   1         4.8e-05  -1        -6.4e-06   1         4.8e-05   1.4e-05 
   1.7e-06  -0.0001    1        -2.7e-05  -1        -0.0001    1        -2.7e-05  -1.7e-06 
  -2.2e-05   0.00025   1        -0.0015   -1         0.00025   1        -0.0015    2.2e-05 
  -1.6e-05  -8.2e-06   1        -2.9e-05  -1        -8.2e-06   1        -2.9e-05   1.6e-05 
  -3.3e-05  -9.6e-05   1         2.7e-05  -1        -9.6e-05   1         2.7e-05   3.3e-05 
  -1.4e-05  -8e-06     1         1.3e-05  -1        -8e-06     1         1.3e-05   1.4e-05 
  -1.6e-05  -6.3e-06   1         2.6e-06  -1        -6.3e-06   1         2.6e-06   1.6e-05 
  -9.3e-06   0.00021   1         0.0016   -1         0.00021   1         0.0016    8.9e-06 
  -1         0.035     0.015    -0.035    -1        -0.013     0.015    -0.013     1       
  -1         0.092    -0.0045   -0.092    -1        -0.003    -0.0048   -0.0026    1       
  -0.47     -0.88     -0.03      0.88     -0.47      0.014    -0.027    -0.02      1       
   0.012    -0.016     1         0.99     -0.16     -0.014     0.16      0.99      0.014   
  -1        -0.0053   -0.0084    0.0054   -1        -0.013    -0.0083   -0.013     1       
  -0.18     -0.98      0.0031    0.98     -0.18     -0.093     0.093    -0.014     1       
  -0.15     -0.99      0.026     0.99     -0.15      0.00096   0.003     0.026     1       
  -1         0.0037   -0.0084   -0.0038   -1         0.013    -0.0084    0.013     1       
  -1         0.0089   -2.6e-06  -0.0089   -1         1.8e-05  -2.5e-06   1.8e-05   1       
  -0.18     -0.98     -0.0046    0.98     -0.18      0.00025  -0.0011   -0.0045    1       
   0.024    -0.082     1        -0.13     -0.99     -0.078     0.99     -0.13     -0.035   
   0.51     -0.86     -0.03      0.86      0.51     -0.0065    0.021    -0.022     1       
   0.0077    0.0011    1         0.021    -1         0.00099   1         0.021    -0.0077  
   0.002     0.0015    1         0.95      0.31     -0.0024   -0.31      0.95     -0.00079 
  -1        -0.049     0.0079    0.049    -1        -0.0013    0.008    -0.00087   1       
   4.7e-05   0.00022   1        -0.28     -0.96      0.00023   0.96     -0.28      1.9e-05 
   0.00094   0.0013    1         1        -0.022    -0.00091   0.022     1        -0.0013  
   0.046    -0.091     0.99      0.82     -0.57     -0.09      0.57      0.82      0.048   
   4.5e-05  -0.00022   1         0.29     -0.96     -0.00023   0.96      0.29      2.1e-05 
  -0.93     -0.37      0.0035    0.37     -0.93      0.003     0.0021    0.0041    1       
  -0.00039  -0.052     1         1         0.0069    0.00075  -0.0069    1         0.052   
  -0.66      0.31      0.69     -0.4      -0.92      0.038     0.64     -0.25      0.73    
   0.016     0.08      1         0.15     -0.99      0.076     0.99      0.15     -0.028   
   0.37     -0.93     -0.016     0.93      0.37     -0.018     0.023    -0.0085    1       
  -0.94     -0.33      0.03      0.33     -0.93      0.15     -0.022     0.15      0.99    
  -0.025     0.02      1         1         0.095     0.023    -0.094     1        -0.022   
   5.4e-05   3.8e-07   1        -0.024    -1         1.7e-06   1        -0.024    -5.4e-05 
  -0.99      0.13      0.018    -0.13     -0.99     -0.064     0.0099   -0.066     1       
  -0.0056   -0.74     -0.68      1        -0.0087    0.0011   -0.0067   -0.68      0.74    
  -0.00035  -4.1e-05   1        -0.012    -1        -4.5e-05   1        -0.012     0.00035 
  -0.89     -0.45     -0.068     0.41     -0.87      0.29     -0.19      0.23      0.96    
   0.00082  -0.0023    1         1         0.024    -0.00077  -0.024     1         0.0023  
  -0.081    -1        -0.015     1        -0.081     0.0025   -0.0037   -0.015     1       
  -0.73     -0.0093    0.69      0.01     -1        -0.003     0.69      0.0047    0.73    
  -0.034     0.1       0.99      0.093    -0.99      0.1       1         0.096     0.025   
  -0.73     -0.012     0.69      0.016    -1         0.00044   0.69      0.012     0.73    
  -0.74      0.031    -0.67     -0.041    -1        -0.00047  -0.67      0.027     0.74    
   0.00026  -0.00032   1         0.82      0.57     -3.1e-05  -0.57      0.82      0.00042 
  -7.6e-05   0.00021   1        -0.18     -0.98      0.00019   0.98     -0.18      0.00011 
  -0.034    -0.06      1        -0.37     -0.93     -0.068     0.93     -0.37      0.0098  
   0.011    -0.026     1         0.14     -0.99     -0.027     0.99      0.14     -0.0071  
  -0.67     -0.28      0.69      0.35     -0.94     -0.038     0.66      0.21      0.72    
   0.089     0.16      0.98      1        -0.009    -0.089    -0.0057    0.99     -0.16    
  -0.19     -0.79     -0.59      0.98     -0.17     -0.099    -0.022    -0.59      0.8     
   0.22     -0.98     -0.00087   0.98      0.22     -0.0092    0.0091    0.0011    1       
   0.47     -0.88     -0.0056    0.87      0.47      0.15     -0.13     -0.076     0.99    
  -0.81      0.58      0.075    -0.57     -0.82      0.089     0.11      0.03      0.99    
  -0.84      0.53     -0.088    -0.52     -0.85     -0.11     -0.13     -0.042     0.99    
  -0.86     -0.5      -0.087     0.49     -0.87      0.076    -0.11      0.023     0.99    
   0.4      -0.86     -0.32      0.91      0.31      0.29     -0.15     -0.4       0.9     
  -0.39     -0.76      0.51      0.91     -0.4       0.098     0.13      0.5       0.85    
  -0.69     -0.72      0.07      0.71     -0.7      -0.097     0.12     -0.017     0.99    
  -0.3      -0.95     -0.023     0.94     -0.3       0.13     -0.14      0.018     0.99    
  -0.3      -0.95     -0.0049    0.94     -0.29     -0.15      0.14     -0.049     0.99    
  -0.97     -0.22      0.13      0.22     -0.98     -0.021     0.13      0.0086    0.99    
  -0.86     -0.51     -0.014     0.5      -0.84      0.2      -0.11      0.17      0.98    
  -0.95      0.21     -0.24     -0.28     -0.92      0.28     -0.16      0.33      0.93    
  -0.63     -0.75     -0.22      0.76     -0.65      0.052    -0.18     -0.13      0.97    
  -0.91      0.4      -0.063    -0.39     -0.82      0.43      0.12      0.41      0.9     
   0.38     -0.93     -0.023     0.91      0.38     -0.15      0.15      0.035     0.99    
  -0.34     -0.94      0.015     0.93     -0.33      0.14     -0.13      0.062     0.99    
  -0.91     -0.32      0.28      0.39     -0.89      0.24      0.17      0.33      0.93    
   0.42     -0.9      -0.13      0.9       0.44     -0.087     0.13     -0.081     0.99    
  -0.34      0.057     0.94      0.92     -0.18      0.35      0.19      0.98      0.0088  
   0.018     0.16      0.99      0.029    -0.99      0.16      1         0.026    -0.022   
   0.051     0.91      0.4      -0.021    -0.4       0.92      1        -0.056    -0.00097 
  -0.91      0.15     -0.4      -0.39      0.068     0.92      0.16      0.99     -0.0043  
  -0.45     -0.88      0.14      0.88     -0.47     -0.065     0.12      0.092     0.99    
  -0.89      0.44     -0.14     -0.43     -0.9      -0.065    -0.16      0.0046    0.99    
   0.0068   -0.2       0.98      0.00091  -0.98     -0.2       1         0.0023   -0.0065  
  -0.9       0.14      0.41      0.4      -0.072     0.91      0.15      0.99      0.0098  
  -0.036     0.99      0.13      0.0015   -0.13      0.99      1         0.036     0.0031  
  -0.031     0.34      0.94      0.077    -0.94      0.34      1         0.083     0.0024  
   0.08      0.89     -0.45      0.02      0.45      0.89      1        -0.081     0.018   
  -0.013    -0.15      0.99      0.0015   -0.99     -0.15      1        -0.00039   0.013   
  -0.027     0.11      0.99     -0.0027   -0.99      0.11      1         0.00038   0.027   
   0.39      0.028     0.92      0.91      0.11     -0.39     -0.11      0.99      0.016   
  -0.91     -0.15     -0.38     -0.37     -0.079     0.93     -0.17      0.99      0.016   
  -0.12      0.94     -0.31     -0.03      0.31      0.95      0.99      0.13     -0.0094  
  -0.88     -0.16      0.45      0.45      0.053     0.89     -0.16      0.99      0.023   
  -1         0.021     0.097    -0.022    -1        -0.0092    0.097    -0.011     1       
   0.22     -0.98     -0.00087   0.98      0.22     -0.0092    0.0091    0.0011    1       
   0.47     -0.88     -0.0056    0.87      0.47      0.15     -0.13     -0.076     0.99    
  -0.81      0.58      0.075    -0.57     -0.82      0.089     0.11      0.03      0.99    
  -0.84      0.53     -0.088    -0.52     -0.85     -0.11     -0.13     -0.042     0.99    
  -0.86     -0.5      -0.087     0.49     -0.87      0.076    -0.11      0.023     0.99    
   0.4      -0.86     -0.32      0.91      0.31      0.29     -0.15     -0.4       0.9     
  -0.39     -0.76      0.51      0.91     -0.4       0.098     0.13      0.5       0.85    
  -0.69     -0.72      0.07      0.71     -0.7      -0.097     0.12     -0.017     0.99    
  -0.3      -0.95     -0.023     0.94     -0.3       0.13     -0.14      0.018     0.99    
  -0.3      -0.95     -0.0049    0.94     -0.29     -0.15      0.14     -0.049     0.99    
  -0.97     -0.22      0.13      0.22     -0.98     -0.021     0.13      0.0086    0.99    
  -0.86     -0.51     -0.014     0.5      -0.84      0.2      -0.11      0.17      0.98    
  -0.95      0.21     -0.24     -0.28     -0.92      0.28     -0.16      0.33      0.93    
  -0.63     -0.75     -0.22      0.76     -0.65      0.052    -0.18     -0.13      0.97    
  -0.91      0.4      -0.063    -0.39     -0.82      0.43      0.12      0.41      0.9     
   0.38     -0.93     -0.023     0.91      0.38     -0.15      0.15      0.035     0.99    
  -0.34     -0.94      0.015     0.93     -0.33      0.14     -0.13      0.062     0.99    
  -0.91     -0.32      0.28      0.39     -0.89      0.24      0.17      0.33      0.93    
   0.42     -0.9      -0.13      0.9       0.44     -0.087     0.13     -0.081     0.99    
  -0.34      0.057     0.94      0.92     -0.18      0.35      0.19      0.98      0.0088  
   0.018     0.16      0.99      0.029    -0.99      0.16      1         0.026    -0.022   
   0.051     0.91      0.4      -0.021    -0.4       0.92      1        -0.056    -0.00097 
  -0.91      0.15     -0.4      -0.39      0.068     0.92      0.16      0.99     -0.0043  
  -0.45     -0.88      0.14      0.88     -0.47     -0.065     0.12      0.092     0.99    
  -0.89      0.44     -0.14     -0.43     -0.9      -0.065    -0.16      0.0046    0.99    
   0.0068   -0.2       0.98      0.00091  -0.98     -0.2       1         0.0023   -0.0065  
  -0.9       0.14      0.41      0.4      -0.072     0.91      0.15      0.99      0.0098  
  -0.036     0.99      0.13      0.0015   -0.13      0.99      1         0.036     0.0031  
  -0.031     0.34      0.94      0.077    -0.94      0.34      1         0.083     0.0024  
   0.08      0.89     -0.45      0.02      0.45      0.89      1        -0.081     0.018   
  -0.013    -0.15      0.99      0.0015   -0.99     -0.15      1        -0.00039   0.013   
  -0.027     0.11      0.99     -0.0027   -0.99      0.11      1         0.00038   0.027   
   0.39      0.028     0.92      0.91      0.11     -0.39     -0.11      0.99      0.016   
  -0.91     -0.15     -0.38     -0.37     -0.079     0.93     -0.17      0.99      0.016   
  -0.12      0.94     -0.31     -0.03      0.31      0.95      0.99      0.13     -0.0094  
  -0.88     -0.16      0.45      0.45      0.053     0.89     -0.16      0.99      0.023   
  -1         0.021     0.097    -0.022    -1        -0.0092    0.097    -0.011     1       
   0.22     -0.98     -0.00087   0.98      0.22     -0.0092    0.0091    0.0011    1       
   0.47     -0.88     -0.0056    0.87      0.47      0.15     -0.13     -0.076     0.99    
  -0.81      0.58      0.075    -0.57     -0.82      0.089     0.11      0.03      0.99    
  -0.84      0.53     -0.088    -0.52     -0.85     -0.11     -0.13     -0.042     0.99    
  -0.86     -0.5      -0.087     0.49     -0.87      0.076    -0.11      0.023     0.99    
   0.4      -0.86     -0.32      0.91      0.31      0.29     -0.15     -0.4       0.9     
  -0.39     -0.76      0.51      0.91     -0.4       0.098     0.13      0.5       0.85    
  -0.69     -0.72      0.07      0.71     -0.7      -0.097     0.12     -0.017     0.99    
  -0.3      -0.95     -0.023     0.94     -0.3       0.13     -0.14      0.018     0.99    
  -0.3      -0.95     -0.0049    0.94     -0.29     -0.15      0.14     -0.049     0.99    
  -0.97     -0.22      0.13      0.22     -0.98     -0.021     0.13      0.0086    0.99    
  -0.86     -0.51     -0.014     0.5      -0.84      0.2      -0.11      0.17      0.98    
  -0.95      0.21     -0.24     -0.28     -0.92      0.28     -0.16      0.33      0.93    
  -0.63     -0.75     -0.22      0.76     -0.65      0.052    -0.18     -0.13      0.97    
  -0.91      0.4      -0.063    -0.39     -0.82      0.43      0.12      0.41      0.9     
   0.38     -0.93     -0.023     0.91      0.38     -0.15      0.15      0.035     0.99    
  -0.34     -0.94      0.015     0.93     -0.33      0.14     -0.13      0.062     0.99    
  -0.91     -0.32      0.28      0.39     -0.89      0.24      0.17      0.33      0.93    
   0.42     -0.9      -0.13      0.9       0.44     -0.087     0.13     -0.081     0.99    
  -0.34      0.057     0.94      0.92     -0.18      0.35      0.19      0.98      0.0088  
   0.018     0.16      0.99      0.029    -0.99      0.16      1         0.026    -0.022   
   0.051     0.91      0.4      -0.021    -0.4       0.92      1        -0.056    -0.00097 
  -0.91      0.15     -0.4      -0.39      0.068     0.92      0.16      0.99     -0.0043  
  -0.45     -0.88      0.14      0.88     -0.47     -0.065     0.12      0.092     0.99    
  -0.89      0.44     -0.14     -0.43     -0.9      -0.065    -0.16      0.0046    0.99    
   0.0068   -0.2       0.98      0.00091  -0.98     -0.2       1         0.0023   -0.0065  
  -0.9       0.14      0.41      0.4      -0.072     0.91      0.15      0.99      0.0098  
  -0.036     0.99      0.13      0.0015   -0.13      0.99      1         0.036     0.0031  
  -0.031     0.34      0.94      0.077    -0.94      0.34      1         0.083     0.0024  
   0.08      0.89     -0.45      0.02      0.45      0.89      1        -0.081     0.018   
  -0.013    -0.15      0.99      0.0015   -0.99     -0.15      1        -0.00039   0.013   
  -0.027     0.11      0.99     -0.0027   -0.99      0.11      1         0.00038   0.027   
   0.39      0.028     0.92      0.91      0.11     -0.39     -0.11      0.99      0.016   
  -0.91     -0.15     -0.38     -0.37     -0.079     0.93     -0.17      0.99      0.016   
  -0.12      0.94     -0.31     -0.03      0.31      0.95      0.99      0.13     -0.0094  
  -0.88     -0.16      0.45      0.45      0.053     0.89     -0.16      0.99      0.023   
  -1         0.021     0.097    -0.022    -1        -0.0092    0.097    -0.011     1       

SITE_XPOS
   0         0         0       
   1         0         0       
   0         1         0       
   0         0         1       
   0         0         0       
   0.27      0.23      0.46    
   0.46      0.15      0.7     
   0.032    -0.0058    1.1     
   0.032    -0.0058    1.1     
   0.65      4.3e-06   0.02    
   0.63      0.26      0.46    
   0.89      0.01      0.47    
   0.7      -0.021     0.45    
   0.6      -0.098     0.44    
   0.7      -0.022     0.44    
   2         4.8       0.25    
   2        -0.75      0.25    
   4.8       2         0.25    
  -0.75      2         0.25    
   4         4         0.0047  
   3         3        -0.00038 
   2         2        -0.00038 
   1         1        -0.00038 

SITE_XMAT
   1         0         0         0         1         0         0         0         1       
   1         0         0         0         1         0         0         0         1       
   1         0         0         0         1         0         0         0         1       
   1         0         0         0         1         0         0         0         1       
   1         0         0         0         1         0         0         0         1       
   1        -0.033     0.019     0.033     1        -0.04     -0.018     0.04      1       
   0.0081    0.012     1         0.039     1        -0.012    -1         0.039     0.0077  
   0.97     -0.23      0.032    -0.031     0.0074    1        -0.23     -0.97     -6.6e-07 
   0.97     -0.23      0.032    -0.031     0.0074    1        -0.23     -0.97     -6.6e-07 
   3.6e-06  -1        -1.7e-06   1         3.6e-06   8.9e-07  -8.9e-07  -1.7e-06   1       
   0.97     -0.23     -0.11      0.23      0.97     -0.026     0.11     -3.8e-06   0.99    
  -1.7e-06   0.11      0.99      8.8e-07  -0.99      0.11      1         1.1e-06   1.6e-06 
   1         0.059    -0.0015   -0.059     1         4.9e-05   0.0015    4.2e-05   1       
   0.99      0.11     -0.027    -0.11      0.99     -0.024     0.024     0.027     1       
   1         0.05     -0.00026  -0.05      1         8.6e-06   0.00026   4.7e-06   1       
   1         0         0         0         1         0         0         0         1       
   1         0         0         0         1         0         0         0         1       
   1         0         0         0         1         0         0         0         1       
   1         0         0         0         1         0         0         0         1       
   9.3e-11  -1        -1.6e-05   1        -3.7e-11   8.3e-06  -8.3e-06  -1.6e-05   1       
  -0.00011  -1        -0.014     1         9.4e-05  -0.015     0.015    -0.014     1       
  -0.00011  -1        -0.014     1         9.4e-05  -0.015     0.015    -0.014     1       
  -0.00011  -1        -0.014     1         9.4e-05  -0.015     0.015    -0.014     1       

CAM_XPOS
   0.14      0.022     1.2     
   0.14      0.022     1.2     

CAM_XMAT
  -0.046     0.65     -0.76     -1        -0.023     0.041     0.0088    0.76      0.65    
  -0.046     0.65     -0.76     -1        -0.023     0.041     0.0088    0.76      0.65    

LIGHT_XPOS
   1         1         1.5     

LIGHT_XDIR
  -0.19     -0.19     -0.96    

SUBTREE_COM
   0.94      0.86      0.17    
   0         0        -0.001   
   0         0        -0.001   
   0.038     0.012     0.56    
   0.038     0.012     0.56    
   0.044     0.017     0.67    
   0.044     0.017     0.67    
   0.041     0.021     0.7     
   0.063     0.026     0.79    
   0.087     0.03      0.83    
   0.091     0.033     0.85    
   0.092     0.034     0.86    
   0.092     0.035     0.86    
  -0.047     0.2       0.74    
  -0.047     0.2       0.74    
  -0.057     0.21      0.72    
  -0.082     0.21      0.67    
  -0.097     0.21      0.61    
  -0.058     0.22      0.55    
   0.00069   0.22      0.5     
   0.063     0.22      0.46    
   0.087     0.22      0.46    
   0.18      0.23      0.46    
   0.18      0.23      0.46    
   0.19      0.23      0.46    
   0.23      0.29      0.46    
   0.24      0.29      0.46    
   0.23      0.17      0.46    
   0.24      0.16      0.46    
   0.21      0.17      0.46    
   0.21      0.29      0.46    
   0.41      0.23      0.46    
   0.081     0.23      0.53    
   0.26     -0.11      0.94    
   0.26     -0.11      0.94    
   0.28     -0.11      0.94    
   0.34     -0.086     0.94    
   0.4      -0.05      0.94    
   0.43      0.013     0.93    
   0.44      0.084     0.93    
   0.45      0.14      0.91    
   0.45      0.14      0.88    
   0.46      0.15      0.79    
   0.46      0.15      0.79    
   0.46      0.15      0.77    
   0.46      0.21      0.74    
   0.46      0.21      0.73    
   0.46      0.086     0.74    
   0.46      0.081     0.73    
   0.46      0.085     0.76    
   0.46      0.21      0.76    
   0.46      0.15      0.56    
   0.46      0.078     0.89    
   0.053    -0.0045    1.1     
   0.053    -0.0045    1.1     
   0.046     0.00054   1.1     
   0.058    -0.00018   1.2     
   0.032    -0.0058    1.1     
   0.032    -0.0058    1.1     
   0.032    -0.0058    1.1     
   0.65     -0.02      0.22    
   0.62      0.26      0.55    
   0.89      0.01      0.47    
   0.7      -0.018     0.47    
   0.6      -0.1       0.53    
   0.7      -0.026     0.48    
   2         4.8       0.25    
   2        -0.75      0.25    
   4.8       2         0.25    
  -0.75      2         0.25    
   4         4         0.88    
   3         3         0.16    
   2         2         0.16    
   1         1         0.16    

CDOF
   0         0         0         1         0         0       
   0         0         0         0         1         0       
   0         0         1        -0.016     0.055     0       
   0.032     1         0         0.43     -0.014     0.079   
  -0.032    -1        -2.2e-16  -0.23      0.0073    0.32    
   0.032     1        -4.4e-16   0.026    -0.00083   0.0096  
  -0.025     0.00079   1        -0.018    -0.0084   -0.00045 
   0.032     1        -6.4e-07  -0.37      0.012    -0.00021 
   0.6      -0.019    -0.8      -0.15      0.23     -0.11    
  -0.8      -0.0016   -0.6      -0.11     -0.29      0.15    
  -0.032     1         0.041    -0.15      0.0059   -0.27    
   0.69      0.052    -0.72     -0.15     -0.088    -0.14    
  -0.033     1         0.04      0.11      0.0043   -0.019   
  -0.019     0.04     -1        -0.2      -0.024     0.0029  
  -0.019     0.04     -1        -0.24      0.17      0.011   
  -0.019     0.04     -1        -0.28      0.18      0.013   
  -0.019     0.04     -1        -0.18      0.17      0.01    
  -0.019     0.04     -1        -0.14      0.19      0.01    
   0.019    -0.04      1         0.17     -0.17     -0.0099  
  -0.019     0.04     -1        -0.25      0.16      0.011   
  -0.032    -1         6.4e-07   0.37     -0.012     0.00021 
  -0.065     0.0021    1        -0.23     -0.017    -0.015   
   1         0.0056    0.065    -0.017     0.37      0.23    
   0.065    -0.013    -1         0.23      0.37      0.01    
   0.22      0.97      0.0023   -0.38      0.087     0.38    
   0.0077    0.00057  -1        -0.13      0.43     -0.00073 
  -1         0.012    -0.0077   -0.0057   -0.39      0.13    
  -1         0.012    -0.0077   -0.0036   -0.2       0.17    
  -1         0.012    -0.0077   -0.0038   -0.18      0.21    
  -1         0.012    -0.0077   -0.0032   -0.19      0.11    
  -1         0.012    -0.0077   -0.0027   -0.18      0.071   
   1        -0.012     0.0077    0.0031    0.2      -0.1     
  -1         0.012    -0.0077   -0.0038   -0.2       0.18    
  -0.025     0.00079   1        -0.018    -0.0084   -0.00045 
   0.032     1        -6.6e-07  -0.56      0.018    -0.0049  
   0         0         0         1         0         0       
   0         0         0         0         1         0       
   0         0         0         0         0         1       
   3.6e-06   1        -8.9e-07   0.2      -7.2e-07   3.5e-07 
  -1         3.6e-06  -1.7e-06   6.9e-07   0.2       0.02    
  -1.7e-06   8.9e-07   1         0.02     -7.2e-08   3.5e-08 
   0         0         0         1         0         0       
   0         0         0         0         1         0       
   0         0         0         0         0         1       
   0.97      0.23      0.11      0.02     -0.083    -0.002   
  -0.23      0.97     -3.8e-06   0.083     0.02      0.009   
  -0.11     -0.026     0.99      0.0018    0.0011    0.00023 
   0         0         0         1         0         0       
   0         0         0         0         1         0       
   0         0         0         0         0         1       
  -1.7e-06   8.8e-07   1         0         0        -0       
   0.11     -0.99      1.1e-06  -0         0         0       
   0.99      0.11      1.6e-06   0         0         0       
   0         0         0         1         0         0       
   0         0         0         0         1         0       
   0         0         0         0         0         1       
   1        -0.059     0.0015   -0.00091  -0.015     0.0034  
   0.059     1         4.2e-05   0.015    -0.00091   2.4e-05 
  -0.0015    4.9e-05   1        -0.0034    0.0002   -5.2e-06 
   0         0         0         1         0         0       
   0         0         0         0         1         0       
   0         0         0         0         0         1       
   0.99     -0.11      0.024    -0.009    -0.081    -0.0048  
   0.11      0.99      0.027     0.081    -0.0092    0.0025  
  -0.027    -0.024     1         0.0025   -0.00085   4.8e-05 
   0         0         0         1         0         0       
   0         0         0         0         1         0       
   0         0         0         0         0         1       
   1        -0.05      0.00026  -0.0019   -0.038    -0.0036  
   0.05      1         4.7e-06   0.038    -0.0019    0.00083 
  -0.00026   8.6e-06   1         0.0036   -0.001     9.6e-07 
   0         0         0         1         0         0       
   0         0         0         0         1         0       
   0         0         0         0         0         1       
   9.3e-11   1        -8.3e-06   0.88      1.5e-08   0.0018  
  -1        -3.7e-11  -1.6e-05   8.9e-08   0.88     -0.0057  
  -1.6e-05   8.3e-06   1        -0.0057   -0.0018   -7.4e-08 
   0         0         0         1         0         0       
   0         0         0         0         1         0       
   0         0         0         0         0         1       
  -0.00011   1         0.015     0.16      5.2e-05  -0.0024  
  -1         9.4e-05  -0.014    -1.6e-05   0.16      0.0023  
  -0.014    -0.015     1        -0.00014   0.0046    6.6e-05 
   0         0         0         1         0         0       
   0         0         0         0         1         0       
   0         0         0         0         0         1       
  -0.00011   1         0.015     0.16      5.2e-05  -0.0024  
  -1         9.4e-05  -0.014    -1.6e-05   0.16      0.0023  
  -0.014    -0.015     1        -0.00014   0.0046    6.6e-05 
   0         0         0         1         0         0       
   0         0         0         0         1         0       
   0         0         0         0         0         1       
  -0.00011   1         0.015     0.16      5.2e-05  -0.0024  
  -1         9.4e-05  -0.014    -1.6e-05   0.16      0.0023  
  -0.014    -0.015     1        -0.00014   0.0046    6.6e-05 

CINERT
   0         0         0         0         0         0         0         0         0         0       
   1e-12     1e-12     1e-12     0         0         0         0         0         1e-15     1e-12   
   1e-12     1e-12     1e-12     0         0         0         0         0        -1.1e-15   1e+03   
   1.3e-12   1.3e-12   1e-12    -4.6e-16  -2.1e-14  -6.8e-15  -3.8e-14  -1.2e-14  -5.6e-13   1e-12   
   2.1       2.2       0.34     -0.0019   -0.11     -0.085    -0.23     -0.17     -3.9       8       
   1.2e-12   1.2e-12   1e-12     1.6e-15   3.4e-14  -8.9e-15   7.9e-14  -2.1e-14  -4.3e-13   1e-12   
   0.31      0.3       0.026     0.0089    0.052    -0.051     0.12     -0.12     -0.68      1.6     
   0.69      1.1       0.45     -0.00061  -0.027    -0.039    -0.61     -0.1      -1.7       5.3     
   0.15      0.34      0.26     -0.0033   -0.15     -0.0028   -0.52     -0.043    -0.42      3.3     
   0.013     0.011     0.01      0.00041   0.00016  -0.00038   0.014    -0.052    -0.013     1.8     
   0.018     0.018     0.0017    0.00015  -0.00093   0.0017    0.0081   -0.013     0.093     0.72    
   0.024     0.024     0.0019    0.00025  -0.0031    0.0018    0.013    -0.0078    0.095     0.41    
   0.59      0.58      0.02     -0.00043   0.006     0.022    -0.0082   -0.06      1.2       3.3     
   1.2e-12   1.1e-12   1e-12    -1.1e-15  -2.2e-15  -7e-14     5.8e-15   1.9e-13   3.7e-13   1e-12   
   0.14      0.13      0.017    -0.00051  -0.00085  -0.029     0.0023    0.078     0.34      0.92    
   0.27      0.22      0.052    -0.0017   -0.0035   -0.1       0.0095    0.28      0.59      1.6     
   0.19      0.16      0.07      0.018     0.02     -0.083    -0.092     0.27      0.44      1.4     
   0.11      0.14      0.14      0.064     0.059    -0.052    -0.34      0.27      0.27      1.4     
   0.07      0.084     0.11      0.055     0.034    -0.028    -0.26      0.23      0.13      1.1     
   0.06      0.041     0.075     0.026     0.012     0.0018   -0.13      0.23     -0.0045    1.1     
   0.026     0.006     0.021     0.0025   -0.0013    0.011    -0.012     0.098    -0.051     0.47    
   0.045     0.015     0.038    -0.0053    0.0029    0.018     0.025     0.16     -0.09      0.8     
   1.1e-12   1e-12     1.1e-12  -1.8e-14   8.5e-15   2.2e-14   8.3e-14   2.1e-13  -1e-13     1e-12   
   0.0017    0.00057   0.0016   -0.00057   0.00027   0.00067   0.0027    0.0066   -0.0032    0.031   
   0.0035    0.0017    0.0039   -0.0017    0.00081   0.0014    0.0078    0.013    -0.0064    0.062   
   0.00062   0.00032   0.00078  -0.00036   0.00014   0.00021   0.0014    0.0021   -0.00079   0.0078  
   0.0014    0.00079   0.0019   -0.00089   0.00032   0.00046   0.0032    0.0045   -0.0016    0.016   
   0.00031   0.00033   0.00046  -0.00023   0.00015   0.00014   0.0014    0.0013   -0.00083   0.0078  
   0.00054   0.00084   0.001    -0.00048   0.00034   0.00025   0.0032    0.0024   -0.0017    0.016   
   0.00025   0.00029   0.00038  -0.00019   0.00013   0.00012   0.0012    0.0011   -0.00075   0.0071  
   0.00061   0.00028   0.00074  -0.00033   0.00012   0.0002    0.0012    0.002    -0.00072   0.0071  
   1.1e-12   1.1e-12   1.2e-12  -8.2e-14   4e-14     2.4e-14   3.7e-13   2.2e-13  -1.1e-13   1e-12   
   0.0026    0.00018   0.0026   -0.0005    8.3e-05   0.00041   0.0023    0.011    -0.0019    0.053   
   1.2e-12   1.1e-12   1.1e-12  -1.7e-15   2.7e-15   8.4e-14  -7.4e-15  -2.3e-13   3.7e-13   1e-12   
   0.15      0.13      0.024    -0.00077   0.0014    0.041    -0.0037   -0.11      0.34      0.92    
   0.29      0.22      0.075    -0.0024    0.0041    0.13     -0.011    -0.34      0.59      1.6     
   0.29      0.24      0.1       0.028    -0.049     0.12      0.12     -0.32      0.55      1.4     
   0.29      0.35      0.21      0.094    -0.16      0.12      0.42     -0.32      0.56      1.4     
   0.19      0.29      0.18      0.065    -0.15      0.07      0.39     -0.19      0.41      1.1     
   0.2       0.36      0.2      -0.004    -0.18      0.0014    0.45     -0.0037    0.45      1.1     
   0.081     0.15      0.089    -0.025    -0.077    -0.024     0.2       0.06      0.18      0.47    
   0.11      0.23      0.15     -0.045    -0.11     -0.036     0.33      0.11      0.27      0.8     
   1.1e-12   1.3e-12   1.2e-12  -5.5e-14  -1.2e-13  -3.7e-14   4.2e-13   1.3e-13   2.8e-13   1e-12   
   0.003     0.008     0.0061   -0.0017   -0.0037   -0.0011    0.013     0.0041    0.0087    0.031   
   0.0047    0.015     0.012    -0.0035   -0.0063   -0.002     0.026     0.0082    0.015     0.062   
   0.00055   0.0017    0.0017   -0.00061  -0.00064  -0.00028   0.0033    0.0014    0.0015    0.0078  
   0.0011    0.0034    0.0035   -0.0014   -0.0012   -0.00055   0.0068    0.0032    0.0027    0.016   
   0.00034   0.0017    0.0015   -0.00028  -0.00063  -0.00013   0.0033    0.00067   0.0015    0.0078  
   0.00051   0.0033    0.0029   -0.00046  -0.0011   -0.00018   0.0068    0.0011    0.0026    0.016   
   0.0003    0.0015    0.0013   -0.00022  -0.00058  -0.0001    0.003     0.00051   0.0014    0.0071  
   0.00055   0.0016    0.0015   -0.00059  -0.0006   -0.00027   0.003     0.0014    0.0014    0.0071  
   1e-12     1.2e-12   1.2e-12  -6e-14     8.5e-16   2.8e-16   4.3e-13   1.4e-13  -2e-15     1e-12   
   0.0056    0.014     0.0091   -0.0014   -0.0069   -0.0011    0.021     0.0033    0.016     0.049   
   1.3e-12   1.3e-12   1e-12    -9.9e-17   3.1e-15   1e-14    -5.5e-15  -1.8e-14   5.6e-13   1e-12   
   0.16      0.17      0.0025    0.00017  -0.0049    0.0051    0.0085   -0.0088    0.28      0.48    
   0.021     0.021     7.7e-05  -3.9e-06   0.00017   0.00044  -0.00031  -0.00087   0.04      0.08    
   0.028     0.028     0.0002    2e-05    -0.00096   0.00058   0.0016   -0.00099   0.047     0.08    
   1.3e-12   1.3e-12   1e-12    -9.9e-17   3.1e-15   1e-14    -5.5e-15  -1.8e-14   5.6e-13   1e-12   
   1.3e-12   1.3e-12   1e-12    -9.9e-17   3.1e-15   1e-14    -5.5e-15  -1.8e-14   5.6e-13   1e-12   
   1.3e-12   1.3e-12   1e-12    -9.9e-17   3.1e-15   1e-14    -5.5e-15  -1.8e-14   5.6e-13   1e-12   
   19        9.2       20       -3.3e-05  -3.3e-06   1e-05     0         0         6.1e-15   2.2e+02 
   0.031     0.042     0.049    -0.0031   -0.0021   -0.00039   2.7e-16   0         0         2.5     
   5.2e-05   5.2e-05   5.2e-05   0        -2.6e-21   9.6e-23   0         0         0         0.13    
   1.4e-05   8.6e-05   8.6e-05   4.3e-06  -1.1e-07   6.6e-09   0         0         0         0.092   
   0.00086   0.00064   0.00027  -1.8e-05  -4.8e-06  -5.8e-05  -3.1e-17   0         0         0.28    
   0.00025   0.00022   0.00026  -4.8e-07   2.4e-06   2.3e-06   1.7e-17  -5.4e-19   0         0.15    
   2.9       3.5e+02   3.5e+02   0         0         0         0         0         0         1.4e+02 
   2.9       3.5e+02   3.5e+02   0         0         0         0         0         0         1.4e+02 
   3.5e+02   2.9       3.5e+02   0         0         0         0         0         0         1.4e+02 
   3.5e+02   2.9       3.5e+02   0         0         0         0         0         0         1.4e+02 
   72        53        30        0.091     0.12      0.47      0         0         0         1.5e+02 
   0.00031   0.00031   6.8e-05  -3.3e-07   1.6e-06   4e-06     0         0        -4.4e-19   0.016   
   0.00031   0.00031   6.8e-05  -3.3e-07   1.6e-06   4e-06     0        -3.6e-18  -4.4e-19   0.016   
   0.00031   0.00031   6.8e-05  -3.3e-07   1.6e-06   4e-06     0        -1.8e-18   0         0.016   

ACTUATOR_LENGTH
   0.079   
   0.63    
   0.52    
   2.6e-05 
   6.2e-07 
   0.26    
   0.56    
   1.6     
   2.1     
  -1.3     
   0.059   
  -0.21    
   1.5     
   2       
  -1.6     
  -0.59    
  -1.7     
  -0.00024 
  -0.79    
  -0.00015 
  -0.0079  
   3.2e-06 
  -0.018   
  -0.0042  
  -0.032   

actuator_moment
-------------------------------------------------------------------------------------------------
    x                                                                                            |
     x                                                                                           |
      x                                                                                          |
       x                                                                                         |
                                  x                                                              |
                                   x                                                             |
                     x                                                                           |
                      x                                                                          |
                       x                                                                         |
                        x                                                                        |
                         x                                                                       |
                          x                                                                      |
                           x                                                                     |
        x                                                                                        |
         x                                                                                       |
          x                                                                                      |
           x                                                                                     |
            x                                                                                    |
             x                                                                                   |
              x                                                                                  |
                                x                                                                |
                   x                                                                             |
 x                                                                                               |
  x                                                                                              |
   x                                                                                             |
-------------------------------------------------------------------------------------------------

ACTUATOR_MOMENT
     3:  1       
     4:  1       
     5:  1       
     6:  1       
    33:  1       
    34:  1       
    20:  1       
    21:  1       
    22:  1       
    23:  1       
    24:  1       
    25:  1       
    26:  1       
     7:  1       
     8:  1       
     9:  1       
    10:  1       
    11:  1       
    12:  1       
    13:  1       
    31:  1       
    18:  1       
     0:  1       
     1:  1       
     2:  1       

CRB
   0         0         0         0         0         0         0         0         0         0       
   2e-12     2e-12     2e-12     0         0         0         0         0        -8.4e-17   1e+03   
   1e-12     1e-12     1e-12     0         0         0         0         0        -1.1e-15   1e+03   
   6.7       7.6       2.7       0.26     -0.86      0.016    -1.4e-16  -5.4e-17   8.1e-15   43      
   6.7       7.6       2.7       0.26     -0.86      0.016     3.7e-14   1.2e-14   5.7e-13   43      
   4.6       5.4       2.4       0.26     -0.75      0.1       0.23      0.17      3.9       35      
   4.6       5.4       2.4       0.26     -0.75      0.1       0.23      0.17      3.9       35      
   4.2       5.1       2.4       0.25     -0.8       0.15      0.11      0.29      4.6       34      
   3.6       4         1.9       0.25     -0.77      0.19      0.73      0.39      6.3       28      
   3.4       3.7       1.6       0.25     -0.62      0.19      1.2       0.44      6.8       25      
   3.4       3.7       1.6       0.25     -0.62      0.19      1.2       0.49      6.8       23      
   3.4       3.6       1.6       0.25     -0.62      0.19      1.2       0.5       6.7       23      
   3.3       3.6       1.6       0.25     -0.62      0.19      1.2       0.51      6.6       22      
   0.93      0.8       0.54      0.15      0.12     -0.26     -0.77      1.7       1.6       9.1     
   0.93      0.8       0.54      0.15      0.12     -0.26     -0.77      1.7       1.6       9.1     
   0.78      0.67      0.52      0.15      0.12     -0.23     -0.78      1.6       1.3       8.2     
   0.51      0.45      0.47      0.15      0.13     -0.13     -0.78      1.3       0.67      6.6     
   0.32      0.29      0.4       0.14      0.11     -0.045    -0.69      1         0.24      5.2     
   0.21      0.15      0.26      0.073     0.05      0.0068   -0.36      0.77     -0.031     3.7     
   0.14      0.068     0.15      0.018     0.016     0.035    -0.097     0.54     -0.16      2.6     
   0.082     0.027     0.073    -0.008     0.004     0.033     0.038     0.31     -0.16      1.5     
   0.056     0.021     0.052    -0.011     0.0053    0.022     0.05      0.21     -0.11      1       
   0.009     0.0051    0.011    -0.0047    0.0023    0.0034    0.022     0.033    -0.016     0.15    
   0.009     0.0051    0.011    -0.0047    0.0023    0.0034    0.022     0.033    -0.016     0.15    
   0.0073    0.0046    0.0092   -0.0042    0.002     0.0027    0.019     0.026    -0.013     0.12    
   0.0021    0.0011    0.0027   -0.0013    0.00046   0.00067   0.0045    0.0066   -0.0024    0.024   
   0.0014    0.00079   0.0019   -0.00089   0.00032   0.00046   0.0032    0.0045   -0.0016    0.016   
   0.00084   0.0012    0.0015   -0.00071   0.00049   0.00039   0.0046    0.0037   -0.0025    0.024   
   0.00054   0.00084   0.001    -0.00048   0.00034   0.00025   0.0032    0.0024   -0.0017    0.016   
   0.00025   0.00029   0.00038  -0.00019   0.00013   0.00012   0.0012    0.0011   -0.00075   0.0071  
   0.00061   0.00028   0.00074  -0.00033   0.00012   0.0002    0.0012    0.002    -0.00072   0.0071  
   1.1e-12   1.1e-12   1.2e-12  -8.2e-14   4e-14     2.4e-14   3.7e-13   2.2e-13  -1.1e-13   1e-12   
   0.0026    0.00018   0.0026   -0.0005    8.3e-05   0.00041   0.0023    0.011    -0.0019    0.053   
   1.6       2         1.1       0.1      -0.74      0.42      2        -1.1       3.4       9.1     
   1.6       2         1.1       0.1      -0.74      0.42      2        -1.1       3.4       9.1     
   1.5       1.9       1         0.1      -0.74      0.38      2        -0.98      3.1       8.2     
   1.2       1.7       0.97      0.1      -0.75      0.26      2        -0.64      2.5       6.6     
   0.89      1.4       0.87      0.076    -0.7       0.13      1.9      -0.32      1.9       5.2     
   0.6       1.1       0.66     -0.018    -0.53      0.0056    1.5       0.0015    1.4       3.7     
   0.41      0.79      0.48     -0.084    -0.39     -0.064     1.1       0.19      0.96      2.6     
   0.21      0.43      0.28     -0.08     -0.21     -0.066     0.61      0.19      0.5       1.5     
   0.13      0.28      0.19     -0.055    -0.13     -0.042     0.42      0.13      0.32      1       
   0.011     0.036     0.031    -0.0087   -0.015    -0.0046    0.065     0.021     0.035     0.15    
   0.011     0.036     0.031    -0.0087   -0.015    -0.0046    0.065     0.021     0.035     0.15    
   0.0081    0.028     0.025    -0.007    -0.011    -0.0035    0.052     0.016     0.026     0.12    
   0.0017    0.0051    0.0052   -0.002    -0.0018   -0.00083   0.01      0.0047    0.0042    0.024   
   0.0011    0.0034    0.0035   -0.0014   -0.0012   -0.00055   0.0068    0.0032    0.0027    0.016   
   0.00085   0.005     0.0044   -0.00075  -0.0017   -0.00031   0.01      0.0018    0.0041    0.024   
   0.00051   0.0033    0.0029   -0.00046  -0.0011   -0.00018   0.0068    0.0011    0.0026    0.016   
   0.0003    0.0015    0.0013   -0.00022  -0.00058  -0.0001    0.003     0.00051   0.0014    0.0071  
   0.00055   0.0016    0.0015   -0.00059  -0.0006   -0.00027   0.003     0.0014    0.0014    0.0071  
   1e-12     1.2e-12   1.2e-12  -6e-14     8.5e-16   2.8e-16   4.3e-13   1.4e-13  -2e-15     1e-12   
   0.0056    0.014     0.0091   -0.0014   -0.0069   -0.0011    0.021     0.0033    0.016     0.049   
   0.21      0.21      0.0028    0.00019  -0.0057    0.0061    0.0099   -0.011     0.37      0.64    
   0.21      0.21      0.0028    0.00019  -0.0057    0.0061    0.0099   -0.011     0.37      0.64    
   0.049     0.049     0.00028   1.6e-05  -0.0008    0.001     0.0013   -0.0019    0.087     0.16    
   0.028     0.028     0.0002    2e-05    -0.00096   0.00058   0.0016   -0.00099   0.047     0.08    
   3.9e-12   3.9e-12   3e-12    -3e-16     9.3e-15   3e-14    -1.7e-14  -5.4e-14   1.7e-12   3e-12   
   1.3e-12   1.3e-12   1e-12    -9.9e-17   3.1e-15   1e-14    -5.5e-15  -1.8e-14   5.6e-13   1e-12   
   1.3e-12   1.3e-12   1e-12    -9.9e-17   3.1e-15   1e-14    -5.5e-15  -1.8e-14   5.6e-13   1e-12   
   19        9.2       20       -3.3e-05  -3.3e-06   1e-05     0         0         6.1e-15   2.2e+02 
   0.031     0.042     0.049    -0.0031   -0.0021   -0.00039   2.7e-16   0         0         2.5     
   5.2e-05   5.2e-05   5.2e-05   0        -2.6e-21   9.6e-23   0         0         0         0.13    
   1.4e-05   8.6e-05   8.6e-05   4.3e-06  -1.1e-07   6.6e-09   0         0         0         0.092   
   0.00086   0.00064   0.00027  -1.8e-05  -4.8e-06  -5.8e-05  -3.1e-17   0         0         0.28    
   0.00025   0.00022   0.00026  -4.8e-07   2.4e-06   2.3e-06   1.7e-17  -5.4e-19   0         0.15    
   2.9       3.5e+02   3.5e+02   0         0         0         0         0         0         1.4e+02 
   2.9       3.5e+02   3.5e+02   0         0         0         0         0         0         1.4e+02 
   3.5e+02   2.9       3.5e+02   0         0         0         0         0         0         1.4e+02 
   3.5e+02   2.9       3.5e+02   0         0         0         0         0         0         1.4e+02 
   72        53        30        0.091     0.12      0.47      0         0         0         1.5e+02 
   0.00031   0.00031   6.8e-05  -3.3e-07   1.6e-06   4e-06     0         0        -4.4e-19   0.016   
   0.00031   0.00031   6.8e-05  -3.3e-07   1.6e-06   4e-06     0        -3.6e-18  -4.4e-19   0.016   
   0.00031   0.00031   6.8e-05  -3.3e-07   1.6e-06   4e-06     0        -1.8e-18   0         0.016   

QM
   43      
   0         43      
  -0.71      2.4       2.9     
   19       -0.61     -0.35      16      
  -13        0.41      0.16     -10        12      
   7.4      -0.24      0.026     7        -5.9       4       
  -0.91      1.2       1.7      -0.36      0.16      0.02      1.7     
  -1.8       0.056     0.38     -0.48      0.46      0.17      0.38      0.86    
   0.081     1.7      -0.19      0.0082    0.0051   -0.0039   -0.3      -0.015     0.54    
   0.038    -0.9      -0.057     0.017    -0.023    -0.0065    0.0028   -0.033    -0.25      0.33    
  -0.63      0.0067    0.14     -0.27     -0.13      0.031     0.15      0.29     -0.019    -0.0003    0.34    
  -0.0035   -0.048    -0.01     -0.00089  -0.0022    0.00037  -0.0069    0.0012   -0.0063    0.021     0.0025    0.0092  
  -0.01      0.0027    0.0028    0.00057  -0.033     0.01      0.0031    0.015    -0.00083  -0.00016   0.034     0.00026   0.014   
  -0.0025   -0.076    -0.014     0.00018  -0.0014    0.00043  -0.0087    0.0005   -0.014     0.035     0.0014    0.0084    8.7e-05   0.013   
   0.00084  -0.00053  -0.00038   0.00029  -0.00013  -5.8e-05  -0.00035  -0.0004   -1.7e-06   0.00031  -0.00021   0.00013  -1.2e-18   0.00018   4.9e-05 
  -2.2e-05  -0.00027  -6.3e-05  -3.1e-06  -3.7e-06   2.9e-06  -4.5e-05   8.2e-06  -3.6e-05   0.00013   7.8e-06   4.3e-05  -4.7e-19   6e-05     8.6e-06   6.1e-06 
  -0.00081  -0.00058  -1.5e-05  -0.00025   9.2e-05   6.5e-05   2.6e-05   0.00038  -5.7e-05   0.00031   0.00021   0.00013  -1.2e-18   0.00018                       4.9e-05 
   3.9e-05  -0.00027  -7.7e-05   1.7e-05  -1.2e-05  -1.7e-06  -5.9e-05  -2e-05    -3.4e-05   0.00013  -7.8e-06   4.3e-05  -4.5e-19   6e-05                         8.6e-06   6.1e-06 
   0.00016   6e-05    -1.2e-05   5.1e-05  -2e-05    -1.3e-05  -1.6e-05  -7.5e-05   4.6e-06  -3.3e-05  -4.1e-05  -1.6e-05   1.6e-19  -2.2e-05                                           0.001   
   0.00016  -4.9e-05  -6e-05     5.5e-05  -2.4e-05  -1.2e-05  -5.7e-05  -7.7e-05   6.2e-06   3.3e-05  -4.1e-05   1.6e-05  -1.5e-19   2.2e-05                                                     5.6e-06 
  -0.045     0.0014   -0.017    -0.63      1.4      -0.76     -0.015                                                                                                                                       0.76    
  -0.85      2         0.96     -0.7       0.49     -0.33      0.85                                                                                                                                       -0.032     1       
  -0.055     0.1       0.055    -0.32      0.64     -0.35      0.046                                                                                                                                       0.34      0.042     0.29    
   0.84     -0.17     -0.18      0.65     -0.45      0.3      -0.18                                                                                                                                        0.031    -0.35     -0.0051    0.29    
  -0.071     0.016     0.019    -0.051     0.042    -0.023     0.018                                                                                                                                      -0.0057    0.032     0.0097   -0.027     0.014   
   0.0058    0.013     0.0031    0.004    -0.0028    0.0018    0.0024                                                                                                                                      0.00039   0.0012    0.00034   0.0032   -0.00039   0.0032  
  -0.00086  -0.075    -0.035     0.0027   -0.0046    0.0025   -0.031                                                                                                                                      -0.0019   -0.031    -0.014     0.0044   -0.0027   -0.00054   0.013   
   4.4e-07  -0.00051  -0.00025   0.0003   -0.00064   0.00035  -0.00021                                                                                                                                    -0.00035  -0.00019  -0.00048   1.1e-05  -3.8e-05  -5.7e-19   0.00018   4.9e-05 
  -3.4e-06  -0.00027  -0.00013  -3e-06     1.1e-05  -6.3e-06  -0.00011                                                                                                                                     8.5e-06  -0.00011  -5.5e-05   1.8e-05  -1.3e-05  -2.4e-19   6e-05     8.5e-06   6.1e-06 
  -1.3e-05  -0.00058  -0.00028  -0.00027   0.0006   -0.00033  -0.00024                                                                                                                                     0.00034  -0.00025   0.0001    5.1e-05  -3.8e-05  -6.5e-19   0.00018                       4.9e-05 
  -2.9e-06  -0.00027  -0.00013   1.7e-05  -3.3e-05   1.8e-05  -0.00011                                                                                                                                    -1.6e-05  -0.00011  -7.5e-05   1.6e-05  -1.3e-05  -4.1e-20   6e-05                         8.5e-06   6.1e-06 
   1.9e-06   5.9e-05   2.8e-05   5.5e-05  -0.00012   6.6e-05   2.5e-05                                                                                                                                    -6.7e-05   2.7e-05  -3.4e-05  -6.7e-06   4.7e-06   2.8e-19  -2.2e-05                                           0.001   
   7.1e-07  -4.6e-05  -2.2e-05   5.7e-05  -0.00012   6.8e-05  -1.9e-05                                                                                                                                    -6.8e-05  -1.5e-05  -7.9e-05  -1.2e-06  -4.7e-06  -1.1e-19   2.2e-05                                                     5.6e-06 
  -0.001     0.0021    0.00039  -0.0011    0.00083  -0.00062   0.00028                                                                                                                                                                                                                                                                       0.0013  
   0.0023   -7.2e-05  -1.5e-05   0.0024   -0.0027    0.0016   -1.4e-05                                                                                                                                                                                                                                                                      -1.4e-05   0.0013  
                                                                                                                                                                                                                                                                                                                                                                 2.2e+02 
                                                                                                                                                                                                                                                                                                                                                                 0         2.2e+02 
                                                                                                                                                                                                                                                                                                                                                                 0         0         2.2e+02 
                                                                                                                                                                                                                                                                                                                                                                 45       -0.00016   7.8e-05   18      
                                                                                                                                                                                                                                                                                                                                                                 0.00015   45        4.4      -2.4e-15   28      
                                                                                                                                                                                                                                                                                                                                                                 4.4      -1.6e-05   7.7e-06   0.89     -1.8e-15   21      
                                                                                                                                                                                                                                                                                                                                                                                                                             2.5     
                                                                                                                                                                                                                                                                                                                                                                                                                             0         2.5     
                                                                                                                                                                                                                                                                                                                                                                                                                             0         0         2.5     
                                                                                                                                                                                                                                                                                                                                                                                                                             0.049    -0.21     -0.005     0.049   
                                                                                                                                                                                                                                                                                                                                                                                                                             0.2       0.049     0.022    -0.00025   0.061   
                                                                                                                                                                                                                                                                                                                                                                                                                             0.0045    0.0027    0.00057  -0.00026   0.00058   0.049   
                                                                                                                                                                                                                                                                                                                                                                                                                                                                                         0.13    
                                                                                                                                                                                                                                                                                                                                                                                                                                                                                         0         0.13    
                                                                                                                                                                                                                                                                                                                                                                                                                                                                                         0         0         0.13    
                                                                                                                                                                                                                                                                                                                                                                                                                                                                                         0         0         0         5.2e-05 
                                                                                                                                                                                                                                                                                                                                                                                                                                                                                         0         0         0         0         5.2e-05 
                                                                                                                                                                                                                                                                                                                                                                                                                                                                                         0         0         0         0         0         5.2e-05 
                                                                                                                                                                                                                                                                                                                                                                                                                                                                                                                                                     0.092   
                                                                                                                                                                                                                                                                                                                                                                                                                                                                                                                                                     0         0.092   
                                                                                                                                                                                                                                                                                                                                                                                                                                                                                                                                                     0         0         0.092   
                                                                                                                                                                                                                                                                                                                                                                                                                                                                                                                                                    -8.4e-05  -0.0014    0.00031   3.6e-05 
                                                                                                                                                                                                                                                                                                                                                                                                                                                                                                                                                     0.0014   -8.3e-05   2.2e-06  -1e-20     0.00011 
                                                                                                                                                                                                                                                                                                                                                                                                                                                                                                                                                    -0.00031   1.9e-05  -4.8e-07  -4.9e-20  -4.8e-06   8.8e-05 
                                                                                                                                                                                                                                                                                                                                                                                                                                                                                                                                                                                                                 0.28    
                                                                                                                                                                                                                                                                                                                                                                                                                                                                                                                                                                                                                 0         0.28    
                                                                                                                                                                                                                                                                                                                                                                                                                                                                                                                                                                                                                 0         0         0.28    
                                                                                                                                                                                                                                                                                                                                                                                                                                                                                                                                                                                                                -0.0026   -0.023    -0.0013    0.0027  
                                                                                                                                                                                                                                                                                                                                                                                                                                                                                                                                                                                                                 0.023    -0.0026    0.00072   4.6e-06   0.0025  
                                                                                                                                                                                                                                                                                                                                                                                                                                                                                                                                                                                                                 0.00071  -0.00024   1.4e-05   1.9e-07  -8.2e-06   0.00027 
                                                                                                                                                                                                                                                                                                                                                                                                                                                                                                                                                                                                                                                                             0.15    
                                                                                                                                                                                                                                                                                                                                                                                                                                                                                                                                                                                                                                                                             0         0.15    
                                                                                                                                                                                                                                                                                                                                                                                                                                                                                                                                                                                                                                                                             0         0         0.15    
                                                                                                                                                                                                                                                                                                                                                                                                                                                                                                                                                                                                                                                                            -0.00029  -0.0058   -0.00056   0.00048 
                                                                                                                                                                                                                                                                                                                                                                                                                                                                                                                                                                                                                                                                             0.0058   -0.00029   0.00013   9.1e-07   0.00044 
                                                                                                                                                                                                                                                                                                                                                                                                                                                                                                                                                                                                                                                                             0.00055  -0.00016   1.5e-07   7.1e-06   2.4e-05   0.00026 
                                                                                                                                                                                                                                                                                                                                                                                                                                                                                                                                                                                                                                                                                                                                         1.5e+02 
                                                                                                                                                                                                                                                                                                                                                                                                                                                                                                                                                                                                                                                                                                                                         0         1.5e+02 
                                                                                                                                                                                                                                                                                                                                                                                                                                                                                                                                                                                                                                                                                                                                         0         0         1.5e+02 
                                                                                                                                                                                                                                                                                                                                                                                                                                                                                                                                                                                                                                                                                                                                         1.3e+02   2.2e-06   0.27      1.7e+02 
                                                                                                                                                                                                                                                                                                                                                                                                                                                                                                                                                                                                                                                                                                                                         1.3e-05   1.3e+02  -0.86     -0.093     1.9e+02 
                                                                                                                                                                                                                                                                                                                                                                                                                                                                                                                                                                                                                                                                                                                                        -0.86     -0.27     -1.1e-05  -0.28     -0.35      30      
                                                                                                                                                                                                                                                                                                                                                                                                                                                                                                                                                                                                                                                                                                                                                                                                     0.016   
                                                                                                                                                                                                                                                                                                                                                                                                                                                                                                                                                                                                                                                                                                                                                                                                     0         0.016   
                                                                                                                                                                                                                                                                                                                                                                                                                                                                                                                                                                                                                                                                                                                                                                                                     0         0         0.016   
                                                                                                                                                                                                                                                                                                                                                                                                                                                                                                                                                                                                                                                                                                                                                                                                     0.0026    8.3e-07  -3.8e-05   0.00074 
                                                                                                                                                                                                                                                                                                                                                                                                                                                                                                                                                                                                                                                                                                                                                                                                    -2.5e-07   0.0026    3.6e-05   3.1e-07   0.00074 
                                                                                                                                                                                                                                                                                                                                                                                                                                                                                                                                                                                                                                                                                                                                                                                                    -2.2e-06   7.4e-05   1.1e-06   9.6e-08   1.4e-05   6.8e-05 
                                                                                                                                                                                                                                                                                                                                                                                                                                                                                                                                                                                                                                                                                                                                                                                                                                                                 0.016   
                                                                                                                                                                                                                                                                                                                                                                                                                                                                                                                                                                                                                                                                                                                                                                                                                                                                 0         0.016   
                                                                                                                                                                                                                                                                                                                                                                                                                                                                                                                                                                                                                                                                                                                                                                                                                                                                 0         0         0.016   
                                                                                                                                                                                                                                                                                                                                                                                                                                                                                                                                                                                                                                                                                                                                                                                                                                                                 0.0026    8.3e-07  -3.8e-05   0.00074 
                                                                                                                                                                                                                                                                                                                                                                                                                                                                                                                                                                                                                                                                                                                                                                                                                                                                -2.5e-07   0.0026    3.6e-05   3.1e-07   0.00074 
                                                                                                                                                                                                                                                                                                                                                                                                                                                                                                                                                                                                                                                                                                                                                                                                                                                                -2.2e-06   7.4e-05   1.1e-06   9.6e-08   1.4e-05   6.8e-05 
                                                                                                                                                                                                                                                                                                                                                                                                                                                                                                                                                                                                                                                                                                                                                                                                                                                                                                                             0.016   
                                                                                                                                                                                                                                                                                                                                                                                                                                                                                                                                                                                                                                                                                                                                                                                                                                                                                                                             0         0.016   
                                                                                                                                                                                                                                                                                                                                                                                                                                                                                                                                                                                                                                                                                                                                                                                                                                                                                                                             0         0         0.016   
                                                                                                                                                                                                                                                                                                                                                                                                                                                                                                                                                                                                                                                                                                                                                                                                                                                                                                                             0.0026    8.3e-07  -3.8e-05   0.00074 
                                                                                                                                                                                                                                                                                                                                                                                                                                                                                                                                                                                                                                                                                                                                                                                                                                                                                                                            -2.5e-07   0.0026    3.6e-05   3.1e-07   0.00074 
                                                                                                                                                                                                                                                                                                                                                                                                                                                                                                                                                                                                                                                                                                                                                                                                                                                                                                                            -2.2e-06   7.4e-05   1.1e-06   9.6e-08   1.4e-05   6.8e-05 

M
     0:  43      
     0:  0          1:  43      
     0: -0.71       1:  2.4        2:  2.9     
     0:  19         1: -0.61       2: -0.35       3:  16      
     0: -13         1:  0.41       2:  0.16       3: -10         4:  12      
     0:  7.4        1: -0.24       2:  0.026      3:  7          4: -5.9        5:  4       
     0: -0.91       1:  1.2        2:  1.7        3: -0.36       4:  0.16       5:  0.02       6:  1.7     
     0: -1.8        1:  0.056      2:  0.38       3: -0.48       4:  0.46       5:  0.17       6:  0.38       7:  0.86    
     0:  0.081      1:  1.7        2: -0.19       3:  0.0082     4:  0.0051     5: -0.0039     6: -0.3        7: -0.015      8:  0.54    
     0:  0.038      1: -0.9        2: -0.057      3:  0.017      4: -0.023      5: -0.0065     6:  0.0028     7: -0.033      8: -0.25       9:  0.33    
     0: -0.63       1:  0.0067     2:  0.14       3: -0.27       4: -0.13       5:  0.031      6:  0.15       7:  0.29       8: -0.019      9: -0.0003    10:  0.34    
     0: -0.0035     1: -0.048      2: -0.01       3: -0.00089    4: -0.0022     5:  0.00037    6: -0.0069     7:  0.0012     8: -0.0063     9:  0.021     10:  0.0025    11:  0.0092  
     0: -0.01       1:  0.0027     2:  0.0028     3:  0.00057    4: -0.033      5:  0.01       6:  0.0031     7:  0.015      8: -0.00083    9: -0.00016   10:  0.034     11:  0.00026   12:  0.014   
     0: -0.0025     1: -0.076      2: -0.014      3:  0.00018    4: -0.0014     5:  0.00043    6: -0.0087     7:  0.0005     8: -0.014      9:  0.035     10:  0.0014    11:  0.0084    12:  8.7e-05   13:  0.013   
     0:  0.00084    1: -0.00053    2: -0.00038    3:  0.00029    4: -0.00013    5: -5.8e-05    6: -0.00035    7: -0.0004     8: -1.7e-06    9:  0.00031   10: -0.00021   11:  0.00013   12: -1.2e-18   13:  0.00018   14:  4.9e-05 
     0: -2.2e-05    1: -0.00027    2: -6.3e-05    3: -3.1e-06    4: -3.7e-06    5:  2.9e-06    6: -4.5e-05    7:  8.2e-06    8: -3.6e-05    9:  0.00013   10:  7.8e-06   11:  4.3e-05   12: -4.7e-19   13:  6e-05     14:  8.6e-06   15:  6.1e-06 
     0: -0.00081    1: -0.00058    2: -1.5e-05    3: -0.00025    4:  9.2e-05    5:  6.5e-05    6:  2.6e-05    7:  0.00038    8: -5.7e-05    9:  0.00031   10:  0.00021   11:  0.00013   12: -1.2e-18   13:  0.00018   16:  4.9e-05 
     0:  3.9e-05    1: -0.00027    2: -7.7e-05    3:  1.7e-05    4: -1.2e-05    5: -1.7e-06    6: -5.9e-05    7: -2e-05      8: -3.4e-05    9:  0.00013   10: -7.8e-06   11:  4.3e-05   12: -4.5e-19   13:  6e-05     16:  8.6e-06   17:  6.1e-06 
     0:  0.00016    1:  6e-05      2: -1.2e-05    3:  5.1e-05    4: -2e-05      5: -1.3e-05    6: -1.6e-05    7: -7.5e-05    8:  4.6e-06    9: -3.3e-05   10: -4.1e-05   11: -1.6e-05   12:  1.6e-19   13: -2.2e-05   18:  0.001   
     0:  0.00016    1: -4.9e-05    2: -6e-05      3:  5.5e-05    4: -2.4e-05    5: -1.2e-05    6: -5.7e-05    7: -7.7e-05    8:  6.2e-06    9:  3.3e-05   10: -4.1e-05   11:  1.6e-05   12: -1.5e-19   13:  2.2e-05   19:  5.6e-06 
     0: -0.045      1:  0.0014     2: -0.017      3: -0.63       4:  1.4        5: -0.76       6: -0.015     20:  0.76    
     0: -0.85       1:  2          2:  0.96       3: -0.7        4:  0.49       5: -0.33       6:  0.85      20: -0.032     21:  1       
     0: -0.055      1:  0.1        2:  0.055      3: -0.32       4:  0.64       5: -0.35       6:  0.046     20:  0.34      21:  0.042     22:  0.29    
     0:  0.84       1: -0.17       2: -0.18       3:  0.65       4: -0.45       5:  0.3        6: -0.18      20:  0.031     21: -0.35      22: -0.0051    23:  0.29    
     0: -0.071      1:  0.016      2:  0.019      3: -0.051      4:  0.042      5: -0.023      6:  0.018     20: -0.0057    21:  0.032     22:  0.0097    23: -0.027     24:  0.014   
     0:  0.0058     1:  0.013      2:  0.0031     3:  0.004      4: -0.0028     5:  0.0018     6:  0.0024    20:  0.00039   21:  0.0012    22:  0.00034   23:  0.0032    24: -0.00039   25:  0.0032  
     0: -0.00086    1: -0.075      2: -0.035      3:  0.0027     4: -0.0046     5:  0.0025     6: -0.031     20: -0.0019    21: -0.031     22: -0.014     23:  0.0044    24: -0.0027    25: -0.00054   26:  0.013   
     0:  4.4e-07    1: -0.00051    2: -0.00025    3:  0.0003     4: -0.00064    5:  0.00035    6: -0.00021   20: -0.00035   21: -0.00019   22: -0.00048   23:  1.1e-05   24: -3.8e-05   25: -5.7e-19   26:  0.00018   27:  4.9e-05 
     0: -3.4e-06    1: -0.00027    2: -0.00013    3: -3e-06      4:  1.1e-05    5: -6.3e-06    6: -0.00011   20:  8.5e-06   21: -0.00011   22: -5.5e-05   23:  1.8e-05   24: -1.3e-05   25: -2.4e-19   26:  6e-05     27:  8.5e-06   28:  6.1e-06 
     0: -1.3e-05    1: -0.00058    2: -0.00028    3: -0.00027    4:  0.0006     5: -0.00033    6: -0.00024   20:  0.00034   21: -0.00025   22:  0.0001    23:  5.1e-05   24: -3.8e-05   25: -6.5e-19   26:  0.00018   29:  4.9e-05 
     0: -2.9e-06    1: -0.00027    2: -0.00013    3:  1.7e-05    4: -3.3e-05    5:  1.8e-05    6: -0.00011   20: -1.6e-05   21: -0.00011   22: -7.5e-05   23:  1.6e-05   24: -1.3e-05   25: -4.1e-20   26:  6e-05     29:  8.5e-06   30:  6.1e-06 
     0:  1.9e-06    1:  5.9e-05    2:  2.8e-05    3:  5.5e-05    4: -0.00012    5:  6.6e-05    6:  2.5e-05   20: -6.7e-05   21:  2.7e-05   22: -3.4e-05   23: -6.7e-06   24:  4.7e-06   25:  2.8e-19   26: -2.2e-05   31:  0.001   
     0:  7.1e-07    1: -4.6e-05    2: -2.2e-05    3:  5.7e-05    4: -0.00012    5:  6.8e-05    6: -1.9e-05   20: -6.8e-05   21: -1.5e-05   22: -7.9e-05   23: -1.2e-06   24: -4.7e-06   25: -1.1e-19   26:  2.2e-05   32:  5.6e-06 
     0: -0.001      1:  0.0021     2:  0.00039    3: -0.0011     4:  0.00083    5: -0.00062    6:  0.00028   33:  0.0013  
     0:  0.0023     1: -7.2e-05    2: -1.5e-05    3:  0.0024     4: -0.0027     5:  0.0016     6: -1.4e-05   33: -1.4e-05   34:  0.0013  
    35:  2.2e+02 
    35:  0         36:  2.2e+02 
    35:  0         36:  0         37:  2.2e+02 
    35:  45        36: -0.00016   37:  7.8e-05   38:  18      
    35:  0.00015   36:  45        37:  4.4       38: -2.4e-15   39:  28      
    35:  4.4       36: -1.6e-05   37:  7.7e-06   38:  0.89      39: -1.8e-15   40:  21      
    41:  2.5     
    41:  0         42:  2.5     
    41:  0         42:  0         43:  2.5     
    41:  0.049     42: -0.21      43: -0.005     44:  0.049   
    41:  0.2       42:  0.049     43:  0.022     44: -0.00025   45:  0.061   
    41:  0.0045    42:  0.0027    43:  0.00057   44: -0.00026   45:  0.00058   46:  0.049   
    47:  0.13    
    48:  0.13    
    49:  0.13    
    50:  5.2e-05 
    51:  5.2e-05 
    52:  5.2e-05 
    53:  0.092   
    53:  0         54:  0.092   
    53:  0         54:  0         55:  0.092   
    53: -8.4e-05   54: -0.0014    55:  0.00031   56:  3.6e-05 
    53:  0.0014    54: -8.3e-05   55:  2.2e-06   56: -1e-20     57:  0.00011 
    53: -0.00031   54:  1.9e-05   55: -4.8e-07   56: -4.9e-20   57: -4.8e-06   58:  8.8e-05 
    59:  0.28    
    59:  0         60:  0.28    
    59:  0         60:  0         61:  0.28    
    59: -0.0026    60: -0.023     61: -0.0013    62:  0.0027  
    59:  0.023     60: -0.0026    61:  0.00072   62:  4.6e-06   63:  0.0025  
    59:  0.00071   60: -0.00024   61:  1.4e-05   62:  1.9e-07   63: -8.2e-06   64:  0.00027 
    65:  0.15    
    65:  0         66:  0.15    
    65:  0         66:  0         67:  0.15    
    65: -0.00029   66: -0.0058    67: -0.00056   68:  0.00048 
    65:  0.0058    66: -0.00029   67:  0.00013   68:  9.1e-07   69:  0.00044 
    65:  0.00055   66: -0.00016   67:  1.5e-07   68:  7.1e-06   69:  2.4e-05   70:  0.00026 
    71:  1.5e+02 
    71:  0         72:  1.5e+02 
    71:  0         72:  0         73:  1.5e+02 
    71:  1.3e+02   72:  2.2e-06   73:  0.27      74:  1.7e+02 
    71:  1.3e-05   72:  1.3e+02   73: -0.86      74: -0.093     75:  1.9e+02 
    71: -0.86      72: -0.27      73: -1.1e-05   74: -0.28      75: -0.35      76:  30      
    77:  0.016   
    77:  0         78:  0.016   
    77:  0         78:  0         79:  0.016   
    77:  0.0026    78:  8.3e-07   79: -3.8e-05   80:  0.00074 
    77: -2.5e-07   78:  0.0026    79:  3.6e-05   80:  3.1e-07   81:  0.00074 
    77: -2.2e-06   78:  7.4e-05   79:  1.1e-06   80:  9.6e-08   81:  1.4e-05   82:  6.8e-05 
    83:  0.016   
    83:  0         84:  0.016   
    83:  0         84:  0         85:  0.016   
    83:  0.0026    84:  8.3e-07   85: -3.8e-05   86:  0.00074 
    83: -2.5e-07   84:  0.0026    85:  3.6e-05   86:  3.1e-07   87:  0.00074 
    83: -2.2e-06   84:  7.4e-05   85:  1.1e-06   86:  9.6e-08   87:  1.4e-05   88:  6.8e-05 
    89:  0.016   
    89:  0         90:  0.016   
    89:  0         90:  0         91:  0.016   
    89:  0.0026    90:  8.3e-07   91: -3.8e-05   92:  0.00074 
    89: -2.5e-07   90:  0.0026    91:  3.6e-05   92:  3.1e-07   93:  0.00074 
    89: -2.2e-06   90:  7.4e-05   91:  1.1e-06   92:  9.6e-08   93:  1.4e-05   94:  6.8e-05 

QLD
     0:  17      
     0:  0.012      1:  32      
     0:  0.16       1:  0.52       2:  1       
     0:  1.4        1: -0.041      2:  0.0053     3:  2       
     0: -0.47       1:  0.02       2: -0.001      3: -0.047      4:  2.1     
     0:  2.4        1: -0.061      2:  0.002      3:  2          4: -1.4        5:  2.8     
     0:  0.47       1:  0.082      2:  1          3:  0.33       4: -0.45       5:  0.18       6:  0.5     
     0: -1.9        1:  0.061      2:  0.39       3: -0.36       4:  0.88       5:  0.26       6:  0.37       7:  0.6     
     0:  0.23       1:  3          2: -0.65       3:  0.012      4: -0.059      5: -0.028      6: -0.83       7: -0.078      8:  0.33    
     0:  0.16       1: -2.9        2: -0.082      3:  0.058      4: -0.09       5: -0.031      6:  0.11       7: -0.13       8: -0.91       9:  0.24    
     0: -2.3        1:  0.031      2:  0.52       3: -1.1        4: -0.17       5:  0.018      6:  0.54       7:  0.96       8: -0.062      9: -0.012     10:  0.25    
     0: -0.47       1:  0.015      2: -0.33       3: -0.27       4: -0.22       5: -0.013      6: -0.34       7:  0.18       8:  0.7        9: -0.22      10:  0.3       11:  0.0038  
     0: -0.77       1:  0.24       2:  0.22       3:  0.042      4: -2.5        5:  0.75       6:  0.23       7:  1.1        8: -0.053      9: -0.03      10:  2.5       11:  0.015     12:  0.014   
     0: -0.3        1: -6.1        2: -1          3: -0.018      4: -0.098      5:  0.039      6: -0.62       7:  0.082      8: -1.2        9:  2.8       10:  0.13      11:  0.63      12:  0.0077    13:  0.011   
     0:  23         1: -3.9        2: -7.9        3:  7.8        4: -3.3        5: -1.7        6: -7.7        7: -11         8:  1.3        9:  3.2       10: -6         11:  1.8       12: -1.3e-14   13:  2.5       14:  3.7e-05 
     0: -3.6        1: -44         2: -10         3: -0.51       4: -0.6        5:  0.47       6: -7.4        7:  1.3        8: -5.9        9:  22        10:  1.3       11:  7         12: -7.6e-14   13:  9.9       14:  1.4       15:  6.1e-06 
     0: -23         1: -5.5        2:  2.5        3: -7.5        4:  2.9        5:  1.8        6:  2.9        7:  11         8: -0.24       9:  3.2       10:  6         11:  1.8       12: -1.6e-14   13:  2.5       16:  3.7e-05 
     0:  6.4        1: -44         2: -13         3:  2.8        4: -1.9        5: -0.27       6: -9.7        7: -3.3        8: -5.6        9:  22        10: -1.3       11:  7         12: -7.4e-14   13:  9.9       16:  1.4       17:  6.1e-06 
     0:  0.16       1:  0.059      2: -0.012      3:  0.051      4: -0.02       5: -0.013      6: -0.016      7: -0.075      8:  0.0046     9: -0.033     10: -0.041     11: -0.016     12:  1.6e-16   13: -0.022     18:  0.001   
     0:  29         1: -8.7        2: -11         3:  9.8        4: -4.2        5: -2.1        6: -10         7: -14         8:  1.1        9:  5.9       10: -7.4       11:  2.8       12: -2.7e-14   13:  4         19:  5.6e-06 
     0: -0.19       1:  0.011      2: -0.036      3: -0.91       4:  2.1        5: -1          6: -0.022     20:  0.33    
     0:  0.26       1:  3          2:  1.2        3:  0.16       4: -0.14       5:  0.09       6:  1         20: -0.023     21:  0.56    
     0: -0.21       1:  0.12       2:  0.072      3: -1.2        4:  2.3        5: -1.3        6:  0.055     20:  1.2       21:  0.042     22:  0.27    
     0:  2.9        1: -0.64       2: -0.64       3:  2.3        4: -1.6        5:  1.1        6: -0.61      20:  0.083     21: -1.2       22:  0.049     23:  0.24    
     0: -5.1        1:  0.19       2:  0.85       3: -3.6        4:  2.9        5: -1.6        6:  0.85      20: -0.44      21:  1.9       22:  0.49      23: -1.8       24:  0.014   
     0:  1.8        1:  3          2:  0.5        3:  1.3        4: -0.96       5:  0.59       6:  0.33      20:  0.1       21: -0.029     22: -0.073     23:  1.1       24: -0.16      25:  0.0032  
     0: -0.069      1: -6          2: -2.8        3:  0.21       4: -0.34       5:  0.18       6: -2.5       20: -0.14      21: -2.4       22: -1.1       23:  0.35      24: -0.2       25: -0.047     26:  0.011   
     0:  0.14       1: -3.5        2: -1.7        3:  8.1        4: -18         5:  9.7        6: -1.4       20: -9.8       21: -0.87      22: -11        23: -0.37      24: -0.53      25: -6.1e-15   26:  2.5       27:  3.7e-05 
     0: -0.55       1: -44         2: -21         3: -0.49       4:  1.8        5: -1          6: -19        20:  1.4       21: -18        22: -9         23:  2.9       24: -2.1       25: -4e-14     26:  9.9       27:  1.4       28:  6.1e-06 
     0: -0.24       1: -5.6        2: -2.6        3: -8          4:  17         5: -9.5        6: -2.4       20:  9.7       21: -2.7       22:  5.6       23:  0.77      24: -0.53      25: -1.6e-14   26:  2.5       29:  3.7e-05 
     0: -0.47       1: -44         2: -21         3:  2.8        4: -5.4        5:  2.9        6: -18        20: -2.6       21: -18        22: -12        23:  2.6       24: -2.1       25: -6.7e-15   26:  9.8       29:  1.4       30:  6.1e-06 
     0:  0.0019     1:  0.059      2:  0.028      3:  0.054      4: -0.12       5:  0.065      6:  0.025     20: -0.067     21:  0.027     22: -0.034     23: -0.0066    24:  0.0046    25:  2.8e-16   26: -0.022     31:  0.001   
     0:  0.13       1: -8.2        2: -4          3:  10         4: -22         5:  12         6: -3.3       20: -12        21: -2.7       22: -14        23: -0.22      24: -0.83      25: -2e-14     26:  3.9       32:  5.6e-06 
     0: -0.77       1:  1.7        2:  0.3        3: -0.8        4:  0.62       5: -0.47       6:  0.22      33:  0.0013  
     0:  1.7        1: -0.055      2: -0.011      3:  1.8        4: -2.1        5:  1.2        6: -0.011     33: -0.011     34:  0.0013  
    35:  1.1e+02 
    35:  9.4e-07   36:  1.5e+02 
    35: -9.8e-07   36: -0.032     37:  2.2e+02 
    35:  2.4       36: -8.7e-06   37:  4.3e-06   38:  18      
    35:  5.5e-06   36:  1.6       37:  0.16      38: -8.4e-17   39:  28      
    35:  0.21      36: -7.7e-07   37:  3.8e-07   38:  0.043     39: -8.6e-17   40:  21      
    41:  1.7     
    41:  0.032     42:  1.6     
    41: -0.028     42: -0.016     43:  2.5     
    41:  1         42: -4.2       43: -0.1       44:  0.049   
    41:  3.3       42:  0.79      43:  0.36      44: -0.004     45:  0.061   
    41:  0.093     42:  0.056     43:  0.012     44: -0.0054    45:  0.012     46:  0.049   
    47:  0.13    
    48:  0.13    
    49:  0.13    
    50:  5.2e-05 
    51:  5.2e-05 
    52:  5.2e-05 
    53:  0.073   
    53: -0.061     54:  0.036   
    53:  0.0077    54:  0.14      55:  0.089   
    53: -2.3       54: -39        55:  8.6       56:  3.6e-05 
    53:  13        54: -0.76      55:  0.02      56: -1.2e-16   57:  0.00011 
    53: -3.6       54:  0.21      55: -0.0055    56: -5.6e-16   57: -0.055     58:  8.8e-05 
    59:  0.07    
    59:  0.026     60:  0.089   
    59: -0.028     60: -0.037     61:  0.28    
    59: -0.95      60: -8.4       61: -0.49      62:  0.0027  
    59:  9.1       60: -1         61:  0.29      62:  0.0018    63:  0.0025  
    59:  2.6       60: -0.89      61:  0.05      62:  0.00072   63: -0.03      64:  0.00027 
    65:  0.076   
    65:  0.0016    66:  0.082   
    65: -0.013     66: -0.044     67:  0.15    
    65: -0.65      66: -12        67: -1.2       68:  0.00048 
    65:  13        66: -0.64      67:  0.29      68:  0.0006    69:  0.00044 
    65:  2.1       66: -0.59      67:  0.00056   68:  0.027     69:  0.09      70:  0.00026 
    71:  47      
    71: -0.00088   72:  58      
    71: -0.0014    72:  0.004     73:  1.5e+02 
    71:  0.78      72:  0.00039   73:  0.0016    74:  1.7e+02 
    71: -5.3e-05   72:  0.7       73: -0.0046    74: -0.00051   75:  1.9e+02 
    71: -0.029     72: -0.009     73: -3.7e-07   74: -0.0094    75: -0.012     76:  30      
    77:  0.0067  
    77:  0.00057   78:  0.0067  
    77:  0.0084    78: -0.0081    79:  0.016   
    77:  3.6       78: -0.00039   79: -0.051     80:  0.00074 
    77:  0.00027   78:  3.6       79:  0.049     80:  0.00039   81:  0.00073 
    77: -0.032     78:  1.1       79:  0.015     80:  0.0014    81:  0.2       82:  6.8e-05 
    83:  0.0067  
    83:  0.00057   84:  0.0067  
    83:  0.0084    84: -0.0081    85:  0.016   
    83:  3.6       84: -0.00039   85: -0.051     86:  0.00074 
    83:  0.00027   84:  3.6       85:  0.049     86:  0.00039   87:  0.00073 
    83: -0.032     84:  1.1       85:  0.015     86:  0.0014    87:  0.2       88:  6.8e-05 
    89:  0.0067  
    89:  0.00057   90:  0.0067  
    89:  0.0084    90: -0.0081    91:  0.016   
    89:  3.6       90: -0.00039   91: -0.051     92:  0.00074 
    89:  0.00027   90:  3.6       91:  0.049     92:  0.00039   93:  0.00073 
    89: -0.032     90:  1.1       91:  0.015     92:  0.0014    93:  0.2       94:  6.8e-05 

QLDIAGINV
   0.059   
   0.031   
   0.96    
   0.51    
   0.47    
   0.35    
   2       
   1.7     
   3.1     
   4.2     
   4       
   2.6e+02 
   74      
   88      
   2.7e+04 
   1.6e+05 
   2.7e+04 
   1.6e+05 
   9.9e+02 
   1.8e+05 
   3       
   1.8     
   3.8     
   4.2     
   72      
   3.2e+02 
   87      
   2.7e+04 
   1.6e+05 
   2.7e+04 
   1.6e+05 
   9.9e+02 
   1.8e+05 
   7.8e+02 
   7.7e+02 
   0.009   
   0.0067  
   0.0045  
   0.055   
   0.036   
   0.049   
   0.58    
   0.64    
   0.41    
   21      
   16      
   21      
   8       
   8       
   8       
   1.9e+04 
   1.9e+04 
   1.9e+04 
   14      
   28      
   11      
   2.8e+04 
   9.3e+03 
   1.1e+04 
   14      
   11      
   3.5     
   3.7e+02 
   4e+02   
   3.7e+03 
   13      
   12      
   6.5     
   2.1e+03 
   2.3e+03 
   3.8e+03 
   0.021   
   0.017   
   0.0067  
   0.0059  
   0.0053  
   0.034   
   1.5e+02 
   1.5e+02 
   62      
   1.4e+03 
   1.4e+03 
   1.5e+04 
   1.5e+02 
   1.5e+02 
   62      
   1.4e+03 
   1.4e+03 
   1.5e+04 
   1.5e+02 
   1.5e+02 
   62      
   1.4e+03 
   1.4e+03 
   1.5e+04 

QH
     0:  21      
     0:  0.016      1:  38      
     0:  0.032      1:  0.41       2:  2.8     
     0:  0.9        1: -0.0044     2: -0.0016     3:  7.2     
     0: -0.72       1: -0.0058     2: -0.0088     3: -0.48       4:  7.2     
     0:  1.3        1:  0.013      2:  0.023      3:  1.2        4: -0.88       5:  5.3     
     0:  0.024      1:  0.16       2:  0.34       3:  0.055      4: -0.07       5:  0.051      6:  3       
     0: -1.2        1:  0.028      2:  0.25       3: -0.29       4:  0.41       5:  0.13       6:  0.25       7:  1.2     
     0:  0.081      1:  1.4        2: -0.22       3:  0.0071     4: -0.0082     5: -0.0059     6: -0.31       7: -0.02       8:  0.94    
     0:  0.06       1: -1.4        2: -0.083      3:  0.026      4: -0.037      5: -0.011      6:  0.011      7: -0.051      8: -0.41       9:  0.62    
     0: -0.97       1:  0.011      2:  0.22       3: -0.42       4: -0.19       5:  0.046      6:  0.22       7:  0.44       8: -0.029      9: -0.00053   10:  0.64    
     0: -0.013      1: -0.14       2: -0.027      3: -0.0037     4: -0.0064     5:  0.0012     6: -0.018      7:  0.0048     8: -0.018      9:  0.059     10:  0.0083    11:  0.31    
     0: -0.033      1:  0.0088     2:  0.009      3:  0.0018     4: -0.11       5:  0.032      6:  0.0099     7:  0.048      8: -0.0026     9: -0.00054   10:  0.11      11:  0.00083   12:  0.31    
     0: -0.011      1: -0.22       2: -0.037      3: -0.00067    4: -0.0036     5:  0.0014     6: -0.023      7:  0.003      8: -0.043      9:  0.1       10:  0.0049    11:  0.023     12:  0.00028   13:  0.31    
     0:  23         1: -3.9        2: -7.9        3:  7.8        4: -3.3        5: -1.7        6: -7.7        7: -11         8:  1.3        9:  3.2       10: -6         11:  1.8       12: -1.3e-14   13:  2.5       14:  3.7e-05 
     0: -3.6        1: -44         2: -10         3: -0.51       4: -0.6        5:  0.47       6: -7.4        7:  1.3        8: -5.9        9:  22        10:  1.3       11:  7         12: -7.6e-14   13:  9.9       14:  1.4       15:  6.1e-06 
     0: -23         1: -5.5        2:  2.5        3: -7.5        4:  2.9        5:  1.8        6:  2.9        7:  11         8: -0.24       9:  3.2       10:  6         11:  1.8       12: -1.6e-14   13:  2.5       16:  3.7e-05 
     0:  6.4        1: -44         2: -13         3:  2.8        4: -1.9        5: -0.27       6: -9.7        7: -3.3        8: -5.6        9:  22        10: -1.3       11:  7         12: -7.4e-14   13:  9.9       16:  1.4       17:  6.1e-06 
     0:  0.0031     1:  0.0012     2: -0.00023    3:  0.00099    4: -0.00038    5: -0.00024    6: -0.00031    7: -0.0014     8:  8.9e-05    9: -0.00064   10: -0.0008    11: -0.0003    12:  3.1e-18   13: -0.00043   18:  0.052   
     0:  29         1: -8.7        2: -11         3:  9.8        4: -4.2        5: -2.1        6: -10         7: -14         8:  1.1        9:  5.9       10: -7.4       11:  2.8       12: -2.7e-14   13:  4         19:  5.6e-06 
     0: -0.066      1:  0.0035     2: -0.013      3: -0.47       4:  1          5: -0.54       6: -0.011     20:  1.1     
     0: -0.26       1:  1.4        2:  0.64       3: -0.22       4:  0.14       5: -0.097      6:  0.56      20: -0.025     21:  1.3     
     0: -0.081      1:  0.16       2:  0.084      3: -0.53       4:  1.1        5: -0.59       6:  0.07      20:  0.57      21:  0.06      22:  0.58    
     0:  1.4        1: -0.29       2: -0.31       3:  1.1        4: -0.77       5:  0.51       6: -0.3       20:  0.051     21: -0.59      22: -0.0071    23:  0.59    
     0: -0.23       1:  0.046      2:  0.057      3: -0.16       4:  0.13       5: -0.071      6:  0.054     20: -0.018     21:  0.1       22:  0.029     23: -0.084     24:  0.31    
     0:  0.019      1:  0.042      2:  0.01       3:  0.013      4: -0.0094     5:  0.0058     6:  0.0076    20:  0.0013    21:  0.0039    22:  0.0011    23:  0.011     24: -0.0013    25:  0.3     
     0: -0.0025     1: -0.22       2: -0.1        3:  0.0076     4: -0.012      5:  0.0068     6: -0.091     20: -0.0051    21: -0.09      22: -0.039     23:  0.013     24: -0.0074    25: -0.0017    26:  0.31    
     0:  0.14       1: -3.5        2: -1.7        3:  8.1        4: -18         5:  9.7        6: -1.4       20: -9.8       21: -0.87      22: -11        23: -0.37      24: -0.53      25: -6.1e-15   26:  2.5       27:  3.7e-05 
     0: -0.55       1: -44         2: -21         3: -0.49       4:  1.8        5: -1          6: -19        20:  1.4       21: -18        22: -9         23:  2.9       24: -2.1       25: -4e-14     26:  9.9       27:  1.4       28:  6.1e-06 
     0: -0.24       1: -5.6        2: -2.6        3: -8          4:  17         5: -9.5        6: -2.4       20:  9.7       21: -2.7       22:  5.6       23:  0.77      24: -0.53      25: -1.6e-14   26:  2.5       29:  3.7e-05 
     0: -0.47       1: -44         2: -21         3:  2.8        4: -5.4        5:  2.9        6: -18        20: -2.6       21: -18        22: -12        23:  2.6       24: -2.1       25: -6.7e-15   26:  9.8       29:  1.4       30:  6.1e-06 
     0:  3.7e-05    1:  0.0011     2:  0.00055    3:  0.0011     4: -0.0023     5:  0.0013     6:  0.00048   20: -0.0013    21:  0.00053   22: -0.00065   23: -0.00013   24:  9e-05     25:  5.5e-18   26: -0.00042   31:  0.052   
     0:  0.13       1: -8.2        2: -4          3:  10         4: -22         5:  12         6: -3.3       20: -12        21: -2.7       22: -14        23: -0.22      24: -0.83      25: -2e-14     26:  3.9       32:  5.6e-06 
     0: -0.0099     1:  0.021      2:  0.0038     3: -0.01       4:  0.0081     5: -0.006      6:  0.0028    33:  0.1     
     0:  0.022      1: -0.00071    2: -0.00014    3:  0.023      4: -0.027      5:  0.016      6: -0.00014   33: -0.00014   34:  0.1     
    35:  1.1e+02 
    35:  9.4e-07   36:  1.5e+02 
    35: -9.8e-07   36: -0.032     37:  2.2e+02 
    35:  2.4       36: -8.7e-06   37:  4.3e-06   38:  18      
    35:  5.5e-06   36:  1.6       37:  0.16      38: -8.4e-17   39:  28      
    35:  0.21      36: -7.7e-07   37:  3.8e-07   38:  0.043     39: -8.6e-17   40:  21      
    41:  1.7     
    41:  0.032     42:  1.6     
    41: -0.028     42: -0.016     43:  2.5     
    41:  1         42: -4.2       43: -0.1       44:  0.049   
    41:  3.3       42:  0.79      43:  0.36      44: -0.004     45:  0.061   
    41:  0.093     42:  0.056     43:  0.012     44: -0.0054    45:  0.012     46:  0.049   
    47:  0.13    
    48:  0.13    
    49:  0.13    
    50:  5.2e-05 
    51:  5.2e-05 
    52:  5.2e-05 
    53:  0.073   
    53: -0.061     54:  0.036   
    53:  0.0077    54:  0.14      55:  0.089   
    53: -2.3       54: -39        55:  8.6       56:  3.6e-05 
    53:  13        54: -0.76      55:  0.02      56: -1.2e-16   57:  0.00011 
    53: -3.6       54:  0.21      55: -0.0055    56: -5.6e-16   57: -0.055     58:  8.8e-05 
    59:  0.07    
    59:  0.026     60:  0.089   
    59: -0.028     60: -0.037     61:  0.28    
    59: -0.95      60: -8.4       61: -0.49      62:  0.0027  
    59:  9.1       60: -1         61:  0.29      62:  0.0018    63:  0.0025  
    59:  2.6       60: -0.89      61:  0.05      62:  0.00072   63: -0.03      64:  0.00027 
    65:  0.076   
    65:  0.0016    66:  0.082   
    65: -0.013     66: -0.044     67:  0.15    
    65: -0.65      66: -12        67: -1.2       68:  0.00048 
    65:  13        66: -0.64      67:  0.29      68:  0.0006    69:  0.00044 
    65:  2.1       66: -0.59      67:  0.00056   68:  0.027     69:  0.09      70:  0.00026 
    71:  47      
    71: -0.00088   72:  58      
    71: -0.0014    72:  0.004     73:  1.5e+02 
    71:  0.78      72:  0.00039   73:  0.0016    74:  1.7e+02 
    71: -5.3e-05   72:  0.7       73: -0.0046    74: -0.00051   75:  1.9e+02 
    71: -0.029     72: -0.009     73: -3.7e-07   74: -0.0094    75: -0.012     76:  30      
    77:  0.0067  
    77:  0.00057   78:  0.0067  
    77:  0.0084    78: -0.0081    79:  0.016   
    77:  3.6       78: -0.00039   79: -0.051     80:  0.00074 
    77:  0.00027   78:  3.6       79:  0.049     80:  0.00039   81:  0.00073 
    77: -0.032     78:  1.1       79:  0.015     80:  0.0014    81:  0.2       82:  6.8e-05 
    83:  0.0067  
    83:  0.00057   84:  0.0067  
    83:  0.0084    84: -0.0081    85:  0.016   
    83:  3.6       84: -0.00039   85: -0.051     86:  0.00074 
    83:  0.00027   84:  3.6       85:  0.049     86:  0.00039   87:  0.00073 
    83: -0.032     84:  1.1       85:  0.015     86:  0.0014    87:  0.2       88:  6.8e-05 
    89:  0.0067  
    89:  0.00057   90:  0.0067  
    89:  0.0084    90: -0.0081    91:  0.016   
    89:  3.6       90: -0.00039   91: -0.051     92:  0.00074 
    89:  0.00027   90:  3.6       91:  0.049     92:  0.00039   93:  0.00073 
    89: -0.032     90:  1.1       91:  0.015     92:  0.0014    93:  0.2       94:  6.8e-05 

QHDIAGINV
   0.047   
   0.027   
   0.36    
   0.14    
   0.14    
   0.19    
   0.33    
   0.81    
   1.1     
   1.6     
   1.6     
   3.2     
   3.2     
   3.2     
   2.7e+04 
   1.6e+05 
   2.7e+04 
   1.6e+05 
   19      
   1.8e+05 
   0.94    
   0.75    
   1.7     
   1.7     
   3.2     
   3.3     
   3.2     
   2.7e+04 
   1.6e+05 
   2.7e+04 
   1.6e+05 
   19      
   1.8e+05 
   9.8     
   9.8     
   0.009   
   0.0067  
   0.0045  
   0.055   
   0.036   
   0.049   
   0.58    
   0.64    
   0.41    
   21      
   16      
   21      
   8       
   8       
   8       
   1.9e+04 
   1.9e+04 
   1.9e+04 
   14      
   28      
   11      
   2.8e+04 
   9.3e+03 
   1.1e+04 
   14      
   11      
   3.5     
   3.7e+02 
   4e+02   
   3.7e+03 
   13      
   12      
   6.5     
   2.1e+03 
   2.3e+03 
   3.8e+03 
   0.021   
   0.017   
   0.0067  
   0.0059  
   0.0053  
   0.034   
   1.5e+02 
   1.5e+02 
   62      
   1.4e+03 
   1.4e+03 
   1.5e+04 
   1.5e+02 
   1.5e+02 
   62      
   1.4e+03 
   1.4e+03 
   1.5e+04 
   1.5e+02 
   1.5e+02 
   62      
   1.4e+03 
   1.4e+03 
   1.5e+04 

B: body-dof matrix
-------------------------------------------------------------------------------------------------
 xxxxxxxxxxxxxxxxxxxxxxxxxxxxxxxxxxxxxxxxxxxxxxxxxxxxxxxxxxxxxxxxxxxxxxxxxxxxxxxxxxxxxxxxxxxxxxx |
                                                                                                 |
                                                                                                 |
 xxxxxxxxxxxxxxxxxxxxxxxxxxxxxxxxxxx                                                             |
 xxxxxxxxxxxxxxxxxxxxxxxxxxxxxxxxxxx                                                             |
 xxxxxxxxxxxxxxxxxxxxxxxxxxxxxxxxxxx                                                             |
 xxxxxxxxxxxxxxxxxxxxxxxxxxxxxxxxxxx                                                             |
 xxxxxxxxxxxxxxxxxxxxxxxxxxxxxxxxxxx                                                             |
 xxxxxxxxxxxxxxxxxxxxxxxxxxxxxxxxxxx                                                             |
 xxxxxxxxxxxxxxxxxxxxxxxxxxxxxxxxxxx                                                             |
 xxxxxxxxxxxxxxxxxxxxxxxxxxxxxxxxxxx                                                             |
 xxxxxxxxxxxxxxxxxxxxxxxxxxxxxxxxxxx                                                             |
 xxxxxxxxxxxxxxxxxxxxxxxxxxxxxxxxxxx                                                             |
 xxxxxxxxxxxxxxxxxxxx                                                                            |
 xxxxxxxxxxxxxxxxxxxx                                                                            |
 xxxxxxxxxxxxxxxxxxxx                                                                            |
 xxxxxxxxxxxxxxxxxxxx                                                                            |
 xxxxxxxxxxxxxxxxxxxx                                                                            |
 xxxxxxxxxxxxxxxxxxxx                                                                            |
 xxxxxxxxxxxxxxxxxxxx                                                                            |
 xxxxxxxxxxxxxxxxxxxx                                                                            |
 xxxxxxxxxxxxxxxxxxxx                                                                            |
 xxxxxxxxxxxxxxxxxxxx                                                                            |
 xxxxxxxxxxxxxxxxxxxx                                                                            |
 xxxxxxxxxxxxxxxxxxxx                                                                            |
 xxxxxxxxxxxxxxxx                                                                                |
 xxxxxxxxxxxxxxxx                                                                                |
 xxxxxxxxxxxxxx  xx                                                                              |
 xxxxxxxxxxxxxx  xx                                                                              |
 xxxxxxxxxxxxxx    x                                                                             |
 xxxxxxxxxxxxxx     x                                                                            |
 xxxxxxxxxxxxxx                                                                                  |
 xxxxxxxxxxxxxx                                                                                  |
 xxxxxxx             xxxxxxxxxxxxx                                                               |
 xxxxxxx             xxxxxxxxxxxxx                                                               |
 xxxxxxx             xxxxxxxxxxxxx                                                               |
 xxxxxxx             xxxxxxxxxxxxx                                                               |
 xxxxxxx             xxxxxxxxxxxxx                                                               |
 xxxxxxx             xxxxxxxxxxxxx                                                               |
 xxxxxxx             xxxxxxxxxxxxx                                                               |
 xxxxxxx             xxxxxxxxxxxxx                                                               |
 xxxxxxx             xxxxxxxxxxxxx                                                               |
 xxxxxxx             xxxxxxxxxxxxx                                                               |
 xxxxxxx             xxxxxxxxxxxxx                                                               |
 xxxxxxx             xxxxxxxxxxxxx                                                               |
 xxxxxxx             xxxxxxxxx                                                                   |
 xxxxxxx             xxxxxxxxx                                                                   |
 xxxxxxx             xxxxxxx  xx                                                                 |
 xxxxxxx             xxxxxxx  xx                                                                 |
 xxxxxxx             xxxxxxx    x                                                                |
 xxxxxxx             xxxxxxx     x                                                               |
 xxxxxxx             xxxxxxx                                                                     |
 xxxxxxx             xxxxxxx                                                                     |
 xxxxxxx                          xx                                                             |
 xxxxxxx                          xx                                                             |
 xxxxxxx                          xx                                                             |
 xxxxxxx                          xx                                                             |
 xxxxxxx                          xx                                                             |
 xxxxxxx                          xx                                                             |
 xxxxxxx                          xx                                                             |
                                    xxxxxx                                                       |
                                          xxxxxx                                                 |
                                                xxxxxx                                           |
                                                      xxxxxx                                     |
                                                            xxxxxx                               |
                                                                  xxxxxx                         |
                                                                                                 |
                                                                                                 |
                                                                                                 |
                                                                                                 |
                                                                        xxxxxx                   |
                                                                              xxxxxx             |
                                                                                    xxxxxx       |
                                                                                          xxxxxx |
-------------------------------------------------------------------------------------------------

B_rownnz              95 0 0 35 35 35 35 35 35 35 35 35 35 20 20 20 20 20 20 20 20 20 20 20 20 16 16 16 16 15 15 14 14 20 20 20 20 20 20 20 20 20 20 20 20 16 16 16 16 15 15 14 14 9 9 9 9 9 9 9 6 6 6 6 6 6 0 0 0 0 6 6 6 6

B_rowadr              0 95 95 95 130 165 200 235 270 305 340 375 410 445 465 485 505 525 545 565 585 605 625 645 665 685 701 717 733 749 764 779 793 807 827 847 867 887 907 927 947 967 987 1007 1027 1047 1063 1079 1095 1111 1126 1141 1155 1169 1178 1187 1196 1205 1214 1223 1232 1238 1244 1250 1256 1262 1268 1268 1268 1268 1268 1274 1280 1286

B_colind              0 1 2 3 4 5 6 7 8 9 10 11 12 13 14 15 16 17 18 19 20 21 22 23 24 25 26 27 28 29 30 31 32 33 34 35 36 37 38 39 40 41 42 43 44 45 46 47 48 49 50 51 52 53 54 55 56 57 58 59 60 61 62 63 64 65 66 67 68 69 70 71 72 73 74 75 76 77 78 79 80 81 82 83 84 85 86 87 88 89 90 91 92 93 94 0 1 2 3 4 5 6 7 8 9 10 11 12 13 14 15 16 17 18 19 20 21 22 23 24 25 26 27 28 29 30 31 32 33 34 0 1 2 3 4 5 6 7 8 9 10 11 12 13 14 15 16 17 18 19 20 21 22 23 24 25 26 27 28 29 30 31 32 33 34 0 1 2 3 4 5 6 7 8 9 10 11 12 13 14 15 16 17 18 19 20 21 22 23 24 25 26 27 28 29 30 31 32 33 34 0 1 2 3 4 5 6 7 8 9 10 11 12 13 14 15 16 17 18 19 20 21 22 23 24 25 26 27 28 29 30 31 32 33 34 0 1 2 3 4 5 6 7 8 9 10 11 12 13 14 15 16 17 18 19 20 21 22 23 24 25 26 27 28 29 30 31 32 33 34 0 1 2 3 4 5 6 7 8 9 10 11 12 13 14 15 16 17 18 19 20 21 22 23 24 25 26 27 28 29 30 31 32 33 34 0 1 2 3 4 5 6 7 8 9 10 11 12 13 14 15 16 17 18 19 20 21 22 23 24 25 26 27 28 29 30 31 32 33 34 0 1 2 3 4 5 6 7 8 9 10 11 12 13 14 15 16 17 18 19 20 21 22 23 24 25 26 27 28 29 30 31 32 33 34 0 1 2 3 4 5 6 7 8 9 10 11 12 13 14 15 16 17 18 19 20 21 22 23 24 25 26 27 28 29 30 31 32 33 34 0 1 2 3 4 5 6 7 8 9 10 11 12 13 14 15 16 17 18 19 20 21 22 23 24 25 26 27 28 29 30 31 32 33 34 0 1 2 3 4 5 6 7 8 9 10 11 12 13 14 15 16 17 18 19 0 1 2 3 4 5 6 7 8 9 10 11 12 13 14 15 16 17 18 19 0 1 2 3 4 5 6 7 8 9 10 11 12 13 14 15 16 17 18 19 0 1 2 3 4 5 6 7 8 9 10 11 12 13 14 15 16 17 18 19 0 1 2 3 4 5 6 7 8 9 10 11 12 13 14 15 16 17 18 19 0 1 2 3 4 5 6 7 8 9 10 11 12 13 14 15 16 17 18 19 0 1 2 3 4 5 6 7 8 9 10 11 12 13 14 15 16 17 18 19 0 1 2 3 4 5 6 7 8 9 10 11 12 13 14 15 16 17 18 19 0 1 2 3 4 5 6 7 8 9 10 11 12 13 14 15 16 17 18 19 0 1 2 3 4 5 6 7 8 9 10 11 12 13 14 15 16 17 18 19 0 1 2 3 4 5 6 7 8 9 10 11 12 13 14 15 16 17 18 19 0 1 2 3 4 5 6 7 8 9 10 11 12 13 14 15 16 17 18 19 0 1 2 3 4 5 6 7 8 9 10 11 12 13 14 15 0 1 2 3 4 5 6 7 8 9 10 11 12 13 14 15 0 1 2 3 4 5 6 7 8 9 10 11 12 13 16 17 0 1 2 3 4 5 6 7 8 9 10 11 12 13 16 17 0 1 2 3 4 5 6 7 8 9 10 11 12 13 18 0 1 2 3 4 5 6 7 8 9 10 11 12 13 19 0 1 2 3 4 5 6 7 8 9 10 11 12 13 0 1 2 3 4 5 6 7 8 9 10 11 12 13 0 1 2 3 4 5 6 20 21 22 23 24 25 26 27 28 29 30 31 32 0 1 2 3 4 5 6 20 21 22 23 24 25 26 27 28 29 30 31 32 0 1 2 3 4 5 6 20 21 22 23 24 25 26 27 28 29 30 31 32 0 1 2 3 4 5 6 20 21 22 23 24 25 26 27 28 29 30 31 32 0 1 2 3 4 5 6 20 21 22 23 24 25 26 27 28 29 30 31 32 0 1 2 3 4 5 6 20 21 22 23 24 25 26 27 28 29 30 31 32 0 1 2 3 4 5 6 20 21 22 23 24 25 26 27 28 29 30 31 32 0 1 2 3 4 5 6 20 21 22 23 24 25 26 27 28 29 30 31 32 0 1 2 3 4 5 6 20 21 22 23 24 25 26 27 28 29 30 31 32 0 1 2 3 4 5 6 20 21 22 23 24 25 26 27 28 29 30 31 32 0 1 2 3 4 5 6 20 21 22 23 24 25 26 27 28 29 30 31 32 0 1 2 3 4 5 6 20 21 22 23 24 25 26 27 28 29 30 31 32 0 1 2 3 4 5 6 20 21 22 23 24 25 26 27 28 0 1 2 3 4 5 6 20 21 22 23 24 25 26 27 28 0 1 2 3 4 5 6 20 21 22 23 24 25 26 29 30 0 1 2 3 4 5 6 20 21 22 23 24 25 26 29 30 0 1 2 3 4 5 6 20 21 22 23 24 25 26 31 0 1 2 3 4 5 6 20 21 22 23 24 25 26 32 0 1 2 3 4 5 6 20 21 22 23 24 25 26 0 1 2 3 4 5 6 20 21 22 23 24 25 26 0 1 2 3 4 5 6 33 34 0 1 2 3 4 5 6 33 34 0 1 2 3 4 5 6 33 34 0 1 2 3 4 5 6 33 34 0 1 2 3 4 5 6 33 34 0 1 2 3 4 5 6 33 34 0 1 2 3 4 5 6 33 34 35 36 37 38 39 40 41 42 43 44 45 46 47 48 49 50 51 52 53 54 55 56 57 58 59 60 61 62 63 64 65 66 67 68 69 70 71 72 73 74 75 76 77 78 79 80 81 82 83 84 85 86 87 88 89 90 91 92 93 94

M: reduced inertia matrix
-------------------------------------------------------------------------------------------------
 x                                                                                               |
 xx                                                                                              |
 xxx                                                                                             |
 xxxx                                                                                            |
 xxxxx                                                                                           |
 xxxxxx                                                                                          |
 xxxxxxx                                                                                         |
 xxxxxxxx                                                                                        |
 xxxxxxxxx                                                                                       |
 xxxxxxxxxx                                                                                      |
 xxxxxxxxxxx                                                                                     |
 xxxxxxxxxxxx                                                                                    |
 xxxxxxxxxxxxx                                                                                   |
 xxxxxxxxxxxxxx                                                                                  |
 xxxxxxxxxxxxxxx                                                                                 |
 xxxxxxxxxxxxxxxx                                                                                |
 xxxxxxxxxxxxxx  x                                                                               |
 xxxxxxxxxxxxxx  xx                                                                              |
 xxxxxxxxxxxxxx    x                                                                             |
 xxxxxxxxxxxxxx     x                                                                            |
 xxxxxxx             x                                                                           |
 xxxxxxx             xx                                                                          |
 xxxxxxx             xxx                                                                         |
 xxxxxxx             xxxx                                                                        |
 xxxxxxx             xxxxx                                                                       |
 xxxxxxx             xxxxxx                                                                      |
 xxxxxxx             xxxxxxx                                                                     |
 xxxxxxx             xxxxxxxx                                                                    |
 xxxxxxx             xxxxxxxxx                                                                   |
 xxxxxxx             xxxxxxx  x                                                                  |
 xxxxxxx             xxxxxxx  xx                                                                 |
 xxxxxxx             xxxxxxx    x                                                                |
 xxxxxxx             xxxxxxx     x                                                               |
 xxxxxxx                          x                                                              |
 xxxxxxx                          xx                                                             |
                                    x                                                            |
                                    xx                                                           |
                                    xxx                                                          |
                                    xxxx                                                         |
                                    xxxxx                                                        |
                                    xxxxxx                                                       |
                                          x                                                      |
                                          xx                                                     |
                                          xxx                                                    |
                                          xxxx                                                   |
                                          xxxxx                                                  |
                                          xxxxxx                                                 |
                                                x                                                |
                                                 x                                               |
                                                  x                                              |
                                                   x                                             |
                                                    x                                            |
                                                     x                                           |
                                                      x                                          |
                                                      xx                                         |
                                                      xxx                                        |
                                                      xxxx                                       |
                                                      xxxxx                                      |
                                                      xxxxxx                                     |
                                                            x                                    |
                                                            xx                                   |
                                                            xxx                                  |
                                                            xxxx                                 |
                                                            xxxxx                                |
                                                            xxxxxx                               |
                                                                  x                              |
                                                                  xx                             |
                                                                  xxx                            |
                                                                  xxxx                           |
                                                                  xxxxx                          |
                                                                  xxxxxx                         |
                                                                        x                        |
                                                                        xx                       |
                                                                        xxx                      |
                                                                        xxxx                     |
                                                                        xxxxx                    |
                                                                        xxxxxx                   |
                                                                              x                  |
                                                                              xx                 |
                                                                              xxx                |
                                                                              xxxx               |
                                                                              xxxxx              |
                                                                              xxxxxx             |
                                                                                    x            |
                                                                                    xx           |
                                                                                    xxx          |
                                                                                    xxxx         |
                                                                                    xxxxx        |
                                                                                    xxxxxx       |
                                                                                          x      |
                                                                                          xx     |
                                                                                          xxx    |
                                                                                          xxxx   |
                                                                                          xxxxx  |
                                                                                          xxxxxx |
-------------------------------------------------------------------------------------------------

M_rownnz              1 2 3 4 5 6 7 8 9 10 11 12 13 14 15 16 15 16 15 15 8 9 10 11 12 13 14 15 16 15 16 15 15 8 9 1 2 3 4 5 6 1 2 3 4 5 6 1 1 1 1 1 1 1 2 3 4 5 6 1 2 3 4 5 6 1 2 3 4 5 6 1 2 3 4 5 6 1 2 3 4 5 6 1 2 3 4 5 6 1 2 3 4 5 6

M_rowadr              0 1 3 6 10 15 21 28 36 45 55 66 78 91 105 120 136 151 167 182 197 205 214 224 235 247 260 274 289 305 320 336 351 366 374 383 384 386 389 393 398 404 405 407 410 414 419 425 426 427 428 429 430 431 432 434 437 441 446 452 453 455 458 462 467 473 474 476 479 483 488 494 495 497 500 504 509 515 516 518 521 525 530 536 537 539 542 546 551 557 558 560 563 567 572

M_colind              0 0 1 0 1 2 0 1 2 3 0 1 2 3 4 0 1 2 3 4 5 0 1 2 3 4 5 6 0 1 2 3 4 5 6 7 0 1 2 3 4 5 6 7 8 0 1 2 3 4 5 6 7 8 9 0 1 2 3 4 5 6 7 8 9 10 0 1 2 3 4 5 6 7 8 9 10 11 0 1 2 3 4 5 6 7 8 9 10 11 12 0 1 2 3 4 5 6 7 8 9 10 11 12 13 0 1 2 3 4 5 6 7 8 9 10 11 12 13 14 0 1 2 3 4 5 6 7 8 9 10 11 12 13 14 15 0 1 2 3 4 5 6 7 8 9 10 11 12 13 16 0 1 2 3 4 5 6 7 8 9 10 11 12 13 16 17 0 1 2 3 4 5 6 7 8 9 10 11 12 13 18 0 1 2 3 4 5 6 7 8 9 10 11 12 13 19 0 1 2 3 4 5 6 20 0 1 2 3 4 5 6 20 21 0 1 2 3 4 5 6 20 21 22 0 1 2 3 4 5 6 20 21 22 23 0 1 2 3 4 5 6 20 21 22 23 24 0 1 2 3 4 5 6 20 21 22 23 24 25 0 1 2 3 4 5 6 20 21 22 23 24 25 26 0 1 2 3 4 5 6 20 21 22 23 24 25 26 27 0 1 2 3 4 5 6 20 21 22 23 24 25 26 27 28 0 1 2 3 4 5 6 20 21 22 23 24 25 26 29 0 1 2 3 4 5 6 20 21 22 23 24 25 26 29 30 0 1 2 3 4 5 6 20 21 22 23 24 25 26 31 0 1 2 3 4 5 6 20 21 22 23 24 25 26 32 0 1 2 3 4 5 6 33 0 1 2 3 4 5 6 33 34 35 35 36 35 36 37 35 36 37 38 35 36 37 38 39 35 36 37 38 39 40 41 41 42 41 42 43 41 42 43 44 41 42 43 44 45 41 42 43 44 45 46 47 48 49 50 51 52 53 53 54 53 54 55 53 54 55 56 53 54 55 56 57 53 54 55 56 57 58 59 59 60 59 60 61 59 60 61 62 59 60 61 62 63 59 60 61 62 63 64 65 65 66 65 66 67 65 66 67 68 65 66 67 68 69 65 66 67 68 69 70 71 71 72 71 72 73 71 72 73 74 71 72 73 74 75 71 72 73 74 75 76 77 77 78 77 78 79 77 78 79 80 77 78 79 80 81 77 78 79 80 81 82 83 83 84 83 84 85 83 84 85 86 83 84 85 86 87 83 84 85 86 87 88 89 89 90 89 90 91 89 90 91 92 89 90 91 92 93 89 90 91 92 93 94

mapM2M                0 2 1 5 4 3 9 8 7 6 14 13 12 11 10 20 19 18 17 16 15 27 26 25 24 23 22 21 35 34 33 32 31 30 29 28 44 43 42 41 40 39 38 37 36 54 53 52 51 50 49 48 47 46 45 65 64 63 62 61 60 59 58 57 56 55 77 76 75 74 73 72 71 70 69 68 67 66 90 89 88 87 86 85 84 83 82 81 80 79 78 104 103 102 101 100 99 98 97 96 95 94 93 92 91 119 118 117 116 115 114 113 112 111 110 109 108 107 106 105 135 134 133 132 131 130 129 128 127 126 125 124 123 122 121 120 150 149 148 147 146 145 144 143 142 141 140 139 138 137 136 166 165 164 163 162 161 160 159 158 157 156 155 154 153 152 151 181 180 179 178 177 176 175 174 173 172 171 170 169 168 167 196 195 194 193 192 191 190 189 188 187 186 185 184 183 182 204 203 202 201 200 199 198 197 213 212 211 210 209 208 207 206 205 223 222 221 220 219 218 217 216 215 214 234 233 232 231 230 229 228 227 226 225 224 246 245 244 243 242 241 240 239 238 237 236 235 259 258 257 256 255 254 253 252 251 250 249 248 247 273 272 271 270 269 268 267 266 265 264 263 262 261 260 288 287 286 285 284 283 282 281 280 279 278 277 276 275 274 304 303 302 301 300 299 298 297 296 295 294 293 292 291 290 289 319 318 317 316 315 314 313 312 311 310 309 308 307 306 305 335 334 333 332 331 330 329 328 327 326 325 324 323 322 321 320 350 349 348 347 346 345 344 343 342 341 340 339 338 337 336 365 364 363 362 361 360 359 358 357 356 355 354 353 352 351 373 372 371 370 369 368 367 366 382 381 380 379 378 377 376 375 374 383 385 384 388 387 386 392 391 390 389 397 396 395 394 393 403 402 401 400 399 398 404 406 405 409 408 407 413 412 411 410 418 417 416 415 414 424 423 422 421 420 419 425 426 428 431 435 440 446 448 447 451 450 449 455 454 453 452 460 459 458 457 456 466 465 464 463 462 461 467 469 468 472 471 470 476 475 474 473 481 480 479 478 477 487 486 485 484 483 482 488 490 489 493 492 491 497 496 495 494 502 501 500 499 498 508 507 506 505 504 503 509 511 510 514 513 512 518 517 516 515 523 522 521 520 519 529 528 527 526 525 524 530 532 531 535 534 533 539 538 537 536 544 543 542 541 540 550 549 548 547 546 545 551 553 552 556 555 554 560 559 558 557 565 564 563 562 561 571 570 569 568 567 566 572 574 573 577 576 575 581 580 579 578 586 585 584 583 582 592 591 590 589 588 587

D: dof-dof matrix
-------------------------------------------------------------------------------------------------
 Dxxxxxxxxxxxxxxxxxxxxxxxxxxxxxxxxxx                                                             |
 xDxxxxxxxxxxxxxxxxxxxxxxxxxxxxxxxxx                                                             |
 xxDxxxxxxxxxxxxxxxxxxxxxxxxxxxxxxxx                                                             |
 xxxDxxxxxxxxxxxxxxxxxxxxxxxxxxxxxxx                                                             |
 xxxxDxxxxxxxxxxxxxxxxxxxxxxxxxxxxxx                                                             |
 xxxxxDxxxxxxxxxxxxxxxxxxxxxxxxxxxxx                                                             |
 xxxxxxDxxxxxxxxxxxxxxxxxxxxxxxxxxxx                                                             |
 xxxxxxxDxxxxxxxxxxxx                                                                            |
 xxxxxxxxDxxxxxxxxxxx                                                                            |
 xxxxxxxxxDxxxxxxxxxx                                                                            |
 xxxxxxxxxxDxxxxxxxxx                                                                            |
 xxxxxxxxxxxDxxxxxxxx                                                                            |
 xxxxxxxxxxxxDxxxxxxx                                                                            |
 xxxxxxxxxxxxxDxxxxxx                                                                            |
 xxxxxxxxxxxxxxDx                                                                                |
 xxxxxxxxxxxxxxxD                                                                                |
 xxxxxxxxxxxxxx  Dx                                                                              |
 xxxxxxxxxxxxxx  xD                                                                              |
 xxxxxxxxxxxxxx    D                                                                             |
 xxxxxxxxxxxxxx     D                                                                            |
 xxxxxxx             Dxxxxxxxxxxxx                                                               |
 xxxxxxx             xDxxxxxxxxxxx                                                               |
 xxxxxxx             xxDxxxxxxxxxx                                                               |
 xxxxxxx             xxxDxxxxxxxxx                                                               |
 xxxxxxx             xxxxDxxxxxxxx                                                               |
 xxxxxxx             xxxxxDxxxxxxx                                                               |
 xxxxxxx             xxxxxxDxxxxxx                                                               |
 xxxxxxx             xxxxxxxDx                                                                   |
 xxxxxxx             xxxxxxxxD                                                                   |
 xxxxxxx             xxxxxxx  Dx                                                                 |
 xxxxxxx             xxxxxxx  xD                                                                 |
 xxxxxxx             xxxxxxx    D                                                                |
 xxxxxxx             xxxxxxx     D                                                               |
 xxxxxxx                          Dx                                                             |
 xxxxxxx                          xD                                                             |
                                    Dxxxxx                                                       |
                                    xDxxxx                                                       |
                                    xxDxxx                                                       |
                                    xxxDxx                                                       |
                                    xxxxDx                                                       |
                                    xxxxxD                                                       |
                                          Dxxxxx                                                 |
                                          xDxxxx                                                 |
                                          xxDxxx                                                 |
                                          xxxDxx                                                 |
                                          xxxxDx                                                 |
                                          xxxxxD                                                 |
                                                Dxxxxx                                           |
                                                xDxxxx                                           |
                                                xxDxxx                                           |
                                                xxxDxx                                           |
                                                xxxxDx                                           |
                                                xxxxxD                                           |
                                                      Dxxxxx                                     |
                                                      xDxxxx                                     |
                                                      xxDxxx                                     |
                                                      xxxDxx                                     |
                                                      xxxxDx                                     |
                                                      xxxxxD                                     |
                                                            Dxxxxx                               |
                                                            xDxxxx                               |
                                                            xxDxxx                               |
                                                            xxxDxx                               |
                                                            xxxxDx                               |
                                                            xxxxxD                               |
                                                                  Dxxxxx                         |
                                                                  xDxxxx                         |
                                                                  xxDxxx                         |
                                                                  xxxDxx                         |
                                                                  xxxxDx                         |
                                                                  xxxxxD                         |
                                                                        Dxxxxx                   |
                                                                        xDxxxx                   |
                                                                        xxDxxx                   |
                                                                        xxxDxx                   |
                                                                        xxxxDx                   |
                                                                        xxxxxD                   |
                                                                              Dxxxxx             |
                                                                              xDxxxx             |
                                                                              xxDxxx             |
                                                                              xxxDxx             |
                                                                              xxxxDx             |
                                                                              xxxxxD             |
                                                                                    Dxxxxx       |
                                                                                    xDxxxx       |
                                                                                    xxDxxx       |
                                                                                    xxxDxx       |
                                                                                    xxxxDx       |
                                                                                    xxxxxD       |
                                                                                          Dxxxxx |
                                                                                          xDxxxx |
                                                                                          xxDxxx |
                                                                                          xxxDxx |
                                                                                          xxxxDx |
                                                                                          xxxxxD |
-------------------------------------------------------------------------------------------------

D_rownnz              35 35 35 35 35 35 35 20 20 20 20 20 20 20 16 16 16 16 15 15 20 20 20 20 20 20 20 16 16 16 16 15 15 9 9 6 6 6 6 6 6 6 6 6 6 6 6 6 6 6 6 6 6 6 6 6 6 6 6 6 6 6 6 6 6 6 6 6 6 6 6 6 6 6 6 6 6 6 6 6 6 6 6 6 6 6 6 6 6 6 6 6 6 6 6

D_rowadr              0 35 70 105 140 175 210 245 265 285 305 325 345 365 385 401 417 433 449 464 479 499 519 539 559 579 599 619 635 651 667 683 698 713 722 731 737 743 749 755 761 767 773 779 785 791 797 803 809 815 821 827 833 839 845 851 857 863 869 875 881 887 893 899 905 911 917 923 929 935 941 947 953 959 965 971 977 983 989 995 1001 1007 1013 1019 1025 1031 1037 1043 1049 1055 1061 1067 1073 1079 1085

D_colind              0 1 2 3 4 5 6 7 8 9 10 11 12 13 14 15 16 17 18 19 20 21 22 23 24 25 26 27 28 29 30 31 32 33 34 0 1 2 3 4 5 6 7 8 9 10 11 12 13 14 15 16 17 18 19 20 21 22 23 24 25 26 27 28 29 30 31 32 33 34 0 1 2 3 4 5 6 7 8 9 10 11 12 13 14 15 16 17 18 19 20 21 22 23 24 25 26 27 28 29 30 31 32 33 34 0 1 2 3 4 5 6 7 8 9 10 11 12 13 14 15 16 17 18 19 20 21 22 23 24 25 26 27 28 29 30 31 32 33 34 0 1 2 3 4 5 6 7 8 9 10 11 12 13 14 15 16 17 18 19 20 21 22 23 24 25 26 27 28 29 30 31 32 33 34 0 1 2 3 4 5 6 7 8 9 10 11 12 13 14 15 16 17 18 19 20 21 22 23 24 25 26 27 28 29 30 31 32 33 34 0 1 2 3 4 5 6 7 8 9 10 11 12 13 14 15 16 17 18 19 20 21 22 23 24 25 26 27 28 29 30 31 32 33 34 0 1 2 3 4 5 6 7 8 9 10 11 12 13 14 15 16 17 18 19 0 1 2 3 4 5 6 7 8 9 10 11 12 13 14 15 16 17 18 19 0 1 2 3 4 5 6 7 8 9 10 11 12 13 14 15 16 17 18 19 0 1 2 3 4 5 6 7 8 9 10 11 12 13 14 15 16 17 18 19 0 1 2 3 4 5 6 7 8 9 10 11 12 13 14 15 16 17 18 19 0 1 2 3 4 5 6 7 8 9 10 11 12 13 14 15 16 17 18 19 0 1 2 3 4 5 6 7 8 9 10 11 12 13 14 15 16 17 18 19 0 1 2 3 4 5 6 7 8 9 10 11 12 13 14 15 0 1 2 3 4 5 6 7 8 9 10 11 12 13 14 15 0 1 2 3 4 5 6 7 8 9 10 11 12 13 16 17 0 1 2 3 4 5 6 7 8 9 10 11 12 13 16 17 0 1 2 3 4 5 6 7 8 9 10 11 12 13 18 0 1 2 3 4 5 6 7 8 9 10 11 12 13 19 0 1 2 3 4 5 6 20 21 22 23 24 25 26 27 28 29 30 31 32 0 1 2 3 4 5 6 20 21 22 23 24 25 26 27 28 29 30 31 32 0 1 2 3 4 5 6 20 21 22 23 24 25 26 27 28 29 30 31 32 0 1 2 3 4 5 6 20 21 22 23 24 25 26 27 28 29 30 31 32 0 1 2 3 4 5 6 20 21 22 23 24 25 26 27 28 29 30 31 32 0 1 2 3 4 5 6 20 21 22 23 24 25 26 27 28 29 30 31 32 0 1 2 3 4 5 6 20 21 22 23 24 25 26 27 28 29 30 31 32 0 1 2 3 4 5 6 20 21 22 23 24 25 26 27 28 0 1 2 3 4 5 6 20 21 22 23 24 25 26 27 28 0 1 2 3 4 5 6 20 21 22 23 24 25 26 29 30 0 1 2 3 4 5 6 20 21 22 23 24 25 26 29 30 0 1 2 3 4 5 6 20 21 22 23 24 25 26 31 0 1 2 3 4 5 6 20 21 22 23 24 25 26 32 0 1 2 3 4 5 6 33 34 0 1 2 3 4 5 6 33 34 35 36 37 38 39 40 35 36 37 38 39 40 35 36 37 38 39 40 35 36 37 38 39 40 35 36 37 38 39 40 35 36 37 38 39 40 41 42 43 44 45 46 41 42 43 44 45 46 41 42 43 44 45 46 41 42 43 44 45 46 41 42 43 44 45 46 41 42 43 44 45 46 47 48 49 50 51 52 47 48 49 50 51 52 47 48 49 50 51 52 47 48 49 50 51 52 47 48 49 50 51 52 47 48 49 50 51 52 53 54 55 56 57 58 53 54 55 56 57 58 53 54 55 56 57 58 53 54 55 56 57 58 53 54 55 56 57 58 53 54 55 56 57 58 59 60 61 62 63 64 59 60 61 62 63 64 59 60 61 62 63 64 59 60 61 62 63 64 59 60 61 62 63 64 59 60 61 62 63 64 65 66 67 68 69 70 65 66 67 68 69 70 65 66 67 68 69 70 65 66 67 68 69 70 65 66 67 68 69 70 65 66 67 68 69 70 71 72 73 74 75 76 71 72 73 74 75 76 71 72 73 74 75 76 71 72 73 74 75 76 71 72 73 74 75 76 71 72 73 74 75 76 77 78 79 80 81 82 77 78 79 80 81 82 77 78 79 80 81 82 77 78 79 80 81 82 77 78 79 80 81 82 77 78 79 80 81 82 83 84 85 86 87 88 83 84 85 86 87 88 83 84 85 86 87 88 83 84 85 86 87 88 83 84 85 86 87 88 83 84 85 86 87 88 89 90 91 92 93 94 89 90 91 92 93 94 89 90 91 92 93 94 89 90 91 92 93 94 89 90 91 92 93 94 89 90 91 92 93 94

mapM2D                0 2 5 9 14 20 27 35 44 54 65 77 90 104 119 135 150 166 181 196 204 213 223 234 246 259 273 288 304 319 335 350 365 373 382 2 1 4 8 13 19 26 34 43 53 64 76 89 103 118 134 149 165 180 195 203 212 222 233 245 258 272 287 303 318 334 349 364 372 381 5 4 3 7 12 18 25 33 42 52 63 75 88 102 117 133 148 164 179 194 202 211 221 232 244 257 271 286 302 317 333 348 363 371 380 9 8 7 6 11 17 24 32 41 51 62 74 87 101 116 132 147 163 178 193 201 210 220 231 243 256 270 285 301 316 332 347 362 370 379 14 13 12 11 10 16 23 31 40 50 61 73 86 100 115 131 146 162 177 192 200 209 219 230 242 255 269 284 300 315 331 346 361 369 378 20 19 18 17 16 15 22 30 39 49 60 72 85 99 114 130 145 161 176 191 199 208 218 229 241 254 268 283 299 314 330 345 360 368 377 27 26 25 24 23 22 21 29 38 48 59 71 84 98 113 129 144 160 175 190 198 207 217 228 240 253 267 282 298 313 329 344 359 367 376 35 34 33 32 31 30 29 28 37 47 58 70 83 97 112 128 143 159 174 189 44 43 42 41 40 39 38 37 36 46 57 69 82 96 111 127 142 158 173 188 54 53 52 51 50 49 48 47 46 45 56 68 81 95 110 126 141 157 172 187 65 64 63 62 61 60 59 58 57 56 55 67 80 94 109 125 140 156 171 186 77 76 75 74 73 72 71 70 69 68 67 66 79 93 108 124 139 155 170 185 90 89 88 87 86 85 84 83 82 81 80 79 78 92 107 123 138 154 169 184 104 103 102 101 100 99 98 97 96 95 94 93 92 91 106 122 137 153 168 183 119 118 117 116 115 114 113 112 111 110 109 108 107 106 105 121 135 134 133 132 131 130 129 128 127 126 125 124 123 122 121 120 150 149 148 147 146 145 144 143 142 141 140 139 138 137 136 152 166 165 164 163 162 161 160 159 158 157 156 155 154 153 152 151 181 180 179 178 177 176 175 174 173 172 171 170 169 168 167 196 195 194 193 192 191 190 189 188 187 186 185 184 183 182 204 203 202 201 200 199 198 197 206 216 227 239 252 266 281 297 312 328 343 358 213 212 211 210 209 208 207 206 205 215 226 238 251 265 280 296 311 327 342 357 223 222 221 220 219 218 217 216 215 214 225 237 250 264 279 295 310 326 341 356 234 233 232 231 230 229 228 227 226 225 224 236 249 263 278 294 309 325 340 355 246 245 244 243 242 241 240 239 238 237 236 235 248 262 277 293 308 324 339 354 259 258 257 256 255 254 253 252 251 250 249 248 247 261 276 292 307 323 338 353 273 272 271 270 269 268 267 266 265 264 263 262 261 260 275 291 306 322 337 352 288 287 286 285 284 283 282 281 280 279 278 277 276 275 274 290 304 303 302 301 300 299 298 297 296 295 294 293 292 291 290 289 319 318 317 316 315 314 313 312 311 310 309 308 307 306 305 321 335 334 333 332 331 330 329 328 327 326 325 324 323 322 321 320 350 349 348 347 346 345 344 343 342 341 340 339 338 337 336 365 364 363 362 361 360 359 358 357 356 355 354 353 352 351 373 372 371 370 369 368 367 366 375 382 381 380 379 378 377 376 375 374 383 385 388 392 397 403 385 384 387 391 396 402 388 387 386 390 395 401 392 391 390 389 394 400 397 396 395 394 393 399 403 402 401 400 399 398 404 406 409 413 418 424 406 405 408 412 417 423 409 408 407 411 416 422 413 412 411 410 415 421 418 417 416 415 414 420 424 423 422 421 420 419 425 427 430 434 439 445 427 426 429 433 438 444 430 429 428 432 437 443 434 433 432 431 436 442 439 438 437 436 435 441 445 444 443 442 441 440 446 448 451 455 460 466 448 447 450 454 459 465 451 450 449 453 458 464 455 454 453 452 457 463 460 459 458 457 456 462 466 465 464 463 462 461 467 469 472 476 481 487 469 468 471 475 480 486 472 471 470 474 479 485 476 475 474 473 478 484 481 480 479 478 477 483 487 486 485 484 483 482 488 490 493 497 502 508 490 489 492 496 501 507 493 492 491 495 500 506 497 496 495 494 499 505 502 501 500 499 498 504 508 507 506 505 504 503 509 511 514 518 523 529 511 510 513 517 522 528 514 513 512 516 521 527 518 517 516 515 520 526 523 522 521 520 519 525 529 528 527 526 525 524 530 532 535 539 544 550 532 531 534 538 543 549 535 534 533 537 542 548 539 538 537 536 541 547 544 543 542 541 540 546 550 549 548 547 546 545 551 553 556 560 565 571 553 552 555 559 564 570 556 555 554 558 563 569 560 559 558 557 562 568 565 564 563 562 561 567 571 570 569 568 567 566 572 574 577 581 586 592 574 573 576 580 585 591 577 576 575 579 584 590 581 580 579 578 583 589 586 585 584 583 582 588 592 591 590 589 588 587

mapD2M                0 36 35 72 71 70 108 107 106 105 144 143 142 141 140 180 179 178 177 176 175 216 215 214 213 212 211 210 252 251 250 249 248 247 246 245 273 272 271 270 269 268 267 266 265 294 293 292 291 290 289 288 287 286 285 315 314 313 312 311 310 309 308 307 306 305 336 335 334 333 332 331 330 329 328 327 326 325 357 356 355 354 353 352 351 350 349 348 347 346 345 378 377 376 375 374 373 372 371 370 369 368 367 366 365 399 398 397 396 395 394 393 392 391 390 389 388 387 386 385 416 415 414 413 412 411 410 409 408 407 406 405 404 403 402 401 431 430 429 428 427 426 425 424 423 422 421 420 419 418 417 448 447 446 445 444 443 442 441 440 439 438 437 436 435 434 433 463 462 461 460 459 458 457 456 455 454 453 452 451 450 449 478 477 476 475 474 473 472 471 470 469 468 467 466 465 464 486 485 484 483 482 481 480 479 507 506 505 504 503 502 501 500 499 528 527 526 525 524 523 522 521 520 519 549 548 547 546 545 544 543 542 541 540 539 570 569 568 567 566 565 564 563 562 561 560 559 591 590 589 588 587 586 585 584 583 582 581 580 579 612 611 610 609 608 607 606 605 604 603 602 601 600 599 633 632 631 630 629 628 627 626 625 624 623 622 621 620 619 650 649 648 647 646 645 644 643 642 641 640 639 638 637 636 635 665 664 663 662 661 660 659 658 657 656 655 654 653 652 651 682 681 680 679 678 677 676 675 674 673 672 671 670 669 668 667 697 696 695 694 693 692 691 690 689 688 687 686 685 684 683 712 711 710 709 708 707 706 705 704 703 702 701 700 699 698 720 719 718 717 716 715 714 713 730 729 728 727 726 725 724 723 722 731 738 737 745 744 743 752 751 750 749 759 758 757 756 755 766 765 764 763 762 761 767 774 773 781 780 779 788 787 786 785 795 794 793 792 791 802 801 800 799 798 797 803 810 809 817 816 815 824 823 822 821 831 830 829 828 827 838 837 836 835 834 833 839 846 845 853 852 851 860 859 858 857 867 866 865 864 863 874 873 872 871 870 869 875 882 881 889 888 887 896 895 894 893 903 902 901 900 899 910 909 908 907 906 905 911 918 917 925 924 923 932 931 930 929 939 938 937 936 935 946 945 944 943 942 941 947 954 953 961 960 959 968 967 966 965 975 974 973 972 971 982 981 980 979 978 977 983 990 989 997 996 995 1004 1003 1002 1001 1011 1010 1009 1008 1007 1018 1017 1016 1015 1014 1013 1019 1026 1025 1033 1032 1031 1040 1039 1038 1037 1047 1046 1045 1044 1043 1054 1053 1052 1051 1050 1049 1055 1062 1061 1069 1068 1067 1076 1075 1074 1073 1083 1082 1081 1080 1079 1090 1089 1088 1087 1086 1085

QDERIV
     0: -1e+03      1: -3.4e-20    2:  0.00039    3: -0.004      4:  0.0029     5: -0.0018     6:  0.00041    7:  0.00051    8: -3.2e-05    9: -1.7e-05   10:  0.00028   11: -5.5e-06   12:  4.4e-06   13: -7.8e-06   14: -2.5e-07   15:  5.1e-09   16:  2.4e-07   17: -9.3e-09   18: -9.4e-08   19: -9.6e-08   20: -0.00022   21:  0.00038   22:  2.6e-05   23: -0.00038   24:  0.00024   25: -9e-06     26:  2.8e-06   27: -3.3e-10   28:  8e-10     29:  3.7e-09   30:  6.8e-10   31: -1.1e-09   32: -4.2e-10   33:  2.8e-07   34: -6.1e-07 
     0: -3.4e-20    1: -1e+03      2: -0.001      3:  0.00013    4: -9.1e-05    5:  5.6e-05    6: -0.00065    7: -1.6e-05    8: -0.00015    9:  0.00052   10: -1.1e-05   11:  0.00017   12: -9.7e-06   13:  0.00024   14:  1.4e-07   15:  6.4e-08   16:  1.6e-07   17:  6.3e-08   18: -3.5e-08   19:  2.9e-08   20:  6.9e-06   21: -0.00046   22: -0.00025   23:  7e-05     24: -5.5e-05   25: -2.8e-07   26:  0.00024   27:  1.3e-07   28:  6.4e-08   29:  1.6e-07   30:  6.3e-08   31: -3.5e-08   32:  2.7e-08   33: -5.8e-07   34:  1.9e-08 
     0:  0.00039    1: -0.001      2: -1e+03      3:  0.00018    4: -9.6e-05    5:  9e-06      6: -0.0097     7: -0.00012    8:  0.0015     9:  0.0013    10: -0.00014   11:  0.0014    12: -7.9e-05   13:  0.0019    14:  1.1e-07   15:  1.5e-08   16: -8.8e-10   17:  1.8e-08   18:  7.3e-09   19:  3.5e-08   20:  3.8e-05   21: -0.0021    22: -0.00024   23:  0.0019    24: -6.7e-05   25:  0.0018    26:  0.00013   27:  6.5e-08   28:  3e-08     29:  7.5e-08   30:  3e-08     31: -1.7e-08   32:  1.3e-08   33: -0.0028    34:  5.7e-09 
     0: -0.004      1:  0.00013    2:  0.00018    3: -2e+03      4:  0.012      5: -0.011      6:  0.00018    7: -0.0017     8: -5.4e-06    9:  3.6e-05   10: -0.0018    11: -0.00014   12: -0.0019    13: -7.9e-05   14: -8.5e-08   15:  7.4e-10   16:  7.6e-08   17: -4e-09     18: -3e-08     19: -3.2e-08   20:  0.0019    21:  0.00022   22:  7.7e-05   23: -0.0002    24: -0.0017    25: -5.9e-06   26:  3.1e-05   27: -8.9e-08   28:  7e-10     29:  8.2e-08   30: -4.1e-09   31: -3.2e-08   32: -3.4e-08   33:  2.9e-07   34: -0.0028  
     0:  0.0029     1: -9.1e-05    2: -9.6e-05    3:  0.012      4: -2e+03      5:  0.011      6: -8.9e-05    7:  0.0019     8: -8e-06      9: -3.4e-05   10:  0.0021    11:  0.00014   12:  0.002     13:  8e-05     14:  3.8e-08   15:  8.7e-10   16: -2.8e-08   17:  2.8e-09   18:  1.2e-08   19:  1.4e-08   20: -0.0021    21: -0.00013   22: -0.00022   23:  0.00011   24:  0.0017    25:  4e-06     26: -2.8e-05   27:  1.9e-07   28: -2.6e-09   29: -1.8e-07   30:  7.7e-09   31:  7e-08     32:  7.2e-08   33: -2.3e-07   34:  0.0028  
     0: -0.0018     1:  5.6e-05    2:  9e-06      3: -0.011      4:  0.011      5: -2e+03      6:  6.3e-06    7: -0.0019     8:  6.7e-06    9:  4.8e-05   10: -0.002     11: -0.00014   12: -0.0019    13: -7.4e-05   14:  1.7e-08   15: -6.9e-10   16: -1.9e-08   17:  3.9e-10   18:  7.4e-09   19:  6.8e-09   20:  0.002     21:  6.2e-05   22:  9e-05     23: -4e-05     24: -0.0018    25: -2.2e-06   26:  3.2e-05   27: -1e-07     28:  1.5e-09   29:  9.9e-08   30: -4.2e-09   31: -3.9e-08   32: -4e-08     33:  1.7e-07   34: -0.0028  
     0:  0.00041    1: -0.00065    2: -0.0097     3:  0.00018    4: -8.9e-05    5:  6.3e-06    6: -2e+03      7: -0.00012    8:  0.0015     9:  0.0012    10: -0.00015   11:  0.0014    12: -8.3e-05   13:  0.0019    14:  1e-07     15:  1.1e-08   16: -1.2e-08   17:  1.4e-08   18:  9.8e-09   19:  3.4e-08   20:  3.9e-05   21: -0.0021    22: -0.00018   23:  0.0019    24: -5.5e-05   25:  0.0018    26:  6.9e-05   27:  5.5e-08   28:  2.7e-08   29:  6.6e-08   30:  2.6e-08   31: -1.5e-08   32:  1.1e-08   33: -0.0028    34:  3.8e-09 
     0:  0.00051    1: -1.6e-05    2: -0.00012    3: -0.0017     4:  0.0019     5: -0.0019     6: -0.00012    7: -5e+02      8:  1.8e-05    9:  6.1e-05   10: -0.0021    11: -0.00013   12: -0.0019    13: -6.8e-05   14:  1.2e-07   15: -1.9e-09   16: -1.1e-07   17:  4.8e-09   18:  4.4e-08   19:  4.5e-08 
     0: -3.2e-05    1: -0.00015    2:  0.0015     3: -5.4e-06    4: -8e-06      5:  6.7e-06    6:  0.0015     7:  1.8e-05    8: -5e+02      9:  5.4e-05   10:  0.00015   11: -0.0018    12:  0.00014   13: -0.0014    14: -1.1e-09   15:  8.4e-09   16:  1.5e-08   17:  7.9e-09   18: -2.9e-09   19: -3.5e-09 
     0: -1.7e-05    1:  0.00052    2:  0.0013     3:  3.6e-05    4: -3.4e-05    5:  4.8e-05    6:  0.0012     7:  6.1e-05    8:  5.4e-05    9: -3e+02     10: -1.9e-08   11:  0.00012   12: -4.9e-07   13: -0.0013    14: -8.3e-08   15: -3.1e-08   16: -8.3e-08   17: -3.1e-08   18:  1.9e-08   19: -1.9e-08 
     0:  0.00028    1: -1.1e-05    2: -0.00014    3: -0.0018     4:  0.0021     5: -0.002      6: -0.00015    7: -0.0021     8:  0.00015    9: -1.9e-08   10: -3e+02     11: -2.1e-08   12: -0.002     13:  3.2e-07   14:  6.3e-08   15: -1.8e-09   16: -6.3e-08   17:  1.9e-09   18:  2.4e-08   19:  2.4e-08 
     0: -5.5e-06    1:  0.00017    2:  0.0014     3: -0.00014    4:  0.00014    5: -0.00014    6:  0.0014     7: -0.00013    8: -0.0018     9:  0.00012   10: -2.1e-08   11: -3e+02     12: -4.2e-10   13: -0.0014    14: -3.5e-08   15: -1e-08     16: -3.5e-08   17: -1e-08     18:  9.2e-09   19: -9.2e-09 
     0:  4.4e-06    1: -9.7e-06    2: -7.9e-05    3: -0.0019     4:  0.002      5: -0.0019     6: -8.3e-05    7: -0.0019     8:  0.00014    9: -4.9e-07   10: -0.002     11: -4.2e-10   12: -3e+02     13: -6e-09     14:  3e-22     15:  9.1e-23   16:  3.2e-22   17:  8.9e-23   18: -9e-23     19:  7.4e-23 
     0: -7.8e-06    1:  0.00024    2:  0.0019     3: -7.9e-05    4:  8e-05      5: -7.4e-05    6:  0.0019     7: -6.8e-05    8: -0.0014     9: -0.0013    10:  3.2e-07   11: -0.0014    12: -6e-09     13: -3e+02     14: -4.9e-08   15: -1.4e-08   16: -4.9e-08   17: -1.4e-08   18:  1.3e-08   19: -1.3e-08 
     0: -2.5e-07    1:  1.4e-07    2:  1.1e-07    3: -8.5e-08    4:  3.8e-08    5:  1.7e-08    6:  1e-07      7:  1.2e-07    8: -1.1e-09    9: -8.3e-08   10:  6.3e-08   11: -3.5e-08   12:  3e-22     13: -4.9e-08   14: -1.3e-08   15: -2.2e-09 
     0:  5.1e-09    1:  6.4e-08    2:  1.5e-08    3:  7.4e-10    4:  8.7e-10    5: -6.9e-10    6:  1.1e-08    7: -1.9e-09    8:  8.4e-09    9: -3.1e-08   10: -1.8e-09   11: -1e-08     12:  9.1e-23   13: -1.4e-08   14: -2.2e-09   15: -1.6e-09 
     0:  2.4e-07    1:  1.6e-07    2: -8.8e-10    3:  7.6e-08    4: -2.8e-08    5: -1.9e-08    6: -1.2e-08    7: -1.1e-07    8:  1.5e-08    9: -8.3e-08   10: -6.3e-08   11: -3.5e-08   12:  3.2e-22   13: -4.9e-08   16: -1.3e-08   17: -2.2e-09 
     0: -9.3e-09    1:  6.3e-08    2:  1.8e-08    3: -4e-09      4:  2.8e-09    5:  3.9e-10    6:  1.4e-08    7:  4.8e-09    8:  7.9e-09    9: -3.1e-08   10:  1.9e-09   11: -1e-08     12:  8.9e-23   13: -1.4e-08   16: -2.2e-09   17: -1.6e-09 
     0: -9.4e-08    1: -3.5e-08    2:  7.3e-09    3: -3e-08      4:  1.2e-08    5:  7.4e-09    6:  9.8e-09    7:  4.4e-08    8: -2.9e-09    9:  1.9e-08   10:  2.4e-08   11:  9.2e-09   12: -9e-23     13:  1.3e-08   18: -51      
     0: -9.6e-08    1:  2.9e-08    2:  3.5e-08    3: -3.2e-08    4:  1.4e-08    5:  6.8e-09    6:  3.4e-08    7:  4.5e-08    8: -3.5e-09    9: -1.9e-08   10:  2.4e-08   11: -9.2e-09   12:  7.4e-23   13: -1.3e-08   19: -3.1e-09 
     0: -0.00022    1:  6.9e-06    2:  3.8e-05    3:  0.0019     4: -0.0021     5:  0.002      6:  3.9e-05   20: -5e+02     21:  9.3e-05   22: -8e-05     23: -0.00011   24:  0.0019    25: -1.4e-06   26: -3.4e-05   27:  1.1e-07   28: -2e-09     29: -1e-07     30:  3.8e-09   31:  4e-08     32:  4e-08   
     0:  0.00038    1: -0.00046    2: -0.0021     3:  0.00022    4: -0.00013    5:  6.2e-05    6: -0.0021    20:  9.3e-05   21: -5e+02     22: -0.0001    23:  0.002     24: -9e-05     25:  0.0018    26: -7.5e-06   27:  4.9e-08   28:  2.6e-08   29:  6.9e-08   30:  2.6e-08   31: -1.6e-08   32:  8.8e-09 
     0:  2.6e-05    1: -0.00025    2: -0.00024    3:  7.7e-05    4: -0.00022    5:  9e-05      6: -0.00018   20: -8e-05     21: -0.0001    22: -3e+02     23:  1.6e-05   24: -0.00045   25:  0.00011   26:  0.0019    27:  1.4e-07   28:  1.3e-08   29: -3.5e-08   30:  1.8e-08   31:  2e-08     32:  4.7e-08 
     0: -0.00038    1:  7e-05      2:  0.0019     3: -0.0002     4:  0.00011    5: -4e-05      6:  0.0019    20: -0.00011   21:  0.002     22:  1.6e-05   23: -3e+02     24:  9e-05     25: -0.0018    26:  9.3e-05   27: -2.2e-09   28: -4.1e-09   29: -1.4e-08   30: -3.8e-09   31:  3.9e-09   32:  7e-10   
     0:  0.00024    1: -5.5e-05    2: -6.7e-05    3: -0.0017     4:  0.0017     5: -0.0018     6: -5.5e-05   20:  0.0019    21: -9e-05     22: -0.00045   23:  9e-05     24: -3e+02     25:  3e-06     26:  0.00041   27:  1e-08     28:  3.1e-09   29:  1e-08     30:  3.1e-09   31: -2.7e-09   32:  2.7e-09 
     0: -9e-06      1: -2.8e-07    2:  0.0018     3: -5.9e-06    4:  4e-06      5: -2.2e-06    6:  0.0018    20: -1.4e-06   21:  0.0018    22:  0.00011   23: -0.0018    24:  3e-06     25: -3e+02     26:  1.7e-08   27:  1.7e-22   28:  4.9e-23   29:  1.8e-22   30:  5.2e-23   31: -4.7e-23   32:  4.5e-23 
     0:  2.8e-06    1:  0.00024    2:  0.00013    3:  3.1e-05    4: -2.8e-05    5:  3.2e-05    6:  6.9e-05   20: -3.4e-05   21: -7.5e-06   22:  0.0019    23:  9.3e-05   24:  0.00041   25:  1.7e-08   26: -3e+02     27: -4.8e-08   28: -1.4e-08   29: -4.8e-08   30: -1.4e-08   31:  1.3e-08   32: -1.3e-08 
     0: -3.3e-10    1:  1.3e-07    2:  6.5e-08    3: -8.9e-08    4:  1.9e-07    5: -1e-07      6:  5.5e-08   20:  1.1e-07   21:  4.9e-08   22:  1.4e-07   23: -2.2e-09   24:  1e-08     25:  1.7e-22   26: -4.8e-08   27: -1.3e-08   28: -2.2e-09 
     0:  8e-10      1:  6.4e-08    2:  3e-08      3:  7e-10      4: -2.6e-09    5:  1.5e-09    6:  2.7e-08   20: -2e-09     21:  2.6e-08   22:  1.3e-08   23: -4.1e-09   24:  3.1e-09   25:  4.9e-23   26: -1.4e-08   27: -2.2e-09   28: -1.6e-09 
     0:  3.7e-09    1:  1.6e-07    2:  7.5e-08    3:  8.2e-08    4: -1.8e-07    5:  9.9e-08    6:  6.6e-08   20: -1e-07     21:  6.9e-08   22: -3.5e-08   23: -1.4e-08   24:  1e-08     25:  1.8e-22   26: -4.8e-08   29: -1.3e-08   30: -2.2e-09 
     0:  6.8e-10    1:  6.3e-08    2:  3e-08      3: -4.1e-09    4:  7.7e-09    5: -4.2e-09    6:  2.6e-08   20:  3.8e-09   21:  2.6e-08   22:  1.8e-08   23: -3.8e-09   24:  3.1e-09   25:  5.2e-23   26: -1.4e-08   29: -2.2e-09   30: -1.6e-09 
     0: -1.1e-09    1: -3.5e-08    2: -1.7e-08    3: -3.2e-08    4:  7e-08      5: -3.9e-08    6: -1.5e-08   20:  4e-08     21: -1.6e-08   22:  2e-08     23:  3.9e-09   24: -2.7e-09   25: -4.7e-23   26:  1.3e-08   31: -51      
     0: -4.2e-10    1:  2.7e-08    2:  1.3e-08    3: -3.4e-08    4:  7.2e-08    5: -4e-08      6:  1.1e-08   20:  4e-08     21:  8.8e-09   22:  4.7e-08   23:  7e-10     24:  2.7e-09   25:  4.5e-23   26: -1.3e-08   32: -3.1e-09 
     0:  2.8e-07    1: -5.8e-07    2: -0.0028     3:  2.9e-07    4: -2.3e-07    5:  1.7e-07    6: -0.0028    33: -1e+02     34:  3.8e-09 
     0: -6.1e-07    1:  1.9e-08    2:  5.7e-09    3: -0.0028     4:  0.0028     5: -0.0028     6:  3.8e-09   33:  3.8e-09   34: -1e+02   
    35: -0.00012   36: -8.3e-21   37: -2.6e-26   38: -2.4e-05   39: -8.2e-11   40: -2.4e-06 
    35: -8.3e-21   36: -0.00012   37: -1.3e-26   38:  8.6e-11   39: -2.4e-05   40:  8.5e-12 
    35:  0         36:  0         37: -0.00012   38: -4.2e-11   39: -2.4e-06   40: -4.2e-12 
    35: -2.4e-05   36:  8.6e-11   37: -4.2e-11   38: -2.1e-05   39:  2.1e-21   40: -4.8e-07 
    35: -8.2e-11   36: -2.4e-05   37: -2.4e-06   38:  2.1e-21   39: -2.1e-05   40:  9.2e-22 
    35: -2.4e-06   36:  8.5e-12   37: -4.2e-12   38: -4.8e-07   39:  9.2e-22   40: -1.6e-05 
    41: -5.8e-05   42:  0         43:  2.5e-21   44: -1.2e-06   45: -4.9e-06   46: -1.1e-07 
    41:  0         42: -5.8e-05   43:  0         44:  4.9e-06   45: -1.2e-06   46: -6.5e-08 
    41:  2.5e-21   42:  0         43: -5.8e-05   44:  1.2e-07   45: -5.2e-07   46: -1.3e-08 
    41: -1.2e-06   42:  4.9e-06   43:  1.2e-07   44: -2.3e-06   45: -7.9e-11   46:  3.3e-09 
    41: -4.9e-06   42: -1.2e-06   43: -5.2e-07   44: -7.9e-11   45: -2.3e-06   46: -1e-08   
    41: -1.1e-07   42: -6.5e-08   43: -1.3e-08   44:  3.3e-09   45: -1e-08     46: -1.9e-06 
    47: -9.4e-06   48: -2.1e-22   49:  4.6e-22   50:  0         51:  0         52:  0       
    47: -2.1e-22   48: -9.4e-06   49: -1.7e-23   50:  0         51:  0         52:  0       
    47:  4.6e-22   48: -1.7e-23   49: -9.4e-06   50:  0         51:  0         52:  0       
    47:  0         48:  0         49:  0         50: -7.9e-09   51:  1.1e-25   52:  7.6e-25 
    47:  0         48:  0         49:  0         50:  1.1e-25   51: -7.9e-09   52: -9.4e-26 
    47:  0         48:  0         49:  0         50:  7.6e-25   51: -9.4e-26   52: -7.9e-09 
    53: -1e-05     54: -1.1e-22   55:  0         56:  9.3e-09   57: -1.6e-07   58:  3.5e-08 
    53: -1.1e-22   54: -1e-05     55:  1e-25     56:  1.6e-07   57:  9.2e-09   58: -2.1e-09 
    53:  0         54: -1e-25     55: -1e-05     56: -3.5e-08   57: -2.4e-10   58:  5.3e-11 
    53:  9.3e-09   54:  1.6e-07   55: -3.5e-08   56: -1.2e-08   57:  1.1e-24   58:  5.4e-24 
    53: -1.6e-07   54:  9.2e-09   55: -2.4e-10   56:  1.1e-24   57: -1.2e-08   58:  5.3e-10 
    53:  3.5e-08   54: -2.1e-09   55:  5.3e-11   56:  5.4e-24   57:  5.3e-10   58: -1e-08   
    59: -1.8e-05   60: -1.9e-22   61:  5.3e-23   62:  1.7e-07   63: -1.5e-06   64: -4.7e-08 
    59:  2e-23     60: -1.8e-05   61:  4.2e-22   62:  1.5e-06   63:  1.7e-07   64:  1.6e-08 
    59:  5.3e-23   60:  4.2e-22   61: -1.8e-05   62:  8.8e-08   63: -4.7e-08   64: -8.9e-10 
    59:  1.7e-07   60:  1.5e-06   61:  8.8e-08   62: -1.8e-07   63:  2.7e-11   64: -8.4e-10 
    59: -1.5e-06   60:  1.7e-07   61: -4.7e-08   62:  2.7e-11   63: -1.8e-07   64: -3.9e-09 
    59: -4.7e-08   60:  1.6e-08   61: -8.9e-10   62: -8.4e-10   63: -3.9e-09   64: -5.9e-08 
    65: -1.8e-05   66:  2.6e-22   67:  1.9e-21   68:  3.5e-08   69: -6.9e-07   70: -6.6e-08 
    65:  2.6e-22   66: -1.8e-05   67:  1.1e-21   68:  6.9e-07   69:  3.5e-08   70:  1.8e-08 
    65:  1e-21     66:  8.5e-22   67: -1.8e-05   68:  6.7e-08   69: -1.5e-08   70: -1.8e-11 
    65:  3.5e-08   66:  6.9e-07   67:  6.7e-08   68: -8.4e-08   69:  5.5e-11   70: -5.7e-10 
    65: -6.9e-07   66:  3.5e-08   67: -1.5e-08   68:  5.5e-11   69: -8.4e-08   70: -2.5e-09 
    65: -6.6e-08   66:  1.8e-08   67: -1.8e-11   68: -5.7e-10   69: -2.5e-09   70: -5.8e-08 
    71: -0.00025   72:  1.7e-22   73:  1.1e-22   74: -0.00022   75: -2.2e-11   76:  1.4e-06 
    71: -4.6e-23   72: -0.00025   73:  0         74: -3.7e-12   75: -0.00022   76:  4.5e-07 
    71:  1.1e-22   72:  0         73: -0.00025   74: -4.5e-07   75:  1.4e-06   76:  1.9e-11 
    71: -0.00022   72: -3.7e-12   73: -4.5e-07   74: -0.00034   75:  2.6e-09   76:  1.3e-06 
    71: -2.2e-11   72: -0.00022   73:  1.4e-06   74:  2.6e-09   75: -0.00034   76:  3.9e-07 
    71:  1.4e-06   72:  4.5e-07   73:  1.9e-11   74:  1.3e-06   75:  3.9e-07   76: -0.00015 
    77: -4.8e-05   78:  1.6e-21   79: -1.1e-22   80: -7.9e-06   81:  7.6e-10   82:  6.6e-09 
    77:  1.6e-21   78: -4.8e-05   79:  0         80: -2.5e-09   81: -7.9e-06   82: -2.2e-07 
    77: -5.3e-23   78:  1.1e-22   79: -4.8e-05   80:  1.1e-07   81: -1.1e-07   82: -3.2e-09 
    77: -7.9e-06   78: -2.5e-09   79:  1.1e-07   80: -2.4e-06   81: -3.1e-11   82:  1.1e-09 
    77:  7.6e-10   78: -7.9e-06   79: -1.1e-07   80: -3.1e-11   81: -2.4e-06   82: -3.7e-08 
    77:  6.6e-09   78: -2.2e-07   79: -3.2e-09   80:  1.1e-09   81: -3.7e-08   82: -1.1e-06 
    83: -4.8e-05   84:  3.3e-21   85:  5.3e-23   86: -7.9e-06   87:  7.6e-10   88:  6.6e-09 
    83:  1.6e-21   84: -4.8e-05   85: -1.1e-22   86: -2.5e-09   87: -7.9e-06   88: -2.2e-07 
    83:  0         84:  0         85: -4.8e-05   86:  1.1e-07   87: -1.1e-07   88: -3.2e-09 
    83: -7.9e-06   84: -2.5e-09   85:  1.1e-07   86: -2.4e-06   87: -3.1e-11   88:  1.1e-09 
    83:  7.6e-10   84: -7.9e-06   85: -1.1e-07   86: -3.1e-11   87: -2.4e-06   88: -3.7e-08 
    83:  6.6e-09   84: -2.2e-07   85: -3.2e-09   86:  1.1e-09   87: -3.7e-08   88: -1.1e-06 
    89: -4.8e-05   90:  1.6e-21   91:  1.1e-22   92: -7.9e-06   93:  7.6e-10   94:  6.6e-09 
    89:  1.6e-21   90: -4.8e-05   91: -1.1e-22   92: -2.5e-09   93: -7.9e-06   94: -2.2e-07 
    89:  1.6e-22   90: -1.1e-22   91: -4.8e-05   92:  1.1e-07   93: -1.1e-07   94: -3.2e-09 
    89: -7.9e-06   90: -2.5e-09   91:  1.1e-07   92: -2.4e-06   93: -3.1e-11   94:  1.1e-09 
    89:  7.6e-10   90: -7.9e-06   91: -1.1e-07   92: -3.1e-11   93: -2.4e-06   94: -3.7e-08 
    89:  6.6e-09   90: -2.2e-07   91: -3.2e-09   92:  1.1e-09   93: -3.7e-08   94: -1.1e-06 

CONTACT
  0:
     dim           3
     geoms         ground_col : mesh_480ba0a2_f802_4995_8b86_cfb1cfe1d257_g1
     exclude       0
     efc_address   37
     solref         0.02      1       
     solimp         0.9       0.95      0.001     0.5       2       
     dist          -5.5e-05 
     includemargin  0       
     pos            0.93     -0.47     -0.001   
     frame          0         0         1         0         1         0        -1         0         0       
     friction       1         1         0.005     0.0001    0.0001  
     mu             0.22    
     force          2.7e+02   0.11     -0.46      0         0         0       
  1:
     dim           3
     geoms         ground_col : mesh_480ba0a2_f802_4995_8b86_cfb1cfe1d257_g1
     exclude       0
     efc_address   40
     solref         0.02      1       
     solimp         0.9       0.95      0.001     0.5       2       
     dist          -5.5e-05 
     includemargin  0       
     pos            0.93      0.43     -0.001   
     frame          0         0         1         0         1         0        -1         0         0       
     friction       1         1         0.005     0.0001    0.0001  
     mu             0.22    
     force          2.7e+02   0.11     -1.2       0         0         0       
  2:
     dim           3
     geoms         ground_col : mesh_480ba0a2_f802_4995_8b86_cfb1cfe1d257_g1
     exclude       0
     efc_address   43
     solref         0.02      1       
     solimp         0.9       0.95      0.001     0.5       2       
     dist          -5.6e-05 
     includemargin  0       
     pos            0.38     -0.47     -0.001   
     frame          0         0         1         0         1         0        -1         0         0       
     friction       1         1         0.005     0.0001    0.0001  
     mu             0.22    
     force          2.8e+02   0.58     -0.46      0         0         0       
  3:
     dim           3
     geoms         ground_col : mesh_480ba0a2_f802_4995_8b86_cfb1cfe1d257_g1
     exclude       0
     efc_address   46
     solref         0.02      1       
     solimp         0.9       0.95      0.001     0.5       2       
     dist          -5.6e-05 
     includemargin  0       
     pos            0.38      0.43     -0.001   
     frame          0         0         1         0         1         0        -1         0         0       
     friction       1         1         0.005     0.0001    0.0001  
     mu             0.22    
     force          2.8e+02   0.58     -1.2       0         0         0       
  4:
     dim           3
     geoms         ground_vis : mesh_480ba0a2_f802_4995_8b86_cfb1cfe1d257_g1
     exclude       0
     efc_address   49
     solref         0.02      1       
     solimp         0.9       0.95      0.001     0.5       2       
     dist          -5.5e-05 
     includemargin  0       
     pos            0.93     -0.47     -0.001   
     frame          0         0         1         0         1         0        -1         0         0       
     friction       1         1         0.005     0.0001    0.0001  
     mu             0.22    
     force          2.7e+02   0.11     -0.46      0         0         0       
  5:
     dim           3
     geoms         ground_vis : mesh_480ba0a2_f802_4995_8b86_cfb1cfe1d257_g1
     exclude       0
     efc_address   52
     solref         0.02      1       
     solimp         0.9       0.95      0.001     0.5       2       
     dist          -5.5e-05 
     includemargin  0       
     pos            0.93      0.43     -0.001   
     frame          0         0         1         0         1         0        -1         0         0       
     friction       1         1         0.005     0.0001    0.0001  
     mu             0.22    
     force          2.7e+02   0.11     -1.2       0         0         0       
  6:
     dim           3
     geoms         ground_vis : mesh_480ba0a2_f802_4995_8b86_cfb1cfe1d257_g1
     exclude       0
     efc_address   55
     solref         0.02      1       
     solimp         0.9       0.95      0.001     0.5       2       
     dist          -5.6e-05 
     includemargin  0       
     pos            0.38     -0.47     -0.001   
     frame          0         0         1         0         1         0        -1         0         0       
     friction       1         1         0.005     0.0001    0.0001  
     mu             0.22    
     force          2.8e+02   0.58     -0.46      0         0         0       
  7:
     dim           3
     geoms         ground_vis : mesh_480ba0a2_f802_4995_8b86_cfb1cfe1d257_g1
     exclude       0
     efc_address   58
     solref         0.02      1       
     solimp         0.9       0.95      0.001     0.5       2       
     dist          -5.6e-05 
     includemargin  0       
     pos            0.38      0.43     -0.001   
     frame          0         0         1         0         1         0        -1         0         0       
     friction       1         1         0.005     0.0001    0.0001  
     mu             0.22    
     force          2.8e+02   0.58     -1.2       0         0         0       
  8:
     dim           3
     geoms         ground_col : mesh_e3490a3c_0732_47e6_bb1c_7c9783f4b6cb_g9
     exclude       0
     efc_address   61
     solref         0.02      1       
     solimp         0.9       0.95      0.001     0.5       2       
     dist          -4.9e-05 
     includemargin  0       
     pos            4.3       3.4      -0.001   
     frame          0         0         1         0         1         0        -1         0         0       
     friction       1         1         0.005     0.0001    0.0001  
     mu             0.22    
     force          1.7e+02   3.3e-15  -4.1e-13   0         0         0       
  9:
     dim           3
     geoms         ground_col : mesh_e3490a3c_0732_47e6_bb1c_7c9783f4b6cb_g12
     exclude       0
     efc_address   64
     solref         0.02      1       
     solimp         0.9       0.95      0.001     0.5       2       
     dist          -5.1e-05 
     includemargin  0       
     pos            3.7       4.6      -0.001   
     frame          0         0         1         0         1         0        -1         0         0       
     friction       1         1         0.005     0.0001    0.0001  
     mu             0.22    
     force          1.7e+02   5e-15    -4.1e-13   0         0         0       
  10:
     dim           3
     geoms         ground_col : mesh_e3490a3c_0732_47e6_bb1c_7c9783f4b6cb_g14
     exclude       0
     efc_address   67
     solref         0.02      1       
     solimp         0.9       0.95      0.001     0.5       2       
     dist          -5.9e-05 
     includemargin  0       
     pos            4.3       4.6      -0.001   
     frame          0         0         1         0         1         0        -1         0         0       
     friction       1         1         0.005     0.0001    0.0001  
     mu             0.22    
     force          2e+02     3.3e-15  -4e-13     0         0         0       
  11:
     dim           3
     geoms         ground_col : mesh_e3490a3c_0732_47e6_bb1c_7c9783f4b6cb_g33
     exclude       0
     efc_address   70
     solref         0.02      1       
     solimp         0.9       0.95      0.001     0.5       2       
     dist          -5.9e-05 
     includemargin  0       
     pos            3.7       3.4      -0.001   
     frame          0         0         1         0         1         0        -1         0         0       
     friction       1         1         0.005     0.0001    0.0001  
     mu             0.22    
     force          2e+02     5e-15    -4e-13     0         0         0       
  12:
     dim           3
     geoms         ground_vis : mesh_e3490a3c_0732_47e6_bb1c_7c9783f4b6cb_g9
     exclude       0
     efc_address   73
     solref         0.02      1       
     solimp         0.9       0.95      0.001     0.5       2       
     dist          -4.9e-05 
     includemargin  0       
     pos            4.3       3.4      -0.001   
     frame          0         0         1         0         1         0        -1         0         0       
     friction       1         1         0.005     0.0001    0.0001  
     mu             0.22    
     force          1.7e+02   3.3e-15  -4.1e-13   0         0         0       
  13:
     dim           3
     geoms         ground_vis : mesh_e3490a3c_0732_47e6_bb1c_7c9783f4b6cb_g12
     exclude       0
     efc_address   76
     solref         0.02      1       
     solimp         0.9       0.95      0.001     0.5       2       
     dist          -5.1e-05 
     includemargin  0       
     pos            3.7       4.6      -0.001   
     frame          0         0         1         0         1         0        -1         0         0       
     friction       1         1         0.005     0.0001    0.0001  
     mu             0.22    
     force          1.7e+02   5e-15    -4.1e-13   0         0         0       
  14:
     dim           3
     geoms         ground_vis : mesh_e3490a3c_0732_47e6_bb1c_7c9783f4b6cb_g14
     exclude       0
     efc_address   79
     solref         0.02      1       
     solimp         0.9       0.95      0.001     0.5       2       
     dist          -5.9e-05 
     includemargin  0       
     pos            4.3       4.6      -0.001   
     frame          0         0         1         0         1         0        -1         0         0       
     friction       1         1         0.005     0.0001    0.0001  
     mu             0.22    
     force          2e+02     3.3e-15  -4e-13     0         0         0       
  15:
     dim           3
     geoms         ground_vis : mesh_e3490a3c_0732_47e6_bb1c_7c9783f4b6cb_g33
     exclude       0
     efc_address   82
     solref         0.02      1       
     solimp         0.9       0.95      0.001     0.5       2       
     dist          -5.9e-05 
     includemargin  0       
     pos            3.7       3.4      -0.001   
     frame          0         0         1         0         1         0        -1         0         0       
     friction       1         1         0.005     0.0001    0.0001  
     mu             0.22    
     force          2e+02     5e-15    -4e-13     0         0         0       
  16:
     dim           3
     geoms         ground_col : mesh_205ca540_4c42_4b75_9b5a_0f5d2b7758d3_g21
     exclude       0
     efc_address   85
     solref         0.02      1       
     solimp         0.9       0.95      0.001     0.5       2       
     dist          -5.9e-05 
     includemargin  0       
     pos            3.1       2.9      -0.001   
     frame          0         0         1         0         1         0        -1         0         0       
     friction       1         1         0.005     0.0001    0.0001  
     mu             0.22    
     force          0.021    -4.1e-18   4e-18     0         0         0       
  17:
     dim           3
     geoms         ground_col : mesh_205ca540_4c42_4b75_9b5a_0f5d2b7758d3_g27
     exclude       0
     efc_address   88
     solref         0.02      1       
     solimp         0.9       0.95      0.001     0.5       2       
     dist          -5.3e-05 
     includemargin  0       
     pos            2.9       3.1      -0.001   
     frame          0         0         1         0         1         0        -1         0         0       
     friction       1         1         0.005     0.0001    0.0001  
     mu             0.22    
     force          0.019    -2.4e-18   2.3e-18   0         0         0       
  18:
     dim           3
     geoms         ground_col : mesh_205ca540_4c42_4b75_9b5a_0f5d2b7758d3_g28
     exclude       0
     efc_address   91
     solref         0.02      1       
     solimp         0.9       0.95      0.001     0.5       2       
     dist          -4.8e-05 
     includemargin  0       
     pos            2.9       3.1      -0.001   
     frame          0         0         1         0         1         0        -1         0         0       
     friction       1         1         0.005     0.0001    0.0001  
     mu             0.22    
     force          0.017    -1.1e-18   1.1e-18   0         0         0       
  19:
     dim           3
     geoms         ground_col : mesh_205ca540_4c42_4b75_9b5a_0f5d2b7758d3_g29
     exclude       0
     efc_address   94
     solref         0.02      1       
     solimp         0.9       0.95      0.001     0.5       2       
     dist          -9.5e-06 
     includemargin  0       
     pos            3.1       3        -0.001   
     frame          0         0         1         0         1         0        -1         0         0       
     friction       1         1         0.005     0.0001    0.0001  
     mu             0.22    
     force          0.0034    8.9e-18  -8.9e-18   0         0         0       
  20:
     dim           3
     geoms         ground_col : mesh_205ca540_4c42_4b75_9b5a_0f5d2b7758d3_g31
     exclude       0
     efc_address   97
     solref         0.02      1       
     solimp         0.9       0.95      0.001     0.5       2       
     dist          -4.9e-05 
     includemargin  0       
     pos            3.1       2.9      -0.001   
     frame          0         0         1         0         1         0        -1         0         0       
     friction       1         1         0.005     0.0001    0.0001  
     mu             0.22    
     force          0.017    -1.4e-18   1.4e-18   0         0         0       
  21:
     dim           3
     geoms         ground_vis : mesh_205ca540_4c42_4b75_9b5a_0f5d2b7758d3_g21
     exclude       0
     efc_address   100
     solref         0.02      1       
     solimp         0.9       0.95      0.001     0.5       2       
     dist          -5.9e-05 
     includemargin  0       
     pos            3.1       2.9      -0.001   
     frame          0         0         1         0         1         0        -1         0         0       
     friction       1         1         0.005     0.0001    0.0001  
     mu             0.22    
     force          0.021    -4.1e-18   4e-18     0         0         0       
  22:
     dim           3
     geoms         ground_vis : mesh_205ca540_4c42_4b75_9b5a_0f5d2b7758d3_g27
     exclude       0
     efc_address   103
     solref         0.02      1       
     solimp         0.9       0.95      0.001     0.5       2       
     dist          -5.3e-05 
     includemargin  0       
     pos            2.9       3.1      -0.001   
     frame          0         0         1         0         1         0        -1         0         0       
     friction       1         1         0.005     0.0001    0.0001  
     mu             0.22    
     force          0.019    -2.4e-18   2.3e-18   0         0         0       
  23:
     dim           3
     geoms         ground_vis : mesh_205ca540_4c42_4b75_9b5a_0f5d2b7758d3_g28
     exclude       0
     efc_address   106
     solref         0.02      1       
     solimp         0.9       0.95      0.001     0.5       2       
     dist          -4.8e-05 
     includemargin  0       
     pos            2.9       3.1      -0.001   
     frame          0         0         1         0         1         0        -1         0         0       
     friction       1         1         0.005     0.0001    0.0001  
     mu             0.22    
     force          0.017    -1.1e-18   1.1e-18   0         0         0       
  24:
     dim           3
     geoms         ground_vis : mesh_205ca540_4c42_4b75_9b5a_0f5d2b7758d3_g29
     exclude       0
     efc_address   109
     solref         0.02      1       
     solimp         0.9       0.95      0.001     0.5       2       
     dist          -9.5e-06 
     includemargin  0       
     pos            3.1       3        -0.001   
     frame          0         0         1         0         1         0        -1         0         0       
     friction       1         1         0.005     0.0001    0.0001  
     mu             0.22    
     force          0.0034    8.9e-18  -8.9e-18   0         0         0       
  25:
     dim           3
     geoms         ground_vis : mesh_205ca540_4c42_4b75_9b5a_0f5d2b7758d3_g31
     exclude       0
     efc_address   112
     solref         0.02      1       
     solimp         0.9       0.95      0.001     0.5       2       
     dist          -4.9e-05 
     includemargin  0       
     pos            3.1       2.9      -0.001   
     frame          0         0         1         0         1         0        -1         0         0       
     friction       1         1         0.005     0.0001    0.0001  
     mu             0.22    
     force          0.017    -1.4e-18   1.4e-18   0         0         0       
  26:
     dim           3
     geoms         ground_col : mesh_5c3f31fd_f4a1_4d41_b061_025817594ee1_g21
     exclude       0
     efc_address   115
     solref         0.02      1       
     solimp         0.9       0.95      0.001     0.5       2       
     dist          -5.9e-05 
     includemargin  0       
     pos            2.1       1.9      -0.001   
     frame          0         0         1         0         1         0        -1         0         0       
     friction       1         1         0.005     0.0001    0.0001  
     mu             0.22    
     force          0.021    -3.6e-18   3.6e-18   0         0         0       
  27:
     dim           3
     geoms         ground_col : mesh_5c3f31fd_f4a1_4d41_b061_025817594ee1_g27
     exclude       0
     efc_address   118
     solref         0.02      1       
     solimp         0.9       0.95      0.001     0.5       2       
     dist          -5.3e-05 
     includemargin  0       
     pos            1.9       2.1      -0.001   
     frame          0         0         1         0         1         0        -1         0         0       
     friction       1         1         0.005     0.0001    0.0001  
     mu             0.22    
     force          0.019    -2.1e-18   2.1e-18   0         0         0       
  28:
     dim           3
     geoms         ground_col : mesh_5c3f31fd_f4a1_4d41_b061_025817594ee1_g28
     exclude       0
     efc_address   121
     solref         0.02      1       
     solimp         0.9       0.95      0.001     0.5       2       
     dist          -4.8e-05 
     includemargin  0       
     pos            1.9       2.1      -0.001   
     frame          0         0         1         0         1         0        -1         0         0       
     friction       1         1         0.005     0.0001    0.0001  
     mu             0.22    
     force          0.017    -9.6e-19   9.6e-19   0         0         0       
  29:
     dim           3
     geoms         ground_col : mesh_5c3f31fd_f4a1_4d41_b061_025817594ee1_g29
     exclude       0
     efc_address   124
     solref         0.02      1       
     solimp         0.9       0.95      0.001     0.5       2       
     dist          -9.5e-06 
     includemargin  0       
     pos            2.1       2        -0.001   
     frame          0         0         1         0         1         0        -1         0         0       
     friction       1         1         0.005     0.0001    0.0001  
     mu             0.22    
     force          0.0034    7.8e-18  -7.9e-18   0         0         0       
  30:
     dim           3
     geoms         ground_col : mesh_5c3f31fd_f4a1_4d41_b061_025817594ee1_g31
     exclude       0
     efc_address   127
     solref         0.02      1       
     solimp         0.9       0.95      0.001     0.5       2       
     dist          -4.9e-05 
     includemargin  0       
     pos            2.1       1.9      -0.001   
     frame          0         0         1         0         1         0        -1         0         0       
     friction       1         1         0.005     0.0001    0.0001  
     mu             0.22    
     force          0.017    -1.3e-18   1.3e-18   0         0         0       
  31:
     dim           3
     geoms         ground_vis : mesh_5c3f31fd_f4a1_4d41_b061_025817594ee1_g21
     exclude       0
     efc_address   130
     solref         0.02      1       
     solimp         0.9       0.95      0.001     0.5       2       
     dist          -5.9e-05 
     includemargin  0       
     pos            2.1       1.9      -0.001   
     frame          0         0         1         0         1         0        -1         0         0       
     friction       1         1         0.005     0.0001    0.0001  
     mu             0.22    
     force          0.021    -3.6e-18   3.6e-18   0         0         0       
  32:
     dim           3
     geoms         ground_vis : mesh_5c3f31fd_f4a1_4d41_b061_025817594ee1_g27
     exclude       0
     efc_address   133
     solref         0.02      1       
     solimp         0.9       0.95      0.001     0.5       2       
     dist          -5.3e-05 
     includemargin  0       
     pos            1.9       2.1      -0.001   
     frame          0         0         1         0         1         0        -1         0         0       
     friction       1         1         0.005     0.0001    0.0001  
     mu             0.22    
     force          0.019    -2.1e-18   2.1e-18   0         0         0       
  33:
     dim           3
     geoms         ground_vis : mesh_5c3f31fd_f4a1_4d41_b061_025817594ee1_g28
     exclude       0
     efc_address   136
     solref         0.02      1       
     solimp         0.9       0.95      0.001     0.5       2       
     dist          -4.8e-05 
     includemargin  0       
     pos            1.9       2.1      -0.001   
     frame          0         0         1         0         1         0        -1         0         0       
     friction       1         1         0.005     0.0001    0.0001  
     mu             0.22    
     force          0.017    -9.6e-19   9.6e-19   0         0         0       
  34:
     dim           3
     geoms         ground_vis : mesh_5c3f31fd_f4a1_4d41_b061_025817594ee1_g29
     exclude       0
     efc_address   139
     solref         0.02      1       
     solimp         0.9       0.95      0.001     0.5       2       
     dist          -9.5e-06 
     includemargin  0       
     pos            2.1       2        -0.001   
     frame          0         0         1         0         1         0        -1         0         0       
     friction       1         1         0.005     0.0001    0.0001  
     mu             0.22    
     force          0.0034    7.8e-18  -7.9e-18   0         0         0       
  35:
     dim           3
     geoms         ground_vis : mesh_5c3f31fd_f4a1_4d41_b061_025817594ee1_g31
     exclude       0
     efc_address   142
     solref         0.02      1       
     solimp         0.9       0.95      0.001     0.5       2       
     dist          -4.9e-05 
     includemargin  0       
     pos            2.1       1.9      -0.001   
     frame          0         0         1         0         1         0        -1         0         0       
     friction       1         1         0.005     0.0001    0.0001  
     mu             0.22    
     force          0.017    -1.3e-18   1.3e-18   0         0         0       
  36:
     dim           3
     geoms         ground_col : mesh_8346d625_be26_492c_909f_e85095d10276_g21
     exclude       0
     efc_address   145
     solref         0.02      1       
     solimp         0.9       0.95      0.001     0.5       2       
     dist          -5.9e-05 
     includemargin  0       
     pos            1.1       0.94     -0.001   
     frame          0         0         1         0         1         0        -1         0         0       
     friction       1         1         0.005     0.0001    0.0001  
     mu             0.22    
     force          0.021    -3.4e-18   3.4e-18   0         0         0       
  37:
     dim           3
     geoms         ground_col : mesh_8346d625_be26_492c_909f_e85095d10276_g27
     exclude       0
     efc_address   148
     solref         0.02      1       
     solimp         0.9       0.95      0.001     0.5       2       
     dist          -5.3e-05 
     includemargin  0       
     pos            0.94      1.1      -0.001   
     frame          0         0         1         0         1         0        -1         0         0       
     friction       1         1         0.005     0.0001    0.0001  
     mu             0.22    
     force          0.019    -2e-18     2e-18     0         0         0       
  38:
     dim           3
     geoms         ground_col : mesh_8346d625_be26_492c_909f_e85095d10276_g28
     exclude       0
     efc_address   151
     solref         0.02      1       
     solimp         0.9       0.95      0.001     0.5       2       
     dist          -4.8e-05 
     includemargin  0       
     pos            0.94      1.1      -0.001   
     frame          0         0         1         0         1         0        -1         0         0       
     friction       1         1         0.005     0.0001    0.0001  
     mu             0.22    
     force          0.017    -9.2e-19   9.5e-19   0         0         0       
  39:
     dim           3
     geoms         ground_col : mesh_8346d625_be26_492c_909f_e85095d10276_g29
     exclude       0
     efc_address   154
     solref         0.02      1       
     solimp         0.9       0.95      0.001     0.5       2       
     dist          -9.5e-06 
     includemargin  0       
     pos            1.1       1        -0.001   
     frame          0         0         1         0         1         0        -1         0         0       
     friction       1         1         0.005     0.0001    0.0001  
     mu             0.22    
     force          0.0034    7.3e-18  -7.5e-18   0         0         0       
  40:
     dim           3
     geoms         ground_col : mesh_8346d625_be26_492c_909f_e85095d10276_g31
     exclude       0
     efc_address   157
     solref         0.02      1       
     solimp         0.9       0.95      0.001     0.5       2       
     dist          -4.9e-05 
     includemargin  0       
     pos            1.1       0.93     -0.001   
     frame          0         0         1         0         1         0        -1         0         0       
     friction       1         1         0.005     0.0001    0.0001  
     mu             0.22    
     force          0.017    -1.1e-18   1.2e-18   0         0         0       
  41:
     dim           3
     geoms         ground_vis : mesh_8346d625_be26_492c_909f_e85095d10276_g21
     exclude       0
     efc_address   160
     solref         0.02      1       
     solimp         0.9       0.95      0.001     0.5       2       
     dist          -5.9e-05 
     includemargin  0       
     pos            1.1       0.94     -0.001   
     frame          0         0         1         0         1         0        -1         0         0       
     friction       1         1         0.005     0.0001    0.0001  
     mu             0.22    
     force          0.021    -3.4e-18   3.4e-18   0         0         0       
  42:
     dim           3
     geoms         ground_vis : mesh_8346d625_be26_492c_909f_e85095d10276_g27
     exclude       0
     efc_address   163
     solref         0.02      1       
     solimp         0.9       0.95      0.001     0.5       2       
     dist          -5.3e-05 
     includemargin  0       
     pos            0.94      1.1      -0.001   
     frame          0         0         1         0         1         0        -1         0         0       
     friction       1         1         0.005     0.0001    0.0001  
     mu             0.22    
     force          0.019    -2e-18     2e-18     0         0         0       
  43:
     dim           3
     geoms         ground_vis : mesh_8346d625_be26_492c_909f_e85095d10276_g28
     exclude       0
     efc_address   166
     solref         0.02      1       
     solimp         0.9       0.95      0.001     0.5       2       
     dist          -4.8e-05 
     includemargin  0       
     pos            0.94      1.1      -0.001   
     frame          0         0         1         0         1         0        -1         0         0       
     friction       1         1         0.005     0.0001    0.0001  
     mu             0.22    
     force          0.017    -9.2e-19   9.5e-19   0         0         0       
  44:
     dim           3
     geoms         ground_vis : mesh_8346d625_be26_492c_909f_e85095d10276_g29
     exclude       0
     efc_address   169
     solref         0.02      1       
     solimp         0.9       0.95      0.001     0.5       2       
     dist          -9.5e-06 
     includemargin  0       
     pos            1.1       1        -0.001   
     frame          0         0         1         0         1         0        -1         0         0       
     friction       1         1         0.005     0.0001    0.0001  
     mu             0.22    
     force          0.0034    7.3e-18  -7.5e-18   0         0         0       
  45:
     dim           3
     geoms         ground_vis : mesh_8346d625_be26_492c_909f_e85095d10276_g31
     exclude       0
     efc_address   172
     solref         0.02      1       
     solimp         0.9       0.95      0.001     0.5       2       
     dist          -4.9e-05 
     includemargin  0       
     pos            1.1       0.93     -0.001   
     frame          0         0         1         0         1         0        -1         0         0       
     friction       1         1         0.005     0.0001    0.0001  
     mu             0.22    
     force          0.017    -1.1e-18   1.2e-18   0         0         0       
  46:
     dim           3
     geoms         galbot_one_foxtrot/right_gripper_l_finger_link_collision : mesh_d1b73d6c_6649_41f0_9e54_1b583feac91a_g37
     exclude       0
     efc_address   175
     solref         0.005     1       
     solimp         0.9       0.95      0.001     0.5       2       
     dist          -2.2e-05 
     includemargin  0       
     pos            0.46      0.21      0.69    
     frame         -0.97     -0.23     -0.11     -0.23      0.97     -0.026     0.11     -3.5e-18  -0.99    
     friction       1         1         1         1         1       
     mu             0.22    
     force          2.9      -0.73      2.8       0         0         0       
  47:
     dim           3
     geoms         galbot_one_foxtrot/right_gripper_l_finger_link_collision : mesh_d1b73d6c_6649_41f0_9e54_1b583feac91a_g37
     exclude       0
     efc_address   178
     solref         0.005     1       
     solimp         0.9       0.95      0.001     0.5       2       
     dist          -0.00015 
     includemargin  0       
     pos            0.46      0.21      0.69    
     frame         -0.97     -0.23     -0.11     -0.23      0.97     -0.026     0.11     -3.5e-18  -0.99    
     friction       1         1         1         1         1       
     mu             0.22    
     force          4.3      -1.1       4.1       0         0         0       
  48:
     dim           3
     geoms         mesh_480ba0a2_f802_4995_8b86_cfb1cfe1d257_g1 : mesh_d1b73d6c_6649_41f0_9e54_1b583feac91a_g7
     exclude       0
     efc_address   181
     solref         0.02      1       
     solimp         0.9       0.95      0.001     0.5       2       
     dist          -5.8e-05 
     includemargin  0       
     pos            0.52      0.32      0.44    
     frame         -1.7e-06   8.9e-07   1         1.6e-12   1        -8.9e-07  -1        -2e-28    -1.7e-06 
     friction       10        10        10        10        10      
     mu             2.2     
     force          0         0         0         0         0         0       
  49:
     dim           3
     geoms         mesh_480ba0a2_f802_4995_8b86_cfb1cfe1d257_g1 : mesh_d1b73d6c_6649_41f0_9e54_1b583feac91a_g17
     exclude       0
     efc_address   184
     solref         0.02      1       
     solimp         0.9       0.95      0.001     0.5       2       
     dist          -0.00019 
     includemargin  0       
     pos            0.52      0.32      0.44    
     frame         -1.7e-06   8.9e-07   1         1.6e-12   1        -8.9e-07  -1        -2e-28    -1.7e-06 
     friction       10        10        10        10        10      
     mu             2.2     
     force          6.3       0.61     -1.5       0         0         0       
  50:
     dim           3
     geoms         mesh_480ba0a2_f802_4995_8b86_cfb1cfe1d257_g1 : mesh_d1b73d6c_6649_41f0_9e54_1b583feac91a_g18
     exclude       0
     efc_address   187
     solref         0.02      1       
     solimp         0.9       0.95      0.001     0.5       2       
     dist          -7.2e-05 
     includemargin  0       
     pos            0.56      0.16      0.44    
     frame         -1.7e-06   8.9e-07   1         1.6e-12   1        -8.9e-07  -1        -2e-28    -1.7e-06 
     friction       10        10        10        10        10      
     mu             2.2     
     force          8.4       0.45     -0.65      0         0         0       
  51:
     dim           3
     geoms         mesh_480ba0a2_f802_4995_8b86_cfb1cfe1d257_g1 : mesh_d1b73d6c_6649_41f0_9e54_1b583feac91a_g21
     exclude       0
     efc_address   190
     solref         0.02      1       
     solimp         0.9       0.95      0.001     0.5       2       
     dist          -0.00019 
     includemargin  0       
     pos            0.52      0.3       0.44    
     frame         -1.7e-06   8.9e-07   1         1.6e-12   1        -8.9e-07  -1        -2e-28    -1.7e-06 
     friction       10        10        10        10        10      
     mu             2.2     
     force          7.3       0.58     -1.4       0         0         0       
  52:
     dim           3
     geoms         mesh_480ba0a2_f802_4995_8b86_cfb1cfe1d257_g1 : mesh_d1b73d6c_6649_41f0_9e54_1b583feac91a_g26
     exclude       0
     efc_address   193
     solref         0.02      1       
     solimp         0.9       0.95      0.001     0.5       2       
     dist          -7.4e-05 
     includemargin  0       
     pos            0.53      0.3       0.44    
     frame         -1.7e-06   8.9e-07   1         1.6e-12   1        -8.9e-07  -1        -2e-28    -1.7e-06 
     friction       10        10        10        10        10      
     mu             2.2     
     force          0.73      0.61     -1.3       0         0         0       
  53:
     dim           3
     geoms         mesh_480ba0a2_f802_4995_8b86_cfb1cfe1d257_g1 : mesh_d1b73d6c_6649_41f0_9e54_1b583feac91a_g32
     exclude       0
     efc_address   196
     solref         0.02      1       
     solimp         0.9       0.95      0.001     0.5       2       
     dist          -8.4e-05 
     includemargin  0       
     pos            0.56      0.15      0.44    
     frame         -1.7e-06   8.9e-07   1         1.6e-12   1        -8.9e-07  -1        -2e-28    -1.7e-06 
     friction       10        10        10        10        10      
     mu             2.2     
     force          9.2       0.46     -0.64      0         0         0       
  54:
     dim           3
     geoms         mesh_480ba0a2_f802_4995_8b86_cfb1cfe1d257_g1 : cuboid_9f371559_be54_45a3_a727_3210d2871da2_g0
     exclude       0
     efc_address   199
     solref         0.011     1       
     solimp         0.95      0.97      0.001     0.5       2       
     dist          -1.5e-05 
     includemargin  0       
     pos            0.87     -0.017     0.44    
     frame         -1.7e-06   8.9e-07   1         1.6e-12   1        -8.9e-07  -1        -2e-28    -1.7e-06 
     friction       1         1         0.005     0.0001    0.0001  
     mu             0.22    
     force          0.31      2.7e-06   8.4e-06   0         0         0       
  55:
     dim           3
     geoms         mesh_480ba0a2_f802_4995_8b86_cfb1cfe1d257_g1 : cuboid_9f371559_be54_45a3_a727_3210d2871da2_g0
     exclude       0
     efc_address   202
     solref         0.011     1       
     solimp         0.95      0.97      0.001     0.5       2       
     dist          -1.5e-05 
     includemargin  0       
     pos            0.86      0.033     0.44    
     frame         -1.7e-06   8.9e-07   1         1.6e-12   1        -8.9e-07  -1        -2e-28    -1.7e-06 
     friction       1         1         0.005     0.0001    0.0001  
     mu             0.22    
     force          0.31      2.7e-06   8.4e-06   0         0         0       
  56:
     dim           3
     geoms         mesh_480ba0a2_f802_4995_8b86_cfb1cfe1d257_g1 : cuboid_9f371559_be54_45a3_a727_3210d2871da2_g0
     exclude       0
     efc_address   205
     solref         0.011     1       
     solimp         0.95      0.97      0.001     0.5       2       
     dist          -1.5e-05 
     includemargin  0       
     pos            0.92     -0.012     0.44    
     frame         -1.7e-06   8.9e-07   1         1.6e-12   1        -8.9e-07  -1        -2e-28    -1.7e-06 
     friction       1         1         0.005     0.0001    0.0001  
     mu             0.22    
     force          0.31      2.7e-06   8.4e-06   0         0         0       
  57:
     dim           3
     geoms         mesh_480ba0a2_f802_4995_8b86_cfb1cfe1d257_g1 : cuboid_9f371559_be54_45a3_a727_3210d2871da2_g0
     exclude       0
     efc_address   208
     solref         0.011     1       
     solimp         0.95      0.97      0.001     0.5       2       
     dist          -1.5e-05 
     includemargin  0       
     pos            0.91      0.038     0.44    
     frame         -1.7e-06   8.9e-07   1         1.6e-12   1        -8.9e-07  -1        -2e-28    -1.7e-06 
     friction       1         1         0.005     0.0001    0.0001  
     mu             0.22    
     force          0.31      2.7e-06   8.4e-06   0         0         0       
  58:
     dim           3
     geoms         mesh_480ba0a2_f802_4995_8b86_cfb1cfe1d257_g1 : mesh_60026996_9ba1_43c8_bfcd_5b2d93df5089_g9
     exclude       0
     efc_address   211
     solref         0.02      1       
     solimp         0.9       0.95      0.001     0.5       2       
     dist          -0.00018 
     includemargin  0       
     pos            0.61     -0.13      0.44    
     frame         -1.7e-06   8.9e-07   1         1.6e-12   1        -8.9e-07  -1        -2e-28    -1.7e-06 
     friction       1         1         0.005     0.0001    0.0001  
     mu             0.22    
     force          1.2       0.00034  -0.0019    0         0         0       
  59:
     dim           3
     geoms         mesh_480ba0a2_f802_4995_8b86_cfb1cfe1d257_g1 : mesh_60026996_9ba1_43c8_bfcd_5b2d93df5089_g13
     exclude       0
     efc_address   214
     solref         0.02      1       
     solimp         0.9       0.95      0.001     0.5       2       
     dist          -0.00011 
     includemargin  0       
     pos            0.59     -0.074     0.44    
     frame         -1.7e-06   8.9e-07   1         1.6e-12   1        -8.9e-07  -1        -2e-28    -1.7e-06 
     friction       1         1         0.005     0.0001    0.0001  
     mu             0.22    
     force          0.7       0.00039  -0.0013    0         0         0       
  60:
     dim           3
     geoms         mesh_480ba0a2_f802_4995_8b86_cfb1cfe1d257_g1 : mesh_60026996_9ba1_43c8_bfcd_5b2d93df5089_g14
     exclude       0
     efc_address   217
     solref         0.02      1       
     solimp         0.9       0.95      0.001     0.5       2       
     dist          -0.00013 
     includemargin  0       
     pos            0.61     -0.085     0.44    
     frame         -1.7e-06   8.9e-07   1         1.6e-12   1        -8.9e-07  -1        -2e-28    -1.7e-06 
     friction       1         1         0.005     0.0001    0.0001  
     mu             0.22    
     force          0.87      0.00025  -0.0016    0         0         0       
  61:
     dim           3
     geoms         mesh_480ba0a2_f802_4995_8b86_cfb1cfe1d257_g1 : mesh_bdb98035_1b2d_4540_8887_5c53adae9447_g1
     exclude       0
     efc_address   220
     solref         0.02      1       
     solimp         0.9       0.95      0.001     0.5       2       
     dist          -0.0022  
     includemargin  0       
     pos            0.66     -0.024     0.44    
     frame         -1.7e-06   8.9e-07   1         1.6e-12   1        -8.9e-07  -1        -2e-28    -1.7e-06 
     friction       1         1         0.005     0.0001    0.0001  
     mu             0.22    
     force          1.3       0.025    -0.59      0         0         0       
  62:
     dim           3
     geoms         mesh_480ba0a2_f802_4995_8b86_cfb1cfe1d257_g1 : mesh_bdb98035_1b2d_4540_8887_5c53adae9447_g2
     exclude       0
     efc_address   223
     solref         0.02      1       
     solimp         0.9       0.95      0.001     0.5       2       
     dist          -0.0022  
     includemargin  0       
     pos            0.66     -0.024     0.44    
     frame         -1.7e-06   8.9e-07   1         1.6e-12   1        -8.9e-07  -1        -2e-28    -1.7e-06 
     friction       1         1         0.005     0.0001    0.0001  
     mu             0.22    
     force          1.3       0.021    -0.7       0         0         0       
  63:
     dim           3
     geoms         mesh_71f00391_9774_4f7b_a3fa_5e120d401838_g1 : mesh_bdb98035_1b2d_4540_8887_5c53adae9447_g5
     exclude       0
     efc_address   226
     solref         0.02      1       
     solimp         0.9       0.95      0.001     0.5       2       
     dist          -0.00017 
     includemargin  0       
     pos            0.66     -0.023     0.45    
     frame          0.0015   -4.9e-05  -1         7.6e-08   1        -4.9e-05   1         1.3e-23   0.0015  
     friction       1         1         0.005     0.0001    0.0001  
     mu             0.22    
     force          0         0         0         0         0         0       
  64:
     dim           3
     geoms         mesh_71f00391_9774_4f7b_a3fa_5e120d401838_g1 : mesh_bdb98035_1b2d_4540_8887_5c53adae9447_g10
     exclude       0
     efc_address   229
     solref         0.02      1       
     solimp         0.9       0.95      0.001     0.5       2       
     dist          -0.0069  
     includemargin  0       
     pos            0.66     -0.027     0.48    
     frame         -0.059    -1        -2e-05    -1.2e-06  -2e-05     1        -1         0.059     0       
     friction       1         1         0.005     0.0001    0.0001  
     mu             0.22    
     force          18        18       -0.95      0         0         0       
  65:
     dim           3
     geoms         mesh_71f00391_9774_4f7b_a3fa_5e120d401838_g1 : mesh_bdb98035_1b2d_4540_8887_5c53adae9447_g17
     exclude       0
     efc_address   232
     solref         0.02      1       
     solimp         0.9       0.95      0.001     0.5       2       
     dist          -7.2e-05 
     includemargin  0       
     pos            0.74     -0.035     0.45    
     frame          0.0015   -0.00046  -1         7e-07     1        -0.00046   1         1.1e-22   0.0015  
     friction       1         1         0.005     0.0001    0.0001  
     mu             0.22    
     force          0         0         0         0         0         0       
  66:
     dim           3
     geoms         mesh_71f00391_9774_4f7b_a3fa_5e120d401838_g1 : mesh_bdb98035_1b2d_4540_8887_5c53adae9447_g21
     exclude       0
     efc_address   235
     solref         0.02      1       
     solimp         0.9       0.95      0.001     0.5       2       
     dist          -0.00033 
     includemargin  0       
     pos            0.66     -0.02      0.45    
     frame          0.0015   -4.9e-05  -1         7.6e-08   1        -4.9e-05   1         1.3e-23   0.0015  
     friction       1         1         0.005     0.0001    0.0001  
     mu             0.22    
     force          0.14     -0.12     -0.071     0         0         0       
  67:
     dim           3
     geoms         mesh_71f00391_9774_4f7b_a3fa_5e120d401838_g1 : mesh_bdb98035_1b2d_4540_8887_5c53adae9447_g23
     exclude       0
     efc_address   238
     solref         0.02      1       
     solimp         0.9       0.95      0.001     0.5       2       
     dist          -7.6e-05 
     includemargin  0       
     pos            0.73     -0.0047    0.45    
     frame          0.0016    0.00026  -1        -4e-07     1         0.00026   1         5.3e-23   0.0016  
     friction       1         1         0.005     0.0001    0.0001  
     mu             0.22    
     force          0.47     -0.33     -0.33      0         0         0       
  68:
     dim           3
     geoms         mesh_71f00391_9774_4f7b_a3fa_5e120d401838_g1 : mesh_bdb98035_1b2d_4540_8887_5c53adae9447_g24
     exclude       0
     efc_address   241
     solref         0.02      1       
     solimp         0.9       0.95      0.001     0.5       2       
     dist          -0.014   
     includemargin  0       
     pos            0.74     -0.013     0.45    
     frame          1        -0.059     0.0015    0.059     1         9.1e-05  -0.0015    0         1       
     friction       1         1         0.005     0.0001    0.0001  
     mu             0.22    
     force          40       -1.3      -6.3       0         0         0       
  69:
     dim           3
     geoms         mesh_71f00391_9774_4f7b_a3fa_5e120d401838_g1 : mesh_bdb98035_1b2d_4540_8887_5c53adae9447_g25
     exclude       0
     efc_address   244
     solref         0.02      1       
     solimp         0.9       0.95      0.001     0.5       2       
     dist          -0.014   
     includemargin  0       
     pos            0.66     -0.0036    0.45    
     frame         -1         0.059    -0.0015    0.059     1         9.1e-05   0.0015   -1.4e-20  -1       
     friction       1         1         0.005     0.0001    0.0001  
     mu             0.22    
     force          41       -2         4.6       0         0         0       
  70:
     dim           3
     geoms         mesh_71f00391_9774_4f7b_a3fa_5e120d401838_g1 : mesh_bdb98035_1b2d_4540_8887_5c53adae9447_g26
     exclude       0
     efc_address   247
     solref         0.02      1       
     solimp         0.9       0.95      0.001     0.5       2       
     dist          -0.0074  
     includemargin  0       
     pos            0.74     -0.0087    0.45    
     frame          0.059     1         4.2e-05  -2.5e-06  -4.2e-05   1         1        -0.059    -4.2e-22 
     friction       1         1         0.005     0.0001    0.0001  
     mu             0.22    
     force          21       -10       -1.2       0         0         0       
  71:
     dim           3
     geoms         mesh_71f00391_9774_4f7b_a3fa_5e120d401838_g1 : mesh_bdb98035_1b2d_4540_8887_5c53adae9447_g28
     exclude       0
     efc_address   250
     solref         0.02      1       
     solimp         0.9       0.95      0.001     0.5       2       
     dist          -0.0035  
     includemargin  0       
     pos            0.66     -0.002     0.48    
     frame          0.059     1         0.00053  -3.1e-05  -0.00053   1         1        -0.059     0       
     friction       1         1         0.005     0.0001    0.0001  
     mu             0.22    
     force          12       -6.8       0.97      0         0         0       
  72:
     dim           3
     geoms         mesh_71f00391_9774_4f7b_a3fa_5e120d401838_g1 : mesh_bdb98035_1b2d_4540_8887_5c53adae9447_g30
     exclude       0
     efc_address   253
     solref         0.02      1       
     solimp         0.9       0.95      0.001     0.5       2       
     dist          -0.0077  
     includemargin  0       
     pos            0.74     -0.031     0.48    
     frame         -0.059    -1        -1.7e-06  -1e-07    -1.7e-06   1        -1         0.059     0       
     friction       1         1         0.005     0.0001    0.0001  
     mu             0.22    
     force          20        17       -1.2       0         0         0       
  73:
     dim           3
     geoms         mesh_71f00391_9774_4f7b_a3fa_5e120d401838_g1 : mesh_bdb98035_1b2d_4540_8887_5c53adae9447_g36
     exclude       0
     efc_address   256
     solref         0.02      1       
     solimp         0.9       0.95      0.001     0.5       2       
     dist          -0.00028 
     includemargin  0       
     pos            0.66     -0.0038    0.45    
     frame          0.0015   -4.9e-05  -1         7.6e-08   1        -4.9e-05   1         0         0.0015  
     friction       1         1         0.005     0.0001    0.0001  
     mu             0.22    
     force          0.57     -0.47     -0.31      0         0         0       
  74:
     dim           3
     geoms         mesh_71f00391_9774_4f7b_a3fa_5e120d401838_g1 : mesh_bdb98035_1b2d_4540_8887_5c53adae9447_g44
     exclude       0
     efc_address   259
     solref         0.02      1       
     solimp         0.9       0.95      0.001     0.5       2       
     dist          -0.0035  
     includemargin  0       
     pos            0.66     -0.0021    0.45    
     frame          0.059     1         4.2e-05  -2.5e-06  -4.2e-05   1         1        -0.059     0       
     friction       1         1         0.005     0.0001    0.0001  
     mu             0.22    
     force          9.9      -6.8      -1.3       0         0         0       

EFC_TYPE
  0
  0
  0
  0
  0
  0
  0
  0
  0
  0
  1
  1
  1
  1
  1
  1
  1
  1
  1
  1
  1
  1
  1
  1
  1
  1
  1
  1
  1
  1
  1
  1
  1
  1
  1
  3
  3
  7
  7
  7
  7
  7
  7
  7
  7
  7
  7
  7
  7
  7
  7
  7
  7
  7
  7
  7
  7
  7
  7
  7
  7
  7
  7
  7
  7
  7
  7
  7
  7
  7
  7
  7
  7
  7
  7
  7
  7
  7
  7
  7
  7
  7
  7
  7
  7
  7
  7
  7
  7
  7
  7
  7
  7
  7
  7
  7
  7
  7
  7
  7
  7
  7
  7
  7
  7
  7
  7
  7
  7
  7
  7
  7
  7
  7
  7
  7
  7
  7
  7
  7
  7
  7
  7
  7
  7
  7
  7
  7
  7
  7
  7
  7
  7
  7
  7
  7
  7
  7
  7
  7
  7
  7
  7
  7
  7
  7
  7
  7
  7
  7
  7
  7
  7
  7
  7
  7
  7
  7
  7
  7
  7
  7
  7
  7
  7
  7
  7
  7
  7
  7
  7
  7
  7
  7
  7
  7
  7
  7
  7
  7
  7
  7
  7
  7
  7
  7
  7
  7
  7
  7
  7
  7
  7
  7
  7
  7
  7
  7
  7
  7
  7
  7
  7
  7
  7
  7
  7
  7
  7
  7
  7
  7
  7
  7
  7
  7
  7
  7
  7
  7
  7
  7
  7
  7
  7
  7
  7
  7
  7
  7
  7
  7
  7
  7
  7
  7
  7
  7
  7
  7
  7
  7
  7
  7
  7
  7
  7
  7
  7
  7
  7
  7
  7
  7
  7
  7
  7
  7
  7
  7
  7
  7

EFC_ID
  0
  1
  2
  3
  4
  5
  6
  7
  8
  9
  0
  1
  2
  3
  4
  5
  6
  7
  8
  9
  10
  11
  12
  13
  18
  20
  21
  22
  23
  24
  25
  26
  31
  33
  34
  19
  31
  0
  0
  0
  1
  1
  1
  2
  2
  2
  3
  3
  3
  4
  4
  4
  5
  5
  5
  6
  6
  6
  7
  7
  7
  8
  8
  8
  9
  9
  9
  10
  10
  10
  11
  11
  11
  12
  12
  12
  13
  13
  13
  14
  14
  14
  15
  15
  15
  16
  16
  16
  17
  17
  17
  18
  18
  18
  19
  19
  19
  20
  20
  20
  21
  21
  21
  22
  22
  22
  23
  23
  23
  24
  24
  24
  25
  25
  25
  26
  26
  26
  27
  27
  27
  28
  28
  28
  29
  29
  29
  30
  30
  30
  31
  31
  31
  32
  32
  32
  33
  33
  33
  34
  34
  34
  35
  35
  35
  36
  36
  36
  37
  37
  37
  38
  38
  38
  39
  39
  39
  40
  40
  40
  41
  41
  41
  42
  42
  42
  43
  43
  43
  44
  44
  44
  45
  45
  45
  46
  46
  46
  47
  47
  47
  48
  48
  48
  49
  49
  49
  50
  50
  50
  51
  51
  51
  52
  52
  52
  53
  53
  53
  54
  54
  54
  55
  55
  55
  56
  56
  56
  57
  57
  57
  58
  58
  58
  59
  59
  59
  60
  60
  60
  61
  61
  61
  62
  62
  62
  63
  63
  63
  64
  64
  64
  65
  65
  65
  66
  66
  66
  67
  67
  67
  68
  68
  68
  69
  69
  69
  70
  70
  70
  71
  71
  71
  72
  72
  72
  73
  73
  73
  74
  74
  74

J: constraint Jacobian
-------------------------------------------------------------------------------------------------
                   xx                                                                            |
               x   x                                                                             |
                 x x                                                                             |
                x  x                                                                             |
                  xx                                                                             |
                                xx                                                               |
                            x    x                                                               |
                              x x                                                                |
                             x   x                                                               |
                               xx                                                                |
 x                                                                                               |
  x                                                                                              |
   x                                                                                             |
    x                                                                                            |
     x                                                                                           |
      x                                                                                          |
       x                                                                                         |
        x                                                                                        |
         x                                                                                       |
          x                                                                                      |
           x                                                                                     |
            x                                                                                    |
             x                                                                                   |
              x                                                                                  |
                   x                                                                             |
                     x                                                                           |
                      x                                                                          |
                       x                                                                         |
                        x                                                                        |
                         x                                                                       |
                          x                                                                      |
                           x                                                                     |
                                x                                                                |
                                  x                                                              |
                                   x                                                             |
                    x                                                                            |
                                x                                                                |
                                    xxxxxx                                                       | 23
                                    xxxxxx                                                       | 22
                                    xxxxxx                                                       | 21
                                    xxxxxx                                                       | 20
                                    xxxxxx                                                       | 19
                                    xxxxxx                                                       | 18
                                    xxxxxx                                                       | 17
                                    xxxxxx                                                       | 16
                                    xxxxxx                                                       | 15
                                    xxxxxx                                                       | 14
                                    xxxxxx                                                       | 13
                                    xxxxxx                                                       | 12
                                    xxxxxx                                                       | 11
                                    xxxxxx                                                       | 10
                                    xxxxxx                                                       | 9
                                    xxxxxx                                                       | 8
                                    xxxxxx                                                       | 7
                                    xxxxxx                                                       | 6
                                    xxxxxx                                                       | 5
                                    xxxxxx                                                       | 4
                                    xxxxxx                                                       | 3
                                    xxxxxx                                                       | 2
                                    xxxxxx                                                       | 1
                                    xxxxxx                                                       |
                                                                        xxxxxx                   | 23
                                                                        xxxxxx                   | 22
                                                                        xxxxxx                   | 21
                                                                        xxxxxx                   | 20
                                                                        xxxxxx                   | 19
                                                                        xxxxxx                   | 18
                                                                        xxxxxx                   | 17
                                                                        xxxxxx                   | 16
                                                                        xxxxxx                   | 15
                                                                        xxxxxx                   | 14
                                                                        xxxxxx                   | 13
                                                                        xxxxxx                   | 12
                                                                        xxxxxx                   | 11
                                                                        xxxxxx                   | 10
                                                                        xxxxxx                   | 9
                                                                        xxxxxx                   | 8
                                                                        xxxxxx                   | 7
                                                                        xxxxxx                   | 6
                                                                        xxxxxx                   | 5
                                                                        xxxxxx                   | 4
                                                                        xxxxxx                   | 3
                                                                        xxxxxx                   | 2
                                                                        xxxxxx                   | 1
                                                                        xxxxxx                   |
                                                                              xxxxxx             | 29
                                                                              xxxxxx             | 28
                                                                              xxxxxx             | 27
                                                                              xxxxxx             | 26
                                                                              xxxxxx             | 25
                                                                              xxxxxx             | 24
                                                                              xxxxxx             | 23
                                                                              xxxxxx             | 22
                                                                              xxxxxx             | 21
                                                                              xxxxxx             | 20
                                                                              xxxxxx             | 19
                                                                              xxxxxx             | 18
                                                                              xxxxxx             | 17
                                                                              xxxxxx             | 16
                                                                              xxxxxx             | 15
                                                                              xxxxxx             | 14
                                                                              xxxxxx             | 13
                                                                              xxxxxx             | 12
                                                                              xxxxxx             | 11
                                                                              xxxxxx             | 10
                                                                              xxxxxx             | 9
                                                                              xxxxxx             | 8
                                                                              xxxxxx             | 7
                                                                              xxxxxx             | 6
                                                                              xxxxxx             | 5
                                                                              xxxxxx             | 4
                                                                              xxxxxx             | 3
                                                                              xxxxxx             | 2
                                                                              xxxxxx             | 1
                                                                              xxxxxx             |
                                                                                    xxxxxx       | 29
                                                                                    xxxxxx       | 28
                                                                                    xxxxxx       | 27
                                                                                    xxxxxx       | 26
                                                                                    xxxxxx       | 25
                                                                                    xxxxxx       | 24
                                                                                    xxxxxx       | 23
                                                                                    xxxxxx       | 22
                                                                                    xxxxxx       | 21
                                                                                    xxxxxx       | 20
                                                                                    xxxxxx       | 19
                                                                                    xxxxxx       | 18
                                                                                    xxxxxx       | 17
                                                                                    xxxxxx       | 16
                                                                                    xxxxxx       | 15
                                                                                    xxxxxx       | 14
                                                                                    xxxxxx       | 13
                                                                                    xxxxxx       | 12
                                                                                    xxxxxx       | 11
                                                                                    xxxxxx       | 10
                                                                                    xxxxxx       | 9
                                                                                    xxxxxx       | 8
                                                                                    xxxxxx       | 7
                                                                                    xxxxxx       | 6
                                                                                    xxxxxx       | 5
                                                                                    xxxxxx       | 4
                                                                                    xxxxxx       | 3
                                                                                    xxxxxx       | 2
                                                                                    xxxxxx       | 1
                                                                                    xxxxxx       |
                                                                                          xxxxxx | 29
                                                                                          xxxxxx | 28
                                                                                          xxxxxx | 27
                                                                                          xxxxxx | 26
                                                                                          xxxxxx | 25
                                                                                          xxxxxx | 24
                                                                                          xxxxxx | 23
                                                                                          xxxxxx | 22
                                                                                          xxxxxx | 21
                                                                                          xxxxxx | 20
                                                                                          xxxxxx | 19
                                                                                          xxxxxx | 18
                                                                                          xxxxxx | 17
                                                                                          xxxxxx | 16
                                                                                          xxxxxx | 15
                                                                                          xxxxxx | 14
                                                                                          xxxxxx | 13
                                                                                          xxxxxx | 12
                                                                                          xxxxxx | 11
                                                                                          xxxxxx | 10
                                                                                          xxxxxx | 9
                                                                                          xxxxxx | 8
                                                                                          xxxxxx | 7
                                                                                          xxxxxx | 6
                                                                                          xxxxxx | 5
                                                                                          xxxxxx | 4
                                                                                          xxxxxx | 3
                                                                                          xxxxxx | 2
                                                                                          xxxxxx | 1
                                                                                          xxxxxx |
 xxxxxxx             xxxxxxxxx            xxxxxx                                                 | 5
 xxxxxxx             xxxxxxxxx            xxxxxx                                                 | 4
 xxxxxxx             xxxxxxxxx            xxxxxx                                                 | 3
 xxxxxxx             xxxxxxxxx            xxxxxx                                                 | 2
 xxxxxxx             xxxxxxxxx            xxxxxx                                                 | 1
 xxxxxxx             xxxxxxxxx            xxxxxx                                                 |
                                    xxxxxxxxxxxx                                                 | 17
                                    xxxxxxxxxxxx                                                 | 16
                                    xxxxxxxxxxxx                                                 | 15
                                    xxxxxxxxxxxx                                                 | 14
                                    xxxxxxxxxxxx                                                 | 13
                                    xxxxxxxxxxxx                                                 | 12
                                    xxxxxxxxxxxx                                                 | 11
                                    xxxxxxxxxxxx                                                 | 10
                                    xxxxxxxxxxxx                                                 | 9
                                    xxxxxxxxxxxx                                                 | 8
                                    xxxxxxxxxxxx                                                 | 7
                                    xxxxxxxxxxxx                                                 | 6
                                    xxxxxxxxxxxx                                                 | 5
                                    xxxxxxxxxxxx                                                 | 4
                                    xxxxxxxxxxxx                                                 | 3
                                    xxxxxxxxxxxx                                                 | 2
                                    xxxxxxxxxxxx                                                 | 1
                                    xxxxxxxxxxxx                                                 |
                                    xxxxxx      xxxxxx                                           | 11
                                    xxxxxx      xxxxxx                                           | 10
                                    xxxxxx      xxxxxx                                           | 9
                                    xxxxxx      xxxxxx                                           | 8
                                    xxxxxx      xxxxxx                                           | 7
                                    xxxxxx      xxxxxx                                           | 6
                                    xxxxxx      xxxxxx                                           | 5
                                    xxxxxx      xxxxxx                                           | 4
                                    xxxxxx      xxxxxx                                           | 3
                                    xxxxxx      xxxxxx                                           | 2
                                    xxxxxx      xxxxxx                                           | 1
                                    xxxxxx      xxxxxx                                           |
                                    xxxxxx                  xxxxxx                               | 8
                                    xxxxxx                  xxxxxx                               | 7
                                    xxxxxx                  xxxxxx                               | 6
                                    xxxxxx                  xxxxxx                               | 5
                                    xxxxxx                  xxxxxx                               | 4
                                    xxxxxx                  xxxxxx                               | 3
                                    xxxxxx                  xxxxxx                               | 2
                                    xxxxxx                  xxxxxx                               | 1
                                    xxxxxx                  xxxxxx                               |
                                    xxxxxx                        xxxxxx                         | 5
                                    xxxxxx                        xxxxxx                         | 4
                                    xxxxxx                        xxxxxx                         | 3
                                    xxxxxx                        xxxxxx                         | 2
                                    xxxxxx                        xxxxxx                         | 1
                                    xxxxxx                        xxxxxx                         |
                                                      xxxxxx      xxxxxx                         | 35
                                                      xxxxxx      xxxxxx                         | 34
                                                      xxxxxx      xxxxxx                         | 33
                                                      xxxxxx      xxxxxx                         | 32
                                                      xxxxxx      xxxxxx                         | 31
                                                      xxxxxx      xxxxxx                         | 30
                                                      xxxxxx      xxxxxx                         | 29
                                                      xxxxxx      xxxxxx                         | 28
                                                      xxxxxx      xxxxxx                         | 27
                                                      xxxxxx      xxxxxx                         | 26
                                                      xxxxxx      xxxxxx                         | 25
                                                      xxxxxx      xxxxxx                         | 24
                                                      xxxxxx      xxxxxx                         | 23
                                                      xxxxxx      xxxxxx                         | 22
                                                      xxxxxx      xxxxxx                         | 21
                                                      xxxxxx      xxxxxx                         | 20
                                                      xxxxxx      xxxxxx                         | 19
                                                      xxxxxx      xxxxxx                         | 18
                                                      xxxxxx      xxxxxx                         | 17
                                                      xxxxxx      xxxxxx                         | 16
                                                      xxxxxx      xxxxxx                         | 15
                                                      xxxxxx      xxxxxx                         | 14
                                                      xxxxxx      xxxxxx                         | 13
                                                      xxxxxx      xxxxxx                         | 12
                                                      xxxxxx      xxxxxx                         | 11
                                                      xxxxxx      xxxxxx                         | 10
                                                      xxxxxx      xxxxxx                         | 9
                                                      xxxxxx      xxxxxx                         | 8
                                                      xxxxxx      xxxxxx                         | 7
                                                      xxxxxx      xxxxxx                         | 6
                                                      xxxxxx      xxxxxx                         | 5
                                                      xxxxxx      xxxxxx                         | 4
                                                      xxxxxx      xxxxxx                         | 3
                                                      xxxxxx      xxxxxx                         | 2
                                                      xxxxxx      xxxxxx                         | 1
                                                      xxxxxx      xxxxxx                         |
-------------------------------------------------------------------------------------------------

EFC_J_ROWNNZ
  2
  2
  2
  2
  2
  2
  2
  2
  2
  2
  1
  1
  1
  1
  1
  1
  1
  1
  1
  1
  1
  1
  1
  1
  1
  1
  1
  1
  1
  1
  1
  1
  1
  1
  1
  1
  1
  6
  6
  6
  6
  6
  6
  6
  6
  6
  6
  6
  6
  6
  6
  6
  6
  6
  6
  6
  6
  6
  6
  6
  6
  6
  6
  6
  6
  6
  6
  6
  6
  6
  6
  6
  6
  6
  6
  6
  6
  6
  6
  6
  6
  6
  6
  6
  6
  6
  6
  6
  6
  6
  6
  6
  6
  6
  6
  6
  6
  6
  6
  6
  6
  6
  6
  6
  6
  6
  6
  6
  6
  6
  6
  6
  6
  6
  6
  6
  6
  6
  6
  6
  6
  6
  6
  6
  6
  6
  6
  6
  6
  6
  6
  6
  6
  6
  6
  6
  6
  6
  6
  6
  6
  6
  6
  6
  6
  6
  6
  6
  6
  6
  6
  6
  6
  6
  6
  6
  6
  6
  6
  6
  6
  6
  6
  6
  6
  6
  6
  6
  6
  6
  6
  6
  6
  6
  6
  22
  22
  22
  22
  22
  22
  12
  12
  12
  12
  12
  12
  12
  12
  12
  12
  12
  12
  12
  12
  12
  12
  12
  12
  12
  12
  12
  12
  12
  12
  12
  12
  12
  12
  12
  12
  12
  12
  12
  12
  12
  12
  12
  12
  12
  12
  12
  12
  12
  12
  12
  12
  12
  12
  12
  12
  12
  12
  12
  12
  12
  12
  12
  12
  12
  12
  12
  12
  12
  12
  12
  12
  12
  12
  12
  12
  12
  12
  12
  12
  12
  12
  12
  12
  12
  12
  12

EFC_J_ROWADR
  0
  2
  4
  6
  8
  10
  12
  14
  16
  18
  20
  21
  22
  23
  24
  25
  26
  27
  28
  29
  30
  31
  32
  33
  34
  35
  36
  37
  38
  39
  40
  41
  42
  43
  44
  45
  46
  47
  53
  59
  65
  71
  77
  83
  89
  95
  101
  107
  113
  119
  125
  131
  137
  143
  149
  155
  161
  167
  173
  179
  185
  191
  197
  203
  209
  215
  221
  227
  233
  239
  245
  251
  257
  263
  269
  275
  281
  287
  293
  299
  305
  311
  317
  323
  329
  335
  341
  347
  353
  359
  365
  371
  377
  383
  389
  395
  401
  407
  413
  419
  425
  431
  437
  443
  449
  455
  461
  467
  473
  479
  485
  491
  497
  503
  509
  515
  521
  527
  533
  539
  545
  551
  557
  563
  569
  575
  581
  587
  593
  599
  605
  611
  617
  623
  629
  635
  641
  647
  653
  659
  665
  671
  677
  683
  689
  695
  701
  707
  713
  719
  725
  731
  737
  743
  749
  755
  761
  767
  773
  779
  785
  791
  797
  803
  809
  815
  821
  827
  833
  839
  845
  851
  857
  863
  869
  875
  897
  919
  941
  963
  985
  1007
  1019
  1031
  1043
  1055
  1067
  1079
  1091
  1103
  1115
  1127
  1139
  1151
  1163
  1175
  1187
  1199
  1211
  1223
  1235
  1247
  1259
  1271
  1283
  1295
  1307
  1319
  1331
  1343
  1355
  1367
  1379
  1391
  1403
  1415
  1427
  1439
  1451
  1463
  1475
  1487
  1499
  1511
  1523
  1535
  1547
  1559
  1571
  1583
  1595
  1607
  1619
  1631
  1643
  1655
  1667
  1679
  1691
  1703
  1715
  1727
  1739
  1751
  1763
  1775
  1787
  1799
  1811
  1823
  1835
  1847
  1859
  1871
  1883
  1895
  1907
  1919
  1931
  1943
  1955
  1967

EFC_J
    18:  1         19: -1       
    14: -1         18:  1       
    16:  1         18:  1       
    15:  1         18:  1       
    17: -1         18:  1       
    31:  1         32: -1       
    27: -1         32:  1       
    29:  1         31:  1       
    28:  1         32:  1       
    30: -1         31:  1       
     0:  1       
     1:  1       
     2:  1       
     3:  1       
     4:  1       
     5:  1       
     6:  1       
     7:  1       
     8:  1       
     9:  1       
    10:  1       
    11:  1       
    12:  1       
    13:  1       
    18:  1       
    20:  1       
    21:  1       
    22:  1       
    23:  1       
    24:  1       
    25:  1       
    26:  1       
    31:  1       
    33:  1       
    34:  1       
    19: -1       
    31:  1       
    35:  0         36:  0         37:  1         38: -0.28      39:  0.47      40:  5.8e-07 
    35:  0         36:  1         37:  0         38: -1.7e-07   39: -0.021     40:  0.27    
    35: -1         36:  0         37:  0         38:  0.021     39:  9e-07     40: -0.47    
    35:  0         36:  0         37:  1         38: -0.28      39: -0.43      40: -1e-06   
    35:  0         36:  1         37:  0         38: -1.7e-07   39: -0.021     40:  0.28    
    35: -1         36:  0         37:  0         38:  0.021     39: -6.8e-07   40:  0.43    
    35:  0         36:  0         37:  1         38:  0.27      39:  0.47      40:  1.1e-06 
    35:  0         36:  1         37:  0         38:  3.2e-07   39: -0.021     40: -0.28    
    35: -1         36:  0         37:  0         38:  0.021     39:  9e-07     40: -0.47    
    35:  0         36:  0         37:  1         38:  0.27      39: -0.43      40: -5.1e-07 
    35:  0         36:  1         37:  0         38:  3.2e-07   39: -0.021     40: -0.27    
    35: -1         36:  0         37:  0         38:  0.021     39: -6.8e-07   40:  0.43    
    35:  0         36:  0         37:  1         38: -0.28      39:  0.47      40:  5.8e-07 
    35:  0         36:  1         37:  0         38: -1.7e-07   39: -0.021     40:  0.27    
    35: -1         36:  0         37:  0         38:  0.021     39:  9e-07     40: -0.47    
    35:  0         36:  0         37:  1         38: -0.28      39: -0.43      40: -1e-06   
    35:  0         36:  1         37:  0         38: -1.7e-07   39: -0.021     40:  0.28    
    35: -1         36:  0         37:  0         38:  0.021     39: -6.8e-07   40:  0.43    
    35:  0         36:  0         37:  1         38:  0.27      39:  0.47      40:  1.1e-06 
    35:  0         36:  1         37:  0         38:  3.2e-07   39: -0.021     40: -0.28    
    35: -1         36:  0         37:  0         38:  0.021     39:  9e-07     40: -0.47    
    35:  0         36:  0         37:  1         38:  0.27      39: -0.43      40: -5.1e-07 
    35:  0         36:  1         37:  0         38:  3.2e-07   39: -0.021     40: -0.27    
    35: -1         36:  0         37:  0         38:  0.021     39: -6.8e-07   40:  0.43    
    71:  0         72:  0         73:  1         74: -0.3       75:  0.59      76:  6.7e-06 
    71:  0         72:  1         73:  0         74: -2.5e-06   75: -0.0057    76:  0.3     
    71: -1         72:  0         73:  0         74:  0.0057    75:  9.1e-06   76: -0.59    
    71:  0         72:  0         73:  1         74:  0.3       75: -0.59      76: -6.7e-06 
    71:  0         72:  1         73:  0         74:  2.5e-06   75: -0.0057    76: -0.3     
    71: -1         72:  0         73:  0         74:  0.0057    75: -9.1e-06   76:  0.59    
    71:  0         72:  0         73:  1         74: -0.3       75: -0.59      76: -1.2e-05 
    71:  0         72:  1         73:  0         74: -2.5e-06   75: -0.0057    76:  0.3     
    71: -1         72:  0         73:  0         74:  0.0057    75: -9.1e-06   76:  0.59    
    71:  0         72:  0         73:  1         74:  0.3       75:  0.59      76:  1.2e-05 
    71:  0         72:  1         73:  0         74:  2.5e-06   75: -0.0057    76: -0.3     
    71: -1         72:  0         73:  0         74:  0.0057    75:  9.1e-06   76: -0.59    
    71:  0         72:  0         73:  1         74: -0.3       75:  0.59      76:  6.7e-06 
    71:  0         72:  1         73:  0         74: -2.5e-06   75: -0.0057    76:  0.3     
    71: -1         72:  0         73:  0         74:  0.0057    75:  9.1e-06   76: -0.59    
    71:  0         72:  0         73:  1         74:  0.3       75: -0.59      76: -6.7e-06 
    71:  0         72:  1         73:  0         74:  2.5e-06   75: -0.0057    76: -0.3     
    71: -1         72:  0         73:  0         74:  0.0057    75: -9.1e-06   76:  0.59    
    71:  0         72:  0         73:  1         74: -0.3       75: -0.59      76: -1.2e-05 
    71:  0         72:  1         73:  0         74: -2.5e-06   75: -0.0057    76:  0.3     
    71: -1         72:  0         73:  0         74:  0.0057    75: -9.1e-06   76:  0.59    
    71:  0         72:  0         73:  1         74:  0.3       75:  0.59      76:  1.2e-05 
    71:  0         72:  1         73:  0         74:  2.5e-06   75: -0.0057    76: -0.3     
    71: -1         72:  0         73:  0         74:  0.0057    75:  9.1e-06   76: -0.59    
    77:  0         78:  0         79:  1         80: -0.059     81:  0.063     82:  0.0017  
    77:  0         78:  1         79:  0         80:  0.00086   81: -0.0015    82:  0.059   
    77: -1         78:  0         79:  0         80: -0.00028   81:  0.00087   82: -0.063   
    77:  0         78:  0         79:  1         80:  0.063     81: -0.059     82: -0.0017  
    77:  0         78:  1         79:  0         80: -0.00093   81:  0.00023   82: -0.063   
    77: -1         78:  0         79:  0         80:  0.0015    81: -0.00081   82:  0.059   
    77:  0         78:  0         79:  1         80:  0.063     81: -0.059     82: -0.0017  
    77:  0         78:  1         79:  0         80: -0.00092   81:  0.00022   82: -0.063   
    77: -1         78:  0         79:  0         80:  0.0015    81: -0.00082   82:  0.059   
    77:  0         78:  0         79:  1         80: -0.073     81: -0.045     82:  0.00045 
    77:  0         78:  1         79:  0         80:  0.0011    81: -0.0016    82:  0.073   
    77: -1         78:  0         79:  0         80:  0.0013    81: -0.00061   82:  0.045   
    77:  0         78:  0         79:  1         80: -0.057     81:  0.065     82:  0.0017  
    77:  0         78:  1         79:  0         80:  0.00083   81: -0.0014    82:  0.057   
    77: -1         78:  0         79:  0         80: -0.00031   81:  0.0009    82: -0.065   
    77:  0         78:  0         79:  1         80: -0.059     81:  0.063     82:  0.0017  
    77:  0         78:  1         79:  0         80:  0.00086   81: -0.0015    82:  0.059   
    77: -1         78:  0         79:  0         80: -0.00028   81:  0.00087   82: -0.063   
    77:  0         78:  0         79:  1         80:  0.063     81: -0.059     82: -0.0017  
    77:  0         78:  1         79:  0         80: -0.00093   81:  0.00023   82: -0.063   
    77: -1         78:  0         79:  0         80:  0.0015    81: -0.00081   82:  0.059   
    77:  0         78:  0         79:  1         80:  0.063     81: -0.059     82: -0.0017  
    77:  0         78:  1         79:  0         80: -0.00092   81:  0.00022   82: -0.063   
    77: -1         78:  0         79:  0         80:  0.0015    81: -0.00082   82:  0.059   
    77:  0         78:  0         79:  1         80: -0.073     81: -0.045     82:  0.00045 
    77:  0         78:  1         79:  0         80:  0.0011    81: -0.0016    82:  0.073   
    77: -1         78:  0         79:  0         80:  0.0013    81: -0.00061   82:  0.045   
    77:  0         78:  0         79:  1         80: -0.057     81:  0.065     82:  0.0017  
    77:  0         78:  1         79:  0         80:  0.00083   81: -0.0014    82:  0.057   
    77: -1         78:  0         79:  0         80: -0.00031   81:  0.0009    82: -0.065   
    83:  0         84:  0         85:  1         86: -0.059     87:  0.063     88:  0.0017  
    83:  0         84:  1         85:  0         86:  0.00086   87: -0.0015    88:  0.059   
    83: -1         84:  0         85:  0         86: -0.00028   87:  0.00087   88: -0.063   
    83:  0         84:  0         85:  1         86:  0.063     87: -0.059     88: -0.0017  
    83:  0         84:  1         85:  0         86: -0.00093   87:  0.00023   88: -0.063   
    83: -1         84:  0         85:  0         86:  0.0015    87: -0.00081   88:  0.059   
    83:  0         84:  0         85:  1         86:  0.063     87: -0.059     88: -0.0017  
    83:  0         84:  1         85:  0         86: -0.00092   87:  0.00022   88: -0.063   
    83: -1         84:  0         85:  0         86:  0.0015    87: -0.00082   88:  0.059   
    83:  0         84:  0         85:  1         86: -0.073     87: -0.045     88:  0.00045 
    83:  0         84:  1         85:  0         86:  0.0011    87: -0.0016    88:  0.073   
    83: -1         84:  0         85:  0         86:  0.0013    87: -0.00061   88:  0.045   
    83:  0         84:  0         85:  1         86: -0.057     87:  0.065     88:  0.0017  
    83:  0         84:  1         85:  0         86:  0.00083   87: -0.0014    88:  0.057   
    83: -1         84:  0         85:  0         86: -0.00031   87:  0.0009    88: -0.065   
    83:  0         84:  0         85:  1         86: -0.059     87:  0.063     88:  0.0017  
    83:  0         84:  1         85:  0         86:  0.00086   87: -0.0015    88:  0.059   
    83: -1         84:  0         85:  0         86: -0.00028   87:  0.00087   88: -0.063   
    83:  0         84:  0         85:  1         86:  0.063     87: -0.059     88: -0.0017  
    83:  0         84:  1         85:  0         86: -0.00093   87:  0.00023   88: -0.063   
    83: -1         84:  0         85:  0         86:  0.0015    87: -0.00081   88:  0.059   
    83:  0         84:  0         85:  1         86:  0.063     87: -0.059     88: -0.0017  
    83:  0         84:  1         85:  0         86: -0.00092   87:  0.00022   88: -0.063   
    83: -1         84:  0         85:  0         86:  0.0015    87: -0.00082   88:  0.059   
    83:  0         84:  0         85:  1         86: -0.073     87: -0.045     88:  0.00045 
    83:  0         84:  1         85:  0         86:  0.0011    87: -0.0016    88:  0.073   
    83: -1         84:  0         85:  0         86:  0.0013    87: -0.00061   88:  0.045   
    83:  0         84:  0         85:  1         86: -0.057     87:  0.065     88:  0.0017  
    83:  0         84:  1         85:  0         86:  0.00083   87: -0.0014    88:  0.057   
    83: -1         84:  0         85:  0         86: -0.00031   87:  0.0009    88: -0.065   
    89:  0         90:  0         91:  1         92: -0.059     93:  0.063     94:  0.0017  
    89:  0         90:  1         91:  0         92:  0.00086   93: -0.0015    94:  0.059   
    89: -1         90:  0         91:  0         92: -0.00028   93:  0.00087   94: -0.063   
    89:  0         90:  0         91:  1         92:  0.063     93: -0.059     94: -0.0017  
    89:  0         90:  1         91:  0         92: -0.00093   93:  0.00023   94: -0.063   
    89: -1         90:  0         91:  0         92:  0.0015    93: -0.00081   94:  0.059   
    89:  0         90:  0         91:  1         92:  0.063     93: -0.059     94: -0.0017  
    89:  0         90:  1         91:  0         92: -0.00092   93:  0.00022   94: -0.063   
    89: -1         90:  0         91:  0         92:  0.0015    93: -0.00082   94:  0.059   
    89:  0         90:  0         91:  1         92: -0.073     93: -0.045     94:  0.00045 
    89:  0         90:  1         91:  0         92:  0.0011    93: -0.0016    94:  0.073   
    89: -1         90:  0         91:  0         92:  0.0013    93: -0.00061   94:  0.045   
    89:  0         90:  0         91:  1         92: -0.057     93:  0.065     94:  0.0017  
    89:  0         90:  1         91:  0         92:  0.00083   93: -0.0014    94:  0.057   
    89: -1         90:  0         91:  0         92: -0.00031   93:  0.0009    94: -0.065   
    89:  0         90:  0         91:  1         92: -0.059     93:  0.063     94:  0.0017  
    89:  0         90:  1         91:  0         92:  0.00086   93: -0.0015    94:  0.059   
    89: -1         90:  0         91:  0         92: -0.00028   93:  0.00087   94: -0.063   
    89:  0         90:  0         91:  1         92:  0.063     93: -0.059     94: -0.0017  
    89:  0         90:  1         91:  0         92: -0.00093   93:  0.00023   94: -0.063   
    89: -1         90:  0         91:  0         92:  0.0015    93: -0.00081   94:  0.059   
    89:  0         90:  0         91:  1         92:  0.063     93: -0.059     94: -0.0017  
    89:  0         90:  1         91:  0         92: -0.00092   93:  0.00022   94: -0.063   
    89: -1         90:  0         91:  0         92:  0.0015    93: -0.00082   94:  0.059   
    89:  0         90:  0         91:  1         92: -0.073     93: -0.045     94:  0.00045 
    89:  0         90:  1         91:  0         92:  0.0011    93: -0.0016    94:  0.073   
    89: -1         90:  0         91:  0         92:  0.0013    93: -0.00061   94:  0.045   
    89:  0         90:  0         91:  1         92: -0.057     93:  0.065     94:  0.0017  
    89:  0         90:  1         91:  0         92:  0.00083   93: -0.0014    94:  0.057   
    89: -1         90:  0         91:  0         92: -0.00031   93:  0.0009    94: -0.065   
     0:  0.97       1:  0.23       2: -0.1        3:  0.5        4: -0.26       5:  0.1        6: -0.12      20:  0.28      21: -0.32      22:  0.082     23:  0.4       24: -0.24      25:  0.072     26: -0.072     27: -0.022     28: -0.015     41: -0.97      42: -0.23      43: -0.11      44:  2.2e-19   45: -0.24      46: -0.0064  
     0:  0.23       1: -0.97       2: -0.51       3:  0.14       4: -0.072      5:  0.029      6: -0.45      20:  0.074     21: -0.5       22: -0.26      23:  0.15      24: -0.12      25:  0.0097    26:  0.26      27:  0.071     28:  0.061     41: -0.23      42:  0.97      43: -0.026     44: -0.24      45: -0.0041    46: -0.15    
     0: -0.11       1:  3.5e-18    2:  0.025      3: -0.39       4:  0.77       5: -0.42       6:  0.019     20:  0.38      21:  0.02      22:  0.42      23: -0.021     24:  0.051     25: -0.0078    26: -0.072     27: -0.039     28:  0.0041    41:  0.11      42: -3.5e-18   43: -0.99      44:  0.013     45: -0.15      46:  0.0041  
     0:  0.97       1:  0.23       2: -0.1        3:  0.49       4: -0.26       5:  0.098      6: -0.12      20:  0.28      21: -0.32      22:  0.082     23:  0.4       24: -0.24      25:  0.072     26: -0.073     27: -0.023     28: -0.015     41: -0.97      42: -0.23      43: -0.11      44: -4.7e-18   45: -0.24      46: -0.0062  
     0:  0.23       1: -0.97       2: -0.51       3:  0.13       4: -0.072      5:  0.028      6: -0.45      20:  0.075     21: -0.5       22: -0.26      23:  0.15      24: -0.12      25:  0.0099    26:  0.26      27:  0.074     28:  0.063     41: -0.23      42:  0.97      43: -0.026     44: -0.24      45: -0.0041    46: -0.15    
     0: -0.11       1:  3.5e-18    2:  0.025      3: -0.39       4:  0.77       5: -0.42       6:  0.019     20:  0.38      21:  0.02      22:  0.42      23: -0.021     24:  0.051     25: -0.0078    26: -0.072     27: -0.039     28:  0.004     41:  0.11      42: -3.5e-18   43: -0.99      44:  0.013     45: -0.15      46:  0.0041  
    35:  1.7e-06   36: -8.9e-07   37: -1         38: -0.13      39:  0.32      40: -1.5e-13   41: -1.7e-06   42:  8.9e-07   43:  1         44:  0.082     45:  0.092     46: -0.0093  
    35: -1.6e-12   36: -1         37:  8.9e-07   38:  1.5e-06   39: -0.42      40:  0.13      41:  1.6e-12   42:  1         43: -8.9e-07   44:  0.0043    45: -0.0039    46: -0.11    
    35:  1         36:  2e-28     37:  1.7e-06   38:  0.42      39:  1.5e-06   40: -0.32      41: -1         42: -2e-28     43: -1.7e-06   44:  0.011     45:  0.017     46:  0.059   
    35:  1.7e-06   36: -8.9e-07   37: -1         38: -0.13      39:  0.32      40: -8.1e-14   41: -1.7e-06   42:  8.9e-07   43:  1         44:  0.082     45:  0.095     46: -0.0093  
    35: -1.6e-12   36: -1         37:  8.9e-07   38:  1.5e-06   39: -0.42      40:  0.13      41:  1.6e-12   42:  1         43: -8.9e-07   44:  0.004     45: -0.0039    46: -0.11    
    35:  1         36:  2e-28     37:  1.7e-06   38:  0.42      39:  1.5e-06   40: -0.32      41: -1         42: -2e-28     43: -1.7e-06   44:  0.01      45:  0.017     46:  0.058   
    35:  1.7e-06   36: -8.9e-07   37: -1         38: -0.091     39:  0.16      40: -4.6e-14   41: -1.7e-06   42:  8.9e-07   43:  1         44: -0.082     45:  0.092     46:  0.0093  
    35: -1.6e-12   36: -1         37:  8.9e-07   38:  1.5e-06   39: -0.42      40:  0.091     41:  1.6e-12   42:  1         43: -8.9e-07   44:  0.0086    45: -0.0039    46: -0.072   
    35:  1         36:  2e-28     37:  1.7e-06   38:  0.42      39:  1.5e-06   40: -0.16      41: -1         42: -2e-28     43: -1.7e-06   44: -0.0075    45:  0.017     46: -0.1     
    35:  1.7e-06   36: -8.9e-07   37: -1         38: -0.13      39:  0.3       40:  3e-14     41: -1.7e-06   42:  8.9e-07   43:  1         44:  0.063     45:  0.095     46: -0.0071  
    35: -1.6e-12   36: -1         37:  8.9e-07   38:  1.5e-06   39: -0.42      40:  0.13      41:  1.6e-12   42:  1         43: -8.9e-07   44:  0.0045    45: -0.0039    46: -0.11    
    35:  1         36:  2e-28     37:  1.7e-06   38:  0.42      39:  1.5e-06   40: -0.3       41: -1         42: -2e-28     43: -1.7e-06   44:  0.0084    45:  0.017     46:  0.039   
    35:  1.7e-06   36: -8.9e-07   37: -1         38: -0.12      39:  0.3       40:  1.4e-13   41: -1.7e-06   42:  8.9e-07   43:  1         44:  0.063     45:  0.092     46: -0.0071  
    35: -1.6e-12   36: -1         37:  8.9e-07   38:  1.5e-06   39: -0.42      40:  0.12      41:  1.6e-12   42:  1         43: -8.9e-07   44:  0.0048    45: -0.0039    46: -0.11    
    35:  1         36:  2e-28     37:  1.7e-06   38:  0.42      39:  1.5e-06   40: -0.3       41: -1         42: -2e-28     43: -1.7e-06   44:  0.0084    45:  0.017     46:  0.04    
    35:  1.7e-06   36: -8.9e-07   37: -1         38: -0.094     39:  0.15      40: -4.8e-14   41: -1.7e-06   42:  8.9e-07   43:  1         44: -0.084     45:  0.095     46:  0.0095  
    35: -1.6e-12   36: -1         37:  8.9e-07   38:  1.5e-06   39: -0.42      40:  0.094     41:  1.6e-12   42:  1         43: -8.9e-07   44:  0.0083    45: -0.0039    46: -0.074   
    35:  1         36:  2e-28     37:  1.7e-06   38:  0.42      39:  1.5e-06   40: -0.15      41: -1         42: -2e-28     43: -1.7e-06   44: -0.0078    45:  0.017     46: -0.1     
    35:  1.7e-06   36: -8.9e-07   37: -1         38:  0.22      39: -0.017     40:  0         47: -1.7e-06   48:  8.9e-07   49:  1         50: -1.2e-10   51: -0.025     52: -0.025   
    35: -1.6e-12   36: -1         37:  8.9e-07   38:  1.5e-06   39: -0.42      40: -0.22      47:  1.6e-12   48:  1         49: -8.9e-07   50: -0.022     51:  0.0026    52:  0.025   
    35:  1         36:  2e-28     37:  1.7e-06   38:  0.42      39:  1.5e-06   40:  0.017     47: -1         48: -2e-28     49: -1.7e-06   50: -0.027     51: -0.025     52:  0.0026  
    35:  1.7e-06   36: -8.9e-07   37: -1         38:  0.21      39:  0.033     40:  0         47: -1.7e-06   48:  8.9e-07   49:  1         50: -1.5e-10   51: -0.025     52:  0.025   
    35: -1.6e-12   36: -1         37:  8.9e-07   38:  1.5e-06   39: -0.42      40: -0.21      47:  1.6e-12   48:  1         49: -8.9e-07   50: -0.027     51:  0.0026    52:  0.025   
    35:  1         36:  2e-28     37:  1.7e-06   38:  0.42      39:  1.5e-06   40: -0.033     47: -1         48: -2e-28     49: -1.7e-06   50:  0.022     51: -0.025     52:  0.0026  
    35:  1.7e-06   36: -8.9e-07   37: -1         38:  0.27      39: -0.012     40:  5.3e-23   47: -1.7e-06   48:  8.9e-07   49:  1         50:  1.5e-10   51:  0.025     52: -0.025   
    35: -1.6e-12   36: -1         37:  8.9e-07   38:  1.5e-06   39: -0.42      40: -0.27      47:  1.6e-12   48:  1         49: -8.9e-07   50:  0.027     51:  0.0026    52:  0.025   
    35:  1         36:  2e-28     37:  1.7e-06   38:  0.42      39:  1.5e-06   40:  0.012     47: -1         48: -2e-28     49: -1.7e-06   50: -0.022     51: -0.025     52:  0.0026  
    35:  1.7e-06   36: -8.9e-07   37: -1         38:  0.26      39:  0.038     40:  0         47: -1.7e-06   48:  8.9e-07   49:  1         50:  1.2e-10   51:  0.025     52:  0.025   
    35: -1.6e-12   36: -1         37:  8.9e-07   38:  1.5e-06   39: -0.42      40: -0.26      47:  1.6e-12   48:  1         49: -8.9e-07   50:  0.022     51:  0.0026    52:  0.025   
    35:  1         36:  2e-28     37:  1.7e-06   38:  0.42      39:  1.5e-06   40: -0.038     47: -1         48: -2e-28     49: -1.7e-06   50:  0.027     51: -0.025     52:  0.0026  
    35:  1.7e-06   36: -8.9e-07   37: -1         38: -0.045     39: -0.13      40: -4.7e-15   59: -1.7e-06   60:  8.9e-07   61:  1         62: -0.033     63: -0.0043    64:  0.00091 
    35: -1.6e-12   36: -1         37:  8.9e-07   38:  1.5e-06   39: -0.42      40:  0.045     59:  1.6e-12   60:  1         61: -8.9e-07   62: -0.0006    63: -5.4e-05   64:  0.0006  
    35:  1         36:  2e-28     37:  1.7e-06   38:  0.42      39:  1.5e-06   40:  0.13      59: -1         60: -2e-28     61: -1.7e-06   62: -0.00073   63: -0.0015    64: -0.033   
    35:  1.7e-06   36: -8.9e-07   37: -1         38: -0.061     39: -0.074     40:  6.7e-16   59: -1.7e-06   60:  8.9e-07   61:  1         62:  0.022     63:  0.018     64: -0.001   
    35: -1.6e-12   36: -1         37:  8.9e-07   38:  1.5e-06   39: -0.42      40:  0.061     59:  1.6e-12   60:  1         61: -8.9e-07   62: -0.001     63: -0.00049   64: -0.016   
    35:  1         36:  2e-28     37:  1.7e-06   38:  0.42      39:  1.5e-06   40:  0.074     59: -1         60: -2e-28     61: -1.7e-06   62:  0.00065   63: -1.3e-05   64:  0.024   
    35:  1.7e-06   36: -8.9e-07   37: -1         38: -0.044     39: -0.085     40: -7.6e-14   59: -1.7e-06   60:  8.9e-07   61:  1         62:  0.012     63: -0.00011   64: -0.00029 
    35: -1.6e-12   36: -1         37:  8.9e-07   38:  1.5e-06   39: -0.42      40:  0.044     59:  1.6e-12   60:  1         61: -8.9e-07   62: -0.0006    63: -3.3e-05   64:  0.0015  
    35:  1         36:  2e-28     37:  1.7e-06   38:  0.42      39:  1.5e-06   40:  0.085     59: -1         60: -2e-28     61: -1.7e-06   62:  0.00036   63: -0.00032   64:  0.012   
    35:  1.7e-06   36: -8.9e-07   37: -1         38:  0.012     39: -0.024     40:  7.4e-16   65: -1.7e-06   66:  8.9e-07   67:  1         68: -0.0031    69:  0.037     70:  6.1e-07 
    35: -1.6e-12   36: -1         37:  8.9e-07   38:  1.5e-06   39: -0.42      40: -0.012     65:  1.6e-12   66:  1         67: -8.9e-07   68: -0.0012    69: -6e-05     70: -0.037   
    35:  1         36:  2e-28     37:  1.7e-06   38:  0.42      39:  1.5e-06   40:  0.024     65: -1         66: -2e-28     67: -1.7e-06   68:  5.9e-05   69: -0.0012    70: -0.0012  
    35:  1.7e-06   36: -8.9e-07   37: -1         38:  0.012     39: -0.024     40: -5.2e-16   65: -1.7e-06   66:  8.9e-07   67:  1         68: -0.0033    69:  0.037     70:  6.7e-07 
    35: -1.6e-12   36: -1         37:  8.9e-07   38:  1.5e-06   39: -0.42      40: -0.012     65:  1.6e-12   66:  1         67: -8.9e-07   68: -0.0012    69: -6e-05     70: -0.037   
    35:  1         36:  2e-28     37:  1.7e-06   38:  0.42      39:  1.5e-06   40:  0.024     65: -1         66: -2e-28     67: -1.7e-06   68:  5.9e-05   69: -0.0012    70: -0.0015  
    53: -0.0015    54:  4.9e-05   55:  1         56: -0.0047    57:  0.044     58:  9.6e-17   65:  0.0015    66: -4.9e-05   67: -1         68:  0.0031    69: -0.043     70:  2.9e-06 
    53: -7.6e-08   54: -1         55:  4.9e-05   56:  0.00039   57:  2.3e-05   58:  0.044     65:  7.6e-08   66:  1         67: -4.9e-05   68: -0.008     69: -0.0004    70: -0.044   
    53: -1         54: -1.3e-23   55: -0.0015    56:  2.3e-05   57: -0.00039   58: -0.0021    65:  1         66:  1.3e-23   67:  0.0015    68: -0.00041   69:  0.0081    70:  0.00091 
    53:  0.059     54:  1         55:  2e-05     56: -0.03      57: -8.7e-07   58: -0.04      65: -0.059     66: -1         67: -2e-05     68:  0.038     69: -0.00035   70:  0.039   
    53:  1.2e-06   54:  2e-05     55: -1         56:  0.0081    57: -0.04      58: -1.2e-05   65: -1.2e-06   66: -2e-05     67:  1         68: -0.0066    69:  0.039     70:  2.3e-06 
    53:  1         54: -0.059     55:  0         56:  1.2e-05   57:  0.03      58:  0.0081    65: -1         66:  0.059     67:  0         68: -0.00035   69: -0.038     70: -0.0069  
    53: -0.0015    54:  0.00046   55:  1         56: -0.012     57: -0.036     58:  1.5e-05   65:  0.0015    66: -0.00046   67: -1         68:  0.011     69:  0.037     70: -6.8e-07 
    53: -7e-07     54: -1         55:  0.00046   56:  0.00033   57:  5e-06     58: -0.035     65:  7e-07     66:  1         67: -0.00046   68: -0.008     69: -0.00039   70:  0.036   
    53: -1         54: -1.1e-22   55: -0.0015    56:  2e-05     57: -0.00034   58: -0.014     65:  1         66:  1.1e-22   67:  0.0015    68: -0.00042   69:  0.008     70:  0.013   
    53: -0.0015    54:  4.9e-05   55:  1         56: -0.0014    57:  0.044     58: -1.9e-16   65:  0.0015    66: -4.9e-05   67: -1         68: -0.00019   69: -0.044     70: -1.3e-06 
    53: -7.6e-08   54: -1         55:  4.9e-05   56:  0.00047   57:  2.8e-05   58:  0.044     65:  7.6e-08   66:  1         67: -4.9e-05   68: -0.0081    69: -0.00041   70: -0.044   
    53: -1         54: -1.3e-23   55: -0.0015    56:  2.8e-05   57: -0.00047   58:  0.0012    65:  1         66:  1.3e-23   67:  0.0015    68: -0.00041   69:  0.0081    70: -0.0024  
    53: -0.0016    54: -0.00026   55:  1         56:  0.018     57: -0.032     58: -1e-05     65:  0.0016    66:  0.00026   67: -1         68: -0.019     69:  0.033     70: -1.4e-05 
    53:  4e-07     54: -1         55: -0.00026   56:  0.00033   57:  3e-05     58: -0.033     65: -4e-07     66:  1         67:  0.00026   68: -0.008     69: -0.00041   70:  0.034   
    53: -1         54: -5.3e-23   55: -0.0016    56:  2e-05     57: -0.00034   58:  0.016     65:  1         66:  5.3e-23   67:  0.0016    68: -0.00038   69:  0.008     70: -0.018   
    53: -1         54:  0.059     55: -0.0015    56:  6.2e-18   57: -0.00038   58:  0.011     65:  1         66: -0.059     67:  0.0015    68:  8.9e-05   69:  0.0081    70: -0.012   
    53: -0.059     54: -1         55: -9.1e-05   56:  0.00038   57:  2.2e-06   58: -0.044     65:  0.059     66:  1         67:  9.1e-05   68: -0.0081    69:  7e-05     70:  0.045   
    53:  0.0015    54:  0         55: -1         56: -0.011     57:  0.044     58:  2.2e-06   65: -0.0015    66:  0         67:  1         68:  0.012     69: -0.045     70:  1.2e-05 
    53:  1         54: -0.059     55:  0.0015    56:  6.7e-18   57:  0.00062   58: -0.015     65: -1         66:  0.059     67: -0.0015    68: -9.6e-05   69: -0.0083    70:  0.016   
    53: -0.059     54: -1         55: -9.1e-05   56:  0.00062   57: -2.2e-06   58:  0.044     65:  0.059     66:  1         67:  9.1e-05   68: -0.0082    69:  7.9e-05   70: -0.043   
    53: -0.0015    54:  1.4e-20   55:  1         56:  0.015     57:  0.044     58:  2.2e-06   65:  0.0015    66: -1.4e-20   67: -1         68: -0.017     69: -0.043     70: -2.4e-05 
    53: -0.059     54: -1         55: -4.2e-05   56:  0.00038   57:  1e-16     58: -0.037     65:  0.059     66:  1         67:  4.2e-05   68: -0.0081    69:  7.3e-05   70:  0.038   
    53:  2.5e-06   54:  4.2e-05   55: -1         56: -0.015     57:  0.037     58:  2.3e-05   65: -2.5e-06   66: -4.2e-05   67:  1         68:  0.016     69: -0.038     70: -5.5e-06 
    53: -1         54:  0.059     55:  4.2e-22   56:  2.3e-05   57: -0.00043   58:  0.015     65:  1         66: -0.059     67: -4.2e-22   68:  7e-05     69:  0.0081    70: -0.016   
    53: -0.059     54: -1         55: -0.00053   56:  0.03      57: -2e-05     58:  0.042     65:  0.059     66:  1         67:  0.00053   68: -0.038     69:  0.00037   70: -0.041   
    53:  3.1e-05   54:  0.00053   55: -1         56: -0.017     57: -0.042     58:  5.2e-06   65: -3.1e-05   66: -0.00053   67:  1         68:  0.018     69:  0.041     70:  1.7e-05 
    53: -1         54:  0.059     55:  0         56:  2.6e-05   57: -0.03      58:  0.017     65:  1         66: -0.059     67:  0         68:  0.00034   69:  0.038     70: -0.018   
    53:  0.059     54:  1         55:  1.7e-06   56: -0.03      57:  1.7e-06   58:  0.043     65: -0.059     66: -1         67: -1.7e-06   68:  0.038     69: -0.00035   70: -0.043   
    53:  1e-07     54:  1.7e-06   55: -1         56:  0.0078    57:  0.043     58: -1.4e-05   65: -1e-07     66: -1.7e-06   67:  1         68: -0.0069    69: -0.043     70:  2e-06   
    53:  1         54: -0.059     55:  0         56:  1.2e-05   57:  0.03      58:  0.0078    65: -1         66:  0.059     67:  0         68: -0.00035   69: -0.038     70: -0.0065  
    53: -0.0015    54:  4.9e-05   55:  1         56:  0.015     57:  0.042     58: -5e-15     65:  0.0015    66: -4.9e-05   67: -1         68: -0.017     69: -0.041     70: -2.2e-05 
    53: -7.6e-08   54: -1         55:  4.9e-05   56:  0.00044   57:  2.6e-05   58:  0.041     65:  7.6e-08   66:  1         67: -4.9e-05   68: -0.0081    69: -0.00041   70: -0.04    
    53: -1         54:  0         55: -0.0015    56:  2.6e-05   57: -0.00044   58:  0.017     65:  1         66:  0         67:  0.0015    68: -0.00038   69:  0.0081    70: -0.019   
    53: -0.059     54: -1         55: -4.2e-05   56:  0.00058   57:  1.4e-16   58:  0.042     65:  0.059     66:  1         67:  4.2e-05   68: -0.0082    69:  7.6e-05   70: -0.041   
    53:  2.5e-06   54:  4.2e-05   55: -1         56: -0.017     57: -0.042     58:  2.6e-05   65: -2.5e-06   66: -4.2e-05   67:  1         68:  0.018     69:  0.041     70: -3.3e-06 
    53: -1         54:  0.059     55:  0         56:  2.6e-05   57: -0.00052   58:  0.017     65:  1         66: -0.059     67:  0         68:  7e-05     69:  0.0082    70: -0.018   

JT: constraint Jacobian transposed
------------------------------------------------------------------------------------------------------------------------------------------------------------------------------------------------------------------------------------------------------------------------
           x                                                                                                                                                                    xxxxxx                                                                                  |
            x                                                                                                                                                                   xxxxxx                                                                                  |
             x                                                                                                                                                                  xxxxxx                                                                                  |
              x                                                                                                                                                                 xxxxxx                                                                                  |
               x                                                                                                                                                                xxxxxx                                                                                  |
                x                                                                                                                                                               xxxxxx                                                                                  |
                 x                                                                                                                                                              xxxxxx                                                                                  |
                  x                                                                                                                                                                                                                                                     |
                   x                                                                                                                                                                                                                                                    |
                    x                                                                                                                                                                                                                                                   |
                     x                                                                                                                                                                                                                                                  |
                      x                                                                                                                                                                                                                                                 |
                       x                                                                                                                                                                                                                                                |
                        x                                                                                                                                                                                                                                               |
  x                                                                                                                                                                                                                                                                     |
    x                                                                                                                                                                                                                                                                   |
   x                                                                                                                                                                                                                                                                    |
     x                                                                                                                                                                                                                                                                  |
 xxxxx                   x                                                                                                                                                                                                                                              |
 x                                  x                                                                                                                                                                                                                                   |
                          x                                                                                                                                                     xxxxxx                                                                                  |
                           x                                                                                                                                                    xxxxxx                                                                                  |
                            x                                                                                                                                                   xxxxxx                                                                                  |
                             x                                                                                                                                                  xxxxxx                                                                                  |
                              x                                                                                                                                                 xxxxxx                                                                                  |
                               x                                                                                                                                                xxxxxx                                                                                  |
                                x                                                                                                                                               xxxxxx                                                                                  |
       x                                                                                                                                                                        xxxxxx                                                                                  |
         x                                                                                                                                                                      xxxxxx                                                                                  |
        x                                                                                                                                                                                                                                                               |
          x                                                                                                                                                                                                                                                             |
      x x x                      x   x                                                                                                                                                                                                                                  |
      xx x                                                                                                                                                                                                                                                              |
                                  x                                                                                                                                                                                                                                     |
                                   x                                                                                                                                                                                                                                    |
                                      xxxxxxxxxxxxxxxxxxxxxxxx                                                                                                                        xxxxxxxxxxxxxxxxxxxxxxxxxxxxxxxxxxxxxxxxxxxxx                                     | 5
                                      xxxxxxxxxxxxxxxxxxxxxxxx                                                                                                                        xxxxxxxxxxxxxxxxxxxxxxxxxxxxxxxxxxxxxxxxxxxxx                                     | 4
                                      xxxxxxxxxxxxxxxxxxxxxxxx                                                                                                                        xxxxxxxxxxxxxxxxxxxxxxxxxxxxxxxxxxxxxxxxxxxxx                                     | 3
                                      xxxxxxxxxxxxxxxxxxxxxxxx                                                                                                                        xxxxxxxxxxxxxxxxxxxxxxxxxxxxxxxxxxxxxxxxxxxxx                                     | 2
                                      xxxxxxxxxxxxxxxxxxxxxxxx                                                                                                                        xxxxxxxxxxxxxxxxxxxxxxxxxxxxxxxxxxxxxxxxxxxxx                                     | 1
                                      xxxxxxxxxxxxxxxxxxxxxxxx                                                                                                                        xxxxxxxxxxxxxxxxxxxxxxxxxxxxxxxxxxxxxxxxxxxxx                                     |
                                                                                                                                                                                xxxxxxxxxxxxxxxxxxxxxxxx                                                                | 5
                                                                                                                                                                                xxxxxxxxxxxxxxxxxxxxxxxx                                                                | 4
                                                                                                                                                                                xxxxxxxxxxxxxxxxxxxxxxxx                                                                | 3
                                                                                                                                                                                xxxxxxxxxxxxxxxxxxxxxxxx                                                                | 2
                                                                                                                                                                                xxxxxxxxxxxxxxxxxxxxxxxx                                                                | 1
                                                                                                                                                                                xxxxxxxxxxxxxxxxxxxxxxxx                                                                |
                                                                                                                                                                                                        xxxxxxxxxxxx                                                    | 5
                                                                                                                                                                                                        xxxxxxxxxxxx                                                    | 4
                                                                                                                                                                                                        xxxxxxxxxxxx                                                    | 3
                                                                                                                                                                                                        xxxxxxxxxxxx                                                    | 2
                                                                                                                                                                                                        xxxxxxxxxxxx                                                    | 1
                                                                                                                                                                                                        xxxxxxxxxxxx                                                    |
                                                                                                                                                                                                                                   xxxxxxxxxxxxxxxxxxxxxxxxxxxxxxxxxxxx | 5
                                                                                                                                                                                                                                   xxxxxxxxxxxxxxxxxxxxxxxxxxxxxxxxxxxx | 4
                                                                                                                                                                                                                                   xxxxxxxxxxxxxxxxxxxxxxxxxxxxxxxxxxxx | 3
                                                                                                                                                                                                                                   xxxxxxxxxxxxxxxxxxxxxxxxxxxxxxxxxxxx | 2
                                                                                                                                                                                                                                   xxxxxxxxxxxxxxxxxxxxxxxxxxxxxxxxxxxx | 1
                                                                                                                                                                                                                                   xxxxxxxxxxxxxxxxxxxxxxxxxxxxxxxxxxxx |
                                                                                                                                                                                                                    xxxxxxxxx                                           | 5
                                                                                                                                                                                                                    xxxxxxxxx                                           | 4
                                                                                                                                                                                                                    xxxxxxxxx                                           | 3
                                                                                                                                                                                                                    xxxxxxxxx                                           | 2
                                                                                                                                                                                                                    xxxxxxxxx                                           | 1
                                                                                                                                                                                                                    xxxxxxxxx                                           |
                                                                                                                                                                                                                             xxxxxxxxxxxxxxxxxxxxxxxxxxxxxxxxxxxxxxxxxx | 5
                                                                                                                                                                                                                             xxxxxxxxxxxxxxxxxxxxxxxxxxxxxxxxxxxxxxxxxx | 4
                                                                                                                                                                                                                             xxxxxxxxxxxxxxxxxxxxxxxxxxxxxxxxxxxxxxxxxx | 3
                                                                                                                                                                                                                             xxxxxxxxxxxxxxxxxxxxxxxxxxxxxxxxxxxxxxxxxx | 2
                                                                                                                                                                                                                             xxxxxxxxxxxxxxxxxxxxxxxxxxxxxxxxxxxxxxxxxx | 1
                                                                                                                                                                                                                             xxxxxxxxxxxxxxxxxxxxxxxxxxxxxxxxxxxxxxxxxx |
                                                              xxxxxxxxxxxxxxxxxxxxxxxx                                                                                                                                                                                  | 5
                                                              xxxxxxxxxxxxxxxxxxxxxxxx                                                                                                                                                                                  | 4
                                                              xxxxxxxxxxxxxxxxxxxxxxxx                                                                                                                                                                                  | 3
                                                              xxxxxxxxxxxxxxxxxxxxxxxx                                                                                                                                                                                  | 2
                                                              xxxxxxxxxxxxxxxxxxxxxxxx                                                                                                                                                                                  | 1
                                                              xxxxxxxxxxxxxxxxxxxxxxxx                                                                                                                                                                                  |
                                                                                      xxxxxxxxxxxxxxxxxxxxxxxxxxxxxx                                                                                                                                                    | 5
                                                                                      xxxxxxxxxxxxxxxxxxxxxxxxxxxxxx                                                                                                                                                    | 4
                                                                                      xxxxxxxxxxxxxxxxxxxxxxxxxxxxxx                                                                                                                                                    | 3
                                                                                      xxxxxxxxxxxxxxxxxxxxxxxxxxxxxx                                                                                                                                                    | 2
                                                                                      xxxxxxxxxxxxxxxxxxxxxxxxxxxxxx                                                                                                                                                    | 1
                                                                                      xxxxxxxxxxxxxxxxxxxxxxxxxxxxxx                                                                                                                                                    |
                                                                                                                    xxxxxxxxxxxxxxxxxxxxxxxxxxxxxx                                                                                                                      | 5
                                                                                                                    xxxxxxxxxxxxxxxxxxxxxxxxxxxxxx                                                                                                                      | 4
                                                                                                                    xxxxxxxxxxxxxxxxxxxxxxxxxxxxxx                                                                                                                      | 3
                                                                                                                    xxxxxxxxxxxxxxxxxxxxxxxxxxxxxx                                                                                                                      | 2
                                                                                                                    xxxxxxxxxxxxxxxxxxxxxxxxxxxxxx                                                                                                                      | 1
                                                                                                                    xxxxxxxxxxxxxxxxxxxxxxxxxxxxxx                                                                                                                      |
                                                                                                                                                  xxxxxxxxxxxxxxxxxxxxxxxxxxxxxx                                                                                        | 5
                                                                                                                                                  xxxxxxxxxxxxxxxxxxxxxxxxxxxxxx                                                                                        | 4
                                                                                                                                                  xxxxxxxxxxxxxxxxxxxxxxxxxxxxxx                                                                                        | 3
                                                                                                                                                  xxxxxxxxxxxxxxxxxxxxxxxxxxxxxx                                                                                        | 2
                                                                                                                                                  xxxxxxxxxxxxxxxxxxxxxxxxxxxxxx                                                                                        | 1
                                                                                                                                                  xxxxxxxxxxxxxxxxxxxxxxxxxxxxxx                                                                                        |
------------------------------------------------------------------------------------------------------------------------------------------------------------------------------------------------------------------------------------------------------------------------

EFC_POS
  -2.2e-06 
  -2.4e-06 
   2.4e-07 
   4.5e-06 
  -5.6e-06 
   0.0027  
   0.0046  
  -5.8e-05 
  -0.003   
   1.8e-05 
   0       
   0       
   0       
   0       
   0       
   0       
   0       
   0       
   0       
   0       
   0       
   0       
   0       
   0       
   0       
   0       
   0       
   0       
   0       
   0       
   0       
   0       
   0       
   0       
   0       
  -5.4e-06 
  -0.0079  
  -5.5e-05 
   0       
   0       
  -5.5e-05 
   0       
   0       
  -5.6e-05 
   0       
   0       
  -5.6e-05 
   0       
   0       
  -5.5e-05 
   0       
   0       
  -5.5e-05 
   0       
   0       
  -5.6e-05 
   0       
   0       
  -5.6e-05 
   0       
   0       
  -4.9e-05 
   0       
   0       
  -5.1e-05 
   0       
   0       
  -5.9e-05 
   0       
   0       
  -5.9e-05 
   0       
   0       
  -4.9e-05 
   0       
   0       
  -5.1e-05 
   0       
   0       
  -5.9e-05 
   0       
   0       
  -5.9e-05 
   0       
   0       
  -5.9e-05 
   0       
   0       
  -5.3e-05 
   0       
   0       
  -4.8e-05 
   0       
   0       
  -9.5e-06 
   0       
   0       
  -4.9e-05 
   0       
   0       
  -5.9e-05 
   0       
   0       
  -5.3e-05 
   0       
   0       
  -4.8e-05 
   0       
   0       
  -9.5e-06 
   0       
   0       
  -4.9e-05 
   0       
   0       
  -5.9e-05 
   0       
   0       
  -5.3e-05 
   0       
   0       
  -4.8e-05 
   0       
   0       
  -9.5e-06 
   0       
   0       
  -4.9e-05 
   0       
   0       
  -5.9e-05 
   0       
   0       
  -5.3e-05 
   0       
   0       
  -4.8e-05 
   0       
   0       
  -9.5e-06 
   0       
   0       
  -4.9e-05 
   0       
   0       
  -5.9e-05 
   0       
   0       
  -5.3e-05 
   0       
   0       
  -4.8e-05 
   0       
   0       
  -9.5e-06 
   0       
   0       
  -4.9e-05 
   0       
   0       
  -5.9e-05 
   0       
   0       
  -5.3e-05 
   0       
   0       
  -4.8e-05 
   0       
   0       
  -9.5e-06 
   0       
   0       
  -4.9e-05 
   0       
   0       
  -2.2e-05 
   0       
   0       
  -0.00015 
   0       
   0       
  -5.8e-05 
   0       
   0       
  -0.00019 
   0       
   0       
  -7.2e-05 
   0       
   0       
  -0.00019 
   0       
   0       
  -7.4e-05 
   0       
   0       
  -8.4e-05 
   0       
   0       
  -1.5e-05 
   0       
   0       
  -1.5e-05 
   0       
   0       
  -1.5e-05 
   0       
   0       
  -1.5e-05 
   0       
   0       
  -0.00018 
   0       
   0       
  -0.00011 
   0       
   0       
  -0.00013 
   0       
   0       
  -0.0022  
   0       
   0       
  -0.0022  
   0       
   0       
  -0.00017 
   0       
   0       
  -0.0069  
   0       
   0       
  -7.2e-05 
   0       
   0       
  -0.00033 
   0       
   0       
  -7.6e-05 
   0       
   0       
  -0.014   
   0       
   0       
  -0.014   
   0       
   0       
  -0.0074  
   0       
   0       
  -0.0035  
   0       
   0       
  -0.0077  
   0       
   0       
  -0.00028 
   0       
   0       
  -0.0035  
   0       
   0       

EFC_MARGIN
   0       
   0       
   0       
   0       
   0       
   0       
   0       
   0       
   0       
   0       
   0       
   0       
   0       
   0       
   0       
   0       
   0       
   0       
   0       
   0       
   0       
   0       
   0       
   0       
   0       
   0       
   0       
   0       
   0       
   0       
   0       
   0       
   0       
   0       
   0       
   0       
   0       
   0       
   0       
   0       
   0       
   0       
   0       
   0       
   0       
   0       
   0       
   0       
   0       
   0       
   0       
   0       
   0       
   0       
   0       
   0       
   0       
   0       
   0       
   0       
   0       
   0       
   0       
   0       
   0       
   0       
   0       
   0       
   0       
   0       
   0       
   0       
   0       
   0       
   0       
   0       
   0       
   0       
   0       
   0       
   0       
   0       
   0       
   0       
   0       
   0       
   0       
   0       
   0       
   0       
   0       
   0       
   0       
   0       
   0       
   0       
   0       
   0       
   0       
   0       
   0       
   0       
   0       
   0       
   0       
   0       
   0       
   0       
   0       
   0       
   0       
   0       
   0       
   0       
   0       
   0       
   0       
   0       
   0       
   0       
   0       
   0       
   0       
   0       
   0       
   0       
   0       
   0       
   0       
   0       
   0       
   0       
   0       
   0       
   0       
   0       
   0       
   0       
   0       
   0       
   0       
   0       
   0       
   0       
   0       
   0       
   0       
   0       
   0       
   0       
   0       
   0       
   0       
   0       
   0       
   0       
   0       
   0       
   0       
   0       
   0       
   0       
   0       
   0       
   0       
   0       
   0       
   0       
   0       
   0       
   0       
   0       
   0       
   0       
   0       
   0       
   0       
   0       
   0       
   0       
   0       
   0       
   0       
   0       
   0       
   0       
   0       
   0       
   0       
   0       
   0       
   0       
   0       
   0       
   0       
   0       
   0       
   0       
   0       
   0       
   0       
   0       
   0       
   0       
   0       
   0       
   0       
   0       
   0       
   0       
   0       
   0       
   0       
   0       
   0       
   0       
   0       
   0       
   0       
   0       
   0       
   0       
   0       
   0       
   0       
   0       
   0       
   0       
   0       
   0       
   0       
   0       
   0       
   0       
   0       
   0       
   0       
   0       
   0       
   0       
   0       
   0       
   0       
   0       
   0       
   0       
   0       
   0       
   0       
   0       
   0       
   0       
   0       
   0       
   0       
   0       
   0       
   0       
   0       
   0       
   0       
   0       

EFC_FRICTIONLOSS
   0       
   0       
   0       
   0       
   0       
   0       
   0       
   0       
   0       
   0       
   2.5e+02 
   2.5e+02 
   2.5e+02 
   0.5     
   0.5     
   0.5     
   0.5     
   0.5     
   0.5     
   0.5     
   0.5     
   0.5     
   0.5     
   0.5     
   0.1     
   0.5     
   0.5     
   0.5     
   0.5     
   0.5     
   0.5     
   0.5     
   0.1     
   0.5     
   0.5     
   0       
   0       
   0       
   0       
   0       
   0       
   0       
   0       
   0       
   0       
   0       
   0       
   0       
   0       
   0       
   0       
   0       
   0       
   0       
   0       
   0       
   0       
   0       
   0       
   0       
   0       
   0       
   0       
   0       
   0       
   0       
   0       
   0       
   0       
   0       
   0       
   0       
   0       
   0       
   0       
   0       
   0       
   0       
   0       
   0       
   0       
   0       
   0       
   0       
   0       
   0       
   0       
   0       
   0       
   0       
   0       
   0       
   0       
   0       
   0       
   0       
   0       
   0       
   0       
   0       
   0       
   0       
   0       
   0       
   0       
   0       
   0       
   0       
   0       
   0       
   0       
   0       
   0       
   0       
   0       
   0       
   0       
   0       
   0       
   0       
   0       
   0       
   0       
   0       
   0       
   0       
   0       
   0       
   0       
   0       
   0       
   0       
   0       
   0       
   0       
   0       
   0       
   0       
   0       
   0       
   0       
   0       
   0       
   0       
   0       
   0       
   0       
   0       
   0       
   0       
   0       
   0       
   0       
   0       
   0       
   0       
   0       
   0       
   0       
   0       
   0       
   0       
   0       
   0       
   0       
   0       
   0       
   0       
   0       
   0       
   0       
   0       
   0       
   0       
   0       
   0       
   0       
   0       
   0       
   0       
   0       
   0       
   0       
   0       
   0       
   0       
   0       
   0       
   0       
   0       
   0       
   0       
   0       
   0       
   0       
   0       
   0       
   0       
   0       
   0       
   0       
   0       
   0       
   0       
   0       
   0       
   0       
   0       
   0       
   0       
   0       
   0       
   0       
   0       
   0       
   0       
   0       
   0       
   0       
   0       
   0       
   0       
   0       
   0       
   0       
   0       
   0       
   0       
   0       
   0       
   0       
   0       
   0       
   0       
   0       
   0       
   0       
   0       
   0       
   0       
   0       
   0       
   0       
   0       
   0       
   0       
   0       
   0       
   0       
   0       
   0       
   0       
   0       
   0       
   0       
   0       
   0       
   0       
   0       
   0       
   0       
   0       

EFC_DIAGAPPROX
   1.8e+05 
   2.8e+04 
   2.8e+04 
   2.2e+05 
   2.2e+05 
   1.8e+05 
   2.1e+05 
   2.8e+04 
   4e+05   
   2.2e+05 
   0.052   
   0.026   
   0.82    
   0.86    
   0.33    
   2.3     
   1.9     
   2e+02   
   2.2     
   3.2e+02 
   7.7     
   3.6e+02 
   1.1e+02 
   1.1e+02 
   9.9e+02 
   2e+02   
   2.2     
   3.2e+02 
   7.7     
   3.6e+02 
   1.1e+02 
   1.1e+02 
   9.9e+02 
   8e+02   
   7.7e+02 
   1.8e+05 
   9.9e+02 
   0.0045  
   0.00023 
   0.00023 
   0.0045  
   0.00023 
   0.00023 
   0.0045  
   0.00023 
   0.00023 
   0.0045  
   0.00023 
   0.00023 
   0.0045  
   0.00023 
   0.00023 
   0.0045  
   0.00023 
   0.00023 
   0.0045  
   0.00023 
   0.00023 
   0.0045  
   0.00023 
   0.00023 
   0.0067  
   0.00033 
   0.00033 
   0.0067  
   0.00033 
   0.00033 
   0.0067  
   0.00033 
   0.00033 
   0.0067  
   0.00033 
   0.00033 
   0.0067  
   0.00033 
   0.00033 
   0.0067  
   0.00033 
   0.00033 
   0.0067  
   0.00033 
   0.00033 
   0.0067  
   0.00033 
   0.00033 
   62      
   3.1     
   3.1     
   62      
   3.1     
   3.1     
   62      
   3.1     
   3.1     
   62      
   3.1     
   3.1     
   62      
   3.1     
   3.1     
   62      
   3.1     
   3.1     
   62      
   3.1     
   3.1     
   62      
   3.1     
   3.1     
   62      
   3.1     
   3.1     
   62      
   3.1     
   3.1     
   62      
   3.1     
   3.1     
   62      
   3.1     
   3.1     
   62      
   3.1     
   3.1     
   62      
   3.1     
   3.1     
   62      
   3.1     
   3.1     
   62      
   3.1     
   3.1     
   62      
   3.1     
   3.1     
   62      
   3.1     
   3.1     
   62      
   3.1     
   3.1     
   62      
   3.1     
   3.1     
   62      
   3.1     
   3.1     
   62      
   3.1     
   3.1     
   62      
   3.1     
   3.1     
   62      
   3.1     
   3.1     
   62      
   3.1     
   3.1     
   62      
   3.1     
   3.1     
   62      
   3.1     
   3.1     
   62      
   3.1     
   3.1     
   62      
   3.1     
   3.1     
   62      
   3.1     
   3.1     
   35      
   1.8     
   1.8     
   35      
   1.8     
   1.8     
   0.41    
   0.021   
   0.021   
   0.41    
   0.021   
   0.021   
   0.41    
   0.021   
   0.021   
   0.41    
   0.021   
   0.021   
   0.41    
   0.021   
   0.021   
   0.41    
   0.021   
   0.021   
   8       
   0.4     
   0.4     
   8       
   0.4     
   0.4     
   8       
   0.4     
   0.4     
   8       
   0.4     
   0.4     
   3.5     
   0.18    
   0.18    
   3.5     
   0.18    
   0.18    
   3.5     
   0.18    
   0.18    
   6.5     
   0.32    
   0.32    
   6.5     
   0.32    
   0.32    
   17      
   0.87    
   0.87    
   17      
   0.87    
   0.87    
   17      
   0.87    
   0.87    
   17      
   0.87    
   0.87    
   17      
   0.87    
   0.87    
   17      
   0.87    
   0.87    
   17      
   0.87    
   0.87    
   17      
   0.87    
   0.87    
   17      
   0.87    
   0.87    
   17      
   0.87    
   0.87    
   17      
   0.87    
   0.87    
   17      
   0.87    
   0.87    

EFC_KBIP
   2.6e+05   1e+03     0.95     -0.34    
   2.6e+05   1e+03     0.95     -0.39    
   2.6e+05   1e+03     0.95      0.038   
   2.6e+05   1e+03     0.95      0.72    
   2.6e+05   1e+03     0.95     -0.9     
   2.6e+05   1e+03     0.99      0       
   2.6e+05   1e+03     0.99      0       
   2.6e+05   1e+03     0.95     -9.3     
   2.6e+05   1e+03     0.99      0       
   2.6e+05   1e+03     0.95      2.9     
   0         1.1e+02   0.9       0       
   0         1.1e+02   0.9       0       
   0         1.1e+02   0.9       0       
   0         1.1e+02   0.9       0       
   0         1.1e+02   0.9       0       
   0         1.1e+02   0.9       0       
   0         1.1e+02   0.9       0       
   0         1.1e+02   0.9       0       
   0         1.1e+02   0.9       0       
   0         1.1e+02   0.9       0       
   0         1.1e+02   0.9       0       
   0         1.1e+02   0.9       0       
   0         1.1e+02   0.9       0       
   0         1.1e+02   0.9       0       
   0         1.1e+02   0.9       0       
   0         1.1e+02   0.9       0       
   0         1.1e+02   0.9       0       
   0         1.1e+02   0.9       0       
   0         1.1e+02   0.9       0       
   0         1.1e+02   0.9       0       
   0         1.1e+02   0.9       0       
   0         1.1e+02   0.9       0       
   0         1.1e+02   0.9       0       
   0         1.1e+02   0.9       0       
   0         1.1e+02   0.9       0       
   2.8e+03   1.1e+02   0.9      -1.1     
   2.8e+03   1.1e+02   0.95      0       
   2.8e+03   1.1e+02   0.9      -11      
   0         1.1e+02   0.9      -11      
   0         1.1e+02   0.9      -11      
   2.8e+03   1.1e+02   0.9      -11      
   0         1.1e+02   0.9      -11      
   0         1.1e+02   0.9      -11      
   2.8e+03   1.1e+02   0.9      -11      
   0         1.1e+02   0.9      -11      
   0         1.1e+02   0.9      -11      
   2.8e+03   1.1e+02   0.9      -11      
   0         1.1e+02   0.9      -11      
   0         1.1e+02   0.9      -11      
   2.8e+03   1.1e+02   0.9      -11      
   0         1.1e+02   0.9      -11      
   0         1.1e+02   0.9      -11      
   2.8e+03   1.1e+02   0.9      -11      
   0         1.1e+02   0.9      -11      
   0         1.1e+02   0.9      -11      
   2.8e+03   1.1e+02   0.9      -11      
   0         1.1e+02   0.9      -11      
   0         1.1e+02   0.9      -11      
   2.8e+03   1.1e+02   0.9      -11      
   0         1.1e+02   0.9      -11      
   0         1.1e+02   0.9      -11      
   2.8e+03   1.1e+02   0.9      -9.9     
   0         1.1e+02   0.9      -9.9     
   0         1.1e+02   0.9      -9.9     
   2.8e+03   1.1e+02   0.9      -10      
   0         1.1e+02   0.9      -10      
   0         1.1e+02   0.9      -10      
   2.8e+03   1.1e+02   0.9      -12      
   0         1.1e+02   0.9      -12      
   0         1.1e+02   0.9      -12      
   2.8e+03   1.1e+02   0.9      -12      
   0         1.1e+02   0.9      -12      
   0         1.1e+02   0.9      -12      
   2.8e+03   1.1e+02   0.9      -9.9     
   0         1.1e+02   0.9      -9.9     
   0         1.1e+02   0.9      -9.9     
   2.8e+03   1.1e+02   0.9      -10      
   0         1.1e+02   0.9      -10      
   0         1.1e+02   0.9      -10      
   2.8e+03   1.1e+02   0.9      -12      
   0         1.1e+02   0.9      -12      
   0         1.1e+02   0.9      -12      
   2.8e+03   1.1e+02   0.9      -12      
   0         1.1e+02   0.9      -12      
   0         1.1e+02   0.9      -12      
   2.8e+03   1.1e+02   0.9      -12      
   0         1.1e+02   0.9      -12      
   0         1.1e+02   0.9      -12      
   2.8e+03   1.1e+02   0.9      -11      
   0         1.1e+02   0.9      -11      
   0         1.1e+02   0.9      -11      
   2.8e+03   1.1e+02   0.9      -9.6     
   0         1.1e+02   0.9      -9.6     
   0         1.1e+02   0.9      -9.6     
   2.8e+03   1.1e+02   0.9      -1.9     
   0         1.1e+02   0.9      -1.9     
   0         1.1e+02   0.9      -1.9     
   2.8e+03   1.1e+02   0.9      -9.7     
   0         1.1e+02   0.9      -9.7     
   0         1.1e+02   0.9      -9.7     
   2.8e+03   1.1e+02   0.9      -12      
   0         1.1e+02   0.9      -12      
   0         1.1e+02   0.9      -12      
   2.8e+03   1.1e+02   0.9      -11      
   0         1.1e+02   0.9      -11      
   0         1.1e+02   0.9      -11      
   2.8e+03   1.1e+02   0.9      -9.6     
   0         1.1e+02   0.9      -9.6     
   0         1.1e+02   0.9      -9.6     
   2.8e+03   1.1e+02   0.9      -1.9     
   0         1.1e+02   0.9      -1.9     
   0         1.1e+02   0.9      -1.9     
   2.8e+03   1.1e+02   0.9      -9.7     
   0         1.1e+02   0.9      -9.7     
   0         1.1e+02   0.9      -9.7     
   2.8e+03   1.1e+02   0.9      -12      
   0         1.1e+02   0.9      -12      
   0         1.1e+02   0.9      -12      
   2.8e+03   1.1e+02   0.9      -11      
   0         1.1e+02   0.9      -11      
   0         1.1e+02   0.9      -11      
   2.8e+03   1.1e+02   0.9      -9.6     
   0         1.1e+02   0.9      -9.6     
   0         1.1e+02   0.9      -9.6     
   2.8e+03   1.1e+02   0.9      -1.9     
   0         1.1e+02   0.9      -1.9     
   0         1.1e+02   0.9      -1.9     
   2.8e+03   1.1e+02   0.9      -9.7     
   0         1.1e+02   0.9      -9.7     
   0         1.1e+02   0.9      -9.7     
   2.8e+03   1.1e+02   0.9      -12      
   0         1.1e+02   0.9      -12      
   0         1.1e+02   0.9      -12      
   2.8e+03   1.1e+02   0.9      -11      
   0         1.1e+02   0.9      -11      
   0         1.1e+02   0.9      -11      
   2.8e+03   1.1e+02   0.9      -9.6     
   0         1.1e+02   0.9      -9.6     
   0         1.1e+02   0.9      -9.6     
   2.8e+03   1.1e+02   0.9      -1.9     
   0         1.1e+02   0.9      -1.9     
   0         1.1e+02   0.9      -1.9     
   2.8e+03   1.1e+02   0.9      -9.7     
   0         1.1e+02   0.9      -9.7     
   0         1.1e+02   0.9      -9.7     
   2.8e+03   1.1e+02   0.9      -12      
   0         1.1e+02   0.9      -12      
   0         1.1e+02   0.9      -12      
   2.8e+03   1.1e+02   0.9      -11      
   0         1.1e+02   0.9      -11      
   0         1.1e+02   0.9      -11      
   2.8e+03   1.1e+02   0.9      -9.6     
   0         1.1e+02   0.9      -9.6     
   0         1.1e+02   0.9      -9.6     
   2.8e+03   1.1e+02   0.9      -1.9     
   0         1.1e+02   0.9      -1.9     
   0         1.1e+02   0.9      -1.9     
   2.8e+03   1.1e+02   0.9      -9.7     
   0         1.1e+02   0.9      -9.7     
   0         1.1e+02   0.9      -9.7     
   2.8e+03   1.1e+02   0.9      -12      
   0         1.1e+02   0.9      -12      
   0         1.1e+02   0.9      -12      
   2.8e+03   1.1e+02   0.9      -11      
   0         1.1e+02   0.9      -11      
   0         1.1e+02   0.9      -11      
   2.8e+03   1.1e+02   0.9      -9.6     
   0         1.1e+02   0.9      -9.6     
   0         1.1e+02   0.9      -9.6     
   2.8e+03   1.1e+02   0.9      -1.9     
   0         1.1e+02   0.9      -1.9     
   0         1.1e+02   0.9      -1.9     
   2.8e+03   1.1e+02   0.9      -9.7     
   0         1.1e+02   0.9      -9.7     
   0         1.1e+02   0.9      -9.7     
   4.4e+04   4.2e+02   0.9      -4.3     
   0         4.2e+02   0.9      -4.3     
   0         4.2e+02   0.9      -4.3     
   4.4e+04   4.2e+02   0.9      -30      
   0         4.2e+02   0.9      -30      
   0         4.2e+02   0.9      -30      
   2.8e+03   1.1e+02   0.9      -12      
   0         1.1e+02   0.9      -12      
   0         1.1e+02   0.9      -12      
   2.8e+03   1.1e+02   0.9      -38      
   0         1.1e+02   0.9      -38      
   0         1.1e+02   0.9      -38      
   2.8e+03   1.1e+02   0.9      -14      
   0         1.1e+02   0.9      -14      
   0         1.1e+02   0.9      -14      
   2.8e+03   1.1e+02   0.9      -38      
   0         1.1e+02   0.9      -38      
   0         1.1e+02   0.9      -38      
   2.8e+03   1.1e+02   0.9      -15      
   0         1.1e+02   0.9      -15      
   0         1.1e+02   0.9      -15      
   2.8e+03   1.1e+02   0.9      -17      
   0         1.1e+02   0.9      -17      
   0         1.1e+02   0.9      -17      
   9.6e+03   2e+02     0.95     -1.5     
   0         2e+02     0.95     -1.5     
   0         2e+02     0.95     -1.5     
   9.6e+03   2e+02     0.95     -1.5     
   0         2e+02     0.95     -1.5     
   0         2e+02     0.95     -1.5     
   9.6e+03   2e+02     0.95     -1.5     
   0         2e+02     0.95     -1.5     
   0         2e+02     0.95     -1.5     
   9.6e+03   2e+02     0.95     -1.5     
   0         2e+02     0.95     -1.5     
   0         2e+02     0.95     -1.5     
   2.8e+03   1.1e+02   0.9      -36      
   0         1.1e+02   0.9      -36      
   0         1.1e+02   0.9      -36      
   2.8e+03   1.1e+02   0.9      -22      
   0         1.1e+02   0.9      -22      
   0         1.1e+02   0.9      -22      
   2.8e+03   1.1e+02   0.9      -27      
   0         1.1e+02   0.9      -27      
   0         1.1e+02   0.9      -27      
   2.8e+03   1.1e+02   0.95      0       
   0         1.1e+02   0.95      0       
   0         1.1e+02   0.95      0       
   2.8e+03   1.1e+02   0.95      0       
   0         1.1e+02   0.95      0       
   0         1.1e+02   0.95      0       
   2.8e+03   1.1e+02   0.9      -35      
   0         1.1e+02   0.9      -35      
   0         1.1e+02   0.9      -35      
   2.8e+03   1.1e+02   0.95      0       
   0         1.1e+02   0.95      0       
   0         1.1e+02   0.95      0       
   2.8e+03   1.1e+02   0.9      -14      
   0         1.1e+02   0.9      -14      
   0         1.1e+02   0.9      -14      
   2.8e+03   1.1e+02   0.91     -67      
   0         1.1e+02   0.91     -67      
   0         1.1e+02   0.91     -67      
   2.8e+03   1.1e+02   0.9      -15      
   0         1.1e+02   0.9      -15      
   0         1.1e+02   0.9      -15      
   2.8e+03   1.1e+02   0.95      0       
   0         1.1e+02   0.95      0       
   0         1.1e+02   0.95      0       
   2.8e+03   1.1e+02   0.95      0       
   0         1.1e+02   0.95      0       
   0         1.1e+02   0.95      0       
   2.8e+03   1.1e+02   0.95      0       
   0         1.1e+02   0.95      0       
   0         1.1e+02   0.95      0       
   2.8e+03   1.1e+02   0.95      0       
   0         1.1e+02   0.95      0       
   0         1.1e+02   0.95      0       
   2.8e+03   1.1e+02   0.95      0       
   0         1.1e+02   0.95      0       
   0         1.1e+02   0.95      0       
   2.8e+03   1.1e+02   0.91     -57      
   0         1.1e+02   0.91     -57      
   0         1.1e+02   0.91     -57      
   2.8e+03   1.1e+02   0.95      0       
   0         1.1e+02   0.95      0       
   0         1.1e+02   0.95      0       

EFC_D
   0.0001  
   0.00067 
   0.00067 
   8.5e-05 
   8.5e-05 
   0.00055 
   0.00048 
   0.00067 
   0.00025 
   8.5e-05 
   1.7e+02 
   3.5e+02 
   11      
   10      
   27      
   3.9     
   4.6     
   0.046   
   4       
   0.028   
   1.2     
   0.025   
   0.08    
   0.082   
   0.009   
   0.046   
   4       
   0.028   
   1.2     
   0.025   
   0.078   
   0.083   
   0.009   
   0.011   
   0.012   
   5e-05   
   0.019   
   2e+03   
   4e+04   
   4e+04   
   2e+03   
   4e+04   
   4e+04   
   2e+03   
   4e+04   
   4e+04   
   2e+03   
   4e+04   
   4e+04   
   2e+03   
   4e+04   
   4e+04   
   2e+03   
   4e+04   
   4e+04   
   2e+03   
   4e+04   
   4e+04   
   2e+03   
   4e+04   
   4e+04   
   1.4e+03 
   2.7e+04 
   2.7e+04 
   1.4e+03 
   2.7e+04 
   2.7e+04 
   1.4e+03 
   2.7e+04 
   2.7e+04 
   1.4e+03 
   2.7e+04 
   2.7e+04 
   1.4e+03 
   2.7e+04 
   2.7e+04 
   1.4e+03 
   2.7e+04 
   2.7e+04 
   1.4e+03 
   2.7e+04 
   2.7e+04 
   1.4e+03 
   2.7e+04 
   2.7e+04 
   0.14    
   2.9     
   2.9     
   0.14    
   2.9     
   2.9     
   0.14    
   2.9     
   2.9     
   0.14    
   2.9     
   2.9     
   0.14    
   2.9     
   2.9     
   0.14    
   2.9     
   2.9     
   0.14    
   2.9     
   2.9     
   0.14    
   2.9     
   2.9     
   0.14    
   2.9     
   2.9     
   0.14    
   2.9     
   2.9     
   0.14    
   2.9     
   2.9     
   0.14    
   2.9     
   2.9     
   0.14    
   2.9     
   2.9     
   0.14    
   2.9     
   2.9     
   0.14    
   2.9     
   2.9     
   0.14    
   2.9     
   2.9     
   0.14    
   2.9     
   2.9     
   0.14    
   2.9     
   2.9     
   0.14    
   2.9     
   2.9     
   0.14    
   2.9     
   2.9     
   0.14    
   2.9     
   2.9     
   0.14    
   2.9     
   2.9     
   0.14    
   2.9     
   2.9     
   0.14    
   2.9     
   2.9     
   0.14    
   2.9     
   2.9     
   0.14    
   2.9     
   2.9     
   0.14    
   2.9     
   2.9     
   0.14    
   2.9     
   2.9     
   0.14    
   2.9     
   2.9     
   0.14    
   2.9     
   2.9     
   0.26    
   5.1     
   5.1     
   0.26    
   5.2     
   5.2     
   22      
   4.4e+02 
   4.4e+02 
   23      
   4.6e+02 
   4.6e+02 
   22      
   4.4e+02 
   4.4e+02 
   23      
   4.6e+02 
   4.6e+02 
   22      
   4.4e+02 
   4.4e+02 
   22      
   4.4e+02 
   4.4e+02 
   2.3     
   47      
   47      
   2.3     
   47      
   47      
   2.3     
   47      
   47      
   2.3     
   47      
   47      
   2.6     
   53      
   53      
   2.6     
   52      
   52      
   2.6     
   52      
   52      
   2.9     
   59      
   59      
   2.9     
   59      
   59      
   0.54    
   11      
   11      
   1.1     
   22      
   22      
   0.52    
   10      
   10      
   0.59    
   12      
   12      
   0.52    
   10      
   10      
   1.1     
   22      
   22      
   1.1     
   22      
   22      
   1.1     
   22      
   22      
   1.1     
   22      
   22      
   1.1     
   22      
   22      
   0.57    
   11      
   11      
   1.1     
   22      
   22      

EFC_R
   9.5e+03 
   1.5e+03 
   1.5e+03 
   1.2e+04 
   1.2e+04 
   1.8e+03 
   2.1e+03 
   1.5e+03 
   4.1e+03 
   1.2e+04 
   0.0057  
   0.0029  
   0.091   
   0.096   
   0.036   
   0.26    
   0.22    
   22      
   0.25    
   36      
   0.85    
   39      
   13      
   12      
   1.1e+02 
   22      
   0.25    
   36      
   0.85    
   40      
   13      
   12      
   1.1e+02 
   89      
   86      
   2e+04   
   52      
   0.0005  
   2.5e-05 
   2.5e-05 
   0.0005  
   2.5e-05 
   2.5e-05 
   0.0005  
   2.5e-05 
   2.5e-05 
   0.0005  
   2.5e-05 
   2.5e-05 
   0.0005  
   2.5e-05 
   2.5e-05 
   0.0005  
   2.5e-05 
   2.5e-05 
   0.0005  
   2.5e-05 
   2.5e-05 
   0.0005  
   2.5e-05 
   2.5e-05 
   0.00074 
   3.7e-05 
   3.7e-05 
   0.00074 
   3.7e-05 
   3.7e-05 
   0.00074 
   3.7e-05 
   3.7e-05 
   0.00074 
   3.7e-05 
   3.7e-05 
   0.00074 
   3.7e-05 
   3.7e-05 
   0.00074 
   3.7e-05 
   3.7e-05 
   0.00074 
   3.7e-05 
   3.7e-05 
   0.00074 
   3.7e-05 
   3.7e-05 
   6.9     
   0.35    
   0.35    
   6.9     
   0.35    
   0.35    
   6.9     
   0.35    
   0.35    
   6.9     
   0.35    
   0.35    
   6.9     
   0.35    
   0.35    
   6.9     
   0.35    
   0.35    
   6.9     
   0.35    
   0.35    
   6.9     
   0.35    
   0.35    
   6.9     
   0.35    
   0.35    
   6.9     
   0.35    
   0.35    
   6.9     
   0.35    
   0.35    
   6.9     
   0.35    
   0.35    
   6.9     
   0.35    
   0.35    
   6.9     
   0.35    
   0.35    
   6.9     
   0.35    
   0.35    
   6.9     
   0.35    
   0.35    
   6.9     
   0.35    
   0.35    
   6.9     
   0.35    
   0.35    
   6.9     
   0.35    
   0.35    
   6.9     
   0.35    
   0.35    
   6.9     
   0.35    
   0.35    
   6.9     
   0.35    
   0.35    
   6.9     
   0.35    
   0.35    
   6.9     
   0.35    
   0.35    
   6.9     
   0.35    
   0.35    
   6.9     
   0.35    
   0.35    
   6.9     
   0.35    
   0.35    
   6.9     
   0.35    
   0.35    
   6.9     
   0.35    
   0.35    
   6.9     
   0.35    
   0.35    
   3.9     
   0.2     
   0.2     
   3.8     
   0.19    
   0.19    
   0.045   
   0.0023  
   0.0023  
   0.044   
   0.0022  
   0.0022  
   0.045   
   0.0023  
   0.0023  
   0.044   
   0.0022  
   0.0022  
   0.045   
   0.0023  
   0.0023  
   0.045   
   0.0023  
   0.0023  
   0.43    
   0.022   
   0.022   
   0.43    
   0.022   
   0.022   
   0.43    
   0.022   
   0.022   
   0.43    
   0.022   
   0.022   
   0.38    
   0.019   
   0.019   
   0.39    
   0.019   
   0.019   
   0.39    
   0.019   
   0.019   
   0.34    
   0.017   
   0.017   
   0.34    
   0.017   
   0.017   
   1.9     
   0.093   
   0.093   
   0.91    
   0.046   
   0.046   
   1.9     
   0.096   
   0.096   
   1.7     
   0.085   
   0.085   
   1.9     
   0.096   
   0.096   
   0.91    
   0.046   
   0.046   
   0.91    
   0.046   
   0.046   
   0.91    
   0.046   
   0.046   
   0.91    
   0.046   
   0.046   
   0.91    
   0.046   
   0.046   
   1.8     
   0.088   
   0.088   
   0.91    
   0.046   
   0.046   

ACTUATOR_VELOCITY
   0.0051  
  -0.0078  
   0.0041  
  -4.2e-05 
  -1.9e-06 
   3.3e-06 
  -0.01    
  -0.00092 
  -0.021   
   0.0055  
  -0.0059  
   0.0015  
   0.0017  
  -0.00014 
   9.1e-05 
   4.6e-06 
  -3.5e-05 
  -5.6e-07 
   1.2e-05 
   2.1e-07 
   0.016   
   2.7e-07 
   0.00034 
   8.3e-05 
   6.9e-05 

CVEL
   0         0         0         0         0         0       
   0         0         0         0         0         0       
   0         0         0         0         0         0       
   0         0         0         0         0         0       
   0         0         6.9e-05   0.00034   8.7e-05   0       
   0         0         6.9e-05   0.00034   8.7e-05   0       
   0         0         6.9e-05   0.00034   8.7e-05   0       
   0.00016   0.0051    6.9e-05   0.0025    1.7e-05   0.0004  
   0.00041   0.013     6.9e-05   0.0043   -4e-05    -0.0021  
   0.00054   0.017     6.9e-05   0.0044   -4.3e-05  -0.0021  
   0.00054   0.017     2.7e-05   0.0044   -4.3e-05  -0.0021  
   0.00054   0.017     2.7e-05   0.0044   -4.3e-05  -0.0021  
   0.00054   0.017     2.7e-05   0.0044   -4.3e-05  -0.0021  
   0.00054   0.017     2.7e-05   0.0044   -4.3e-05  -0.0021  
   0.00054   0.017     2.7e-05   0.0044   -4.3e-05  -0.0021  
   0.00053   0.017     2.7e-05   0.0045   -4.4e-05  -0.0021  
   0.00059   0.017    -4.7e-05   0.0045   -2.4e-05  -0.0021  
   0.00059   0.017    -4.9e-05   0.0045   -2.5e-05  -0.0021  
   0.00059   0.017    -5.1e-05   0.0045   -2.5e-05  -0.0021  
   0.00059   0.017    -5e-05     0.0045   -2.5e-05  -0.0021  
   0.00059   0.017    -5e-05     0.0045   -2.5e-05  -0.0021  
   0.00059   0.017    -5e-05     0.0045   -2.5e-05  -0.0021  
   0.00059   0.017    -5e-05     0.0045   -2.5e-05  -0.0021  
   0.00059   0.017    -5e-05     0.0045   -2.5e-05  -0.0021  
   0.00059   0.017    -5e-05     0.0045   -2.5e-05  -0.0021  
   0.00059   0.017    -3.1e-05   0.0045   -2.8e-05  -0.0021  
   0.00058   0.017    -8.9e-05   0.0045   -1.8e-05  -0.0021  
   0.00059   0.017    -7.4e-05   0.0045   -2.1e-05  -0.0021  
   0.00059   0.017    -2.8e-05   0.0045   -3e-05    -0.0021  
   0.00059   0.017    -5e-05     0.0045   -2.5e-05  -0.0021  
   0.00059   0.017    -2.5e-05   0.0045   -2.9e-05  -0.0021  
   0.00059   0.017    -5e-05     0.0045   -2.5e-05  -0.0021  
   0.00059   0.017    -5e-05     0.0045   -2.5e-05  -0.0021  
   0.00054   0.017     2.7e-05   0.0044   -4.3e-05  -0.0021  
   0.00054   0.017     2.7e-05   0.0044   -4.3e-05  -0.0021  
   0.00087   0.027     2.7e-05   0.00062   7.8e-05  -0.0021  
   0.00092   0.027    -0.00089   0.00083   9.3e-05  -0.0021  
  -0.02      0.027    -0.0023    0.0012   -0.0078   -0.0069  
  -0.02      0.027    -0.0078    0.0024   -0.0058   -0.0068  
  -0.021     0.021    -0.0078    0.0047   -0.0063   -0.0091  
  -0.021     0.021    -0.0093    0.0045   -0.0057   -0.0091  
  -0.023     0.021    -0.0093    0.0045   -0.0064   -0.0089  
  -0.023     0.021    -0.0093    0.0045   -0.0064   -0.0089  
  -0.023     0.021    -0.0093    0.0045   -0.0064   -0.0089  
  -0.023     0.021    -0.0093    0.0045   -0.0064   -0.0089  
  -0.045     0.022    -0.0095    0.0044   -0.011    -0.0052  
   0.03      0.021    -0.0089    0.0047    0.0032   -0.021   
  -0.0073    0.021    -0.0092    0.0046   -0.0033   -0.011   
  -0.025     0.021    -0.0093    0.0045   -0.0065   -0.0094  
  -0.0072    0.021    -0.0092    0.0046   -0.0032   -0.01    
  -0.054     0.022    -0.0095    0.0044   -0.013    -0.0034  
  -0.023     0.021    -0.0093    0.0045   -0.0064   -0.0089  
  -0.023     0.021    -0.0093    0.0045   -0.0064   -0.0089  
   0.00054   0.017     2.7e-05   0.0044   -4.3e-05  -0.0021  
   0.00054   0.017     2.7e-05   0.0044   -4.3e-05  -0.0021  
   0.00054   0.017     2.5e-05   0.0044   -4.3e-05  -0.0021  
   0.00054   0.017     2.5e-05   0.0044   -4.3e-05  -0.0021  
   0.00054   0.017     2.5e-05   0.0044   -4.3e-05  -0.0021  
   0.00054   0.017     2.5e-05   0.0044   -4.3e-05  -0.0021  
   0.00054   0.017     2.5e-05   0.0044   -4.3e-05  -0.0021  
   4.3e-06  -2.2e-06   2e-07    -6.5e-07  -1e-06     2.8e-06 
  -0.0041    0.017     0.00019   0.0017    0.00042  -0.0011  
   4.5e-06  -2.5e-06   2e-07    -1.2e-06  -2.1e-06   3.5e-06 
   0.093    -0.29     -0.013    -0.0061   -0.0024    0.00056 
  -0.00022   0.0038    1e-06     0.0003    1.6e-05   1.4e-05 
   0.074    -0.28     -0.012    -0.01     -0.0032   -0.00049 
   0         0         0         0         0         0       
   0         0         0         0         0         0       
   0         0         0         0         0         0       
   0         0         0         0         0         0       
   8.9e-19  -1e-15    -1.4e-20  -9.1e-16   3e-20     3.1e-16 
   1.8e-15  -1.7e-15  -1.2e-19  -2.8e-16  -2.9e-16   2.2e-17 
   1.5e-15  -1.5e-15  -4.1e-19  -2.5e-16  -2.5e-16   3.7e-18 
   1.4e-15  -1.4e-15  -8.1e-19  -2.4e-16  -2.3e-16  -4.1e-18 

CDOF_DOT
   0         0         0         0         0         0       
   0         0         0         0         0         0       
   0         0         0         8.3e-05  -0.00034   0       
  -6.9e-05   2.2e-06   0         9.4e-07   3e-05     0.00034 
   6.9e-05  -2.2e-06   1.4e-19   0.0021   -8.1e-05  -0.0014  
  -6.9e-05   2.2e-06  -4.3e-19   0.0022   -6.9e-05   0.004   
   0.017    -0.00054   0.00042  -4.8e-05  -0.0044    0.00031 
  -2.7e-05   8.4e-07   1.5e-06   0.0021   -7.5e-05   0.011   
  -0.013     0.00044  -0.01     -0.0019    0.0024    0.0025  
  -0.01      0.00039   0.013     0.0026    0.0043    0.0017  
   0.00073  -2.2e-05   0.0011   -0.0024    5e-05     0.007   
  -0.012     0.00039  -0.012    -0.0023    0.0019    0.0026  
   0.00073  -2.2e-05   0.0011    0.0017   -0.00011   0.0026  
  -0.017     0.00059   0.00034   0.00015   0.0045    0.0036  
  -0.017     0.00059   0.00034   0.0003    0.0045    0.0042  
  -0.017     0.00059   0.00034   0.00033   0.0045    0.005   
  -0.017     0.00059   0.00034   0.00029   0.0045    0.0034  
  -0.017     0.00059   0.00034   0.00029   0.0045    0.0027  
   0.017    -0.00059  -0.00034  -0.00028  -0.0045   -0.0032  
  -0.017     0.00059   0.00034   0.0003    0.0045    0.0044  
   2.7e-05  -8.4e-07  -1.5e-06  -0.0021    7.5e-05  -0.011   
   0.027    -0.00086   0.0018   -0.00032  -0.00048   0.0062  
   0.0018   -0.00095  -0.027     0.0065   -0.0023    0.00071 
  -0.027    -0.021    -0.0015    0.0088    0.00042  -0.013   
   0.0076   -0.0017   -0.026     0.018     0.0091    0.012   
  -0.021    -0.022    -0.00018   0.0096    0.0056   -0.0064  
  -5.2e-05   0.0091    0.021    -0.00068   0.012     0.0028  
  -5.2e-05   0.0091    0.021     0.0018    0.013    -0.0017  
  -5.2e-05   0.0091    0.021     0.0029    0.015    -0.0022  
  -5.2e-05   0.0091    0.021     0.00075   0.012    -0.0017  
  -5.2e-05   0.0091    0.021     5.5e-06   0.011    -0.0019  
   5.2e-05  -0.0091   -0.021    -0.00044  -0.011     0.0016  
  -5.2e-05   0.0091    0.021     0.002     0.013    -0.0016  
   0.017    -0.00054   0.00042  -4.8e-05  -0.0044    0.00031 
  -2.5e-05   7.8e-07   1.5e-06   0.002    -7.7e-05   0.014   
   0         0         0         0         0         0       
   0         0         0         0         0         0       
   0         0         0         0         0         0       
  -0         0         0        -2.9e-06   1e-11    -2e-07   
  -0         0         0        -1e-11    -2.9e-06  -1.8e-07 
   0        -0         0        -1.8e-07   2e-07    -4.9e-13 
   0         0         0         0         0         0       
   0         0         0         0         0         0       
   0         0         0         0         0         0       
   0         0         0         0.00031  -0.0013   -1.3e-05 
  -0         0         0         0.0013    0.0003    0.00026 
   0        -0         0         4e-05    -0.00011   1.5e-06 
   0         0         0         0         0         0       
   0         0         0         0         0         0       
   0         0         0         0         0         0       
   0        -0         0        -2.1e-06   1.2e-06  -4.7e-12 
   0         0        -0         3.5e-06   3.7e-07   1.4e-06 
   0         0         0        -3.7e-07   3.5e-06   1.9e-06 
   0         0         0         0         0         0       
   0         0         0         0         0         0       
   0         0         0         0         0         0       
   0         0        -0         1e-05     0.0002    0.0011  
   0         0         0        -0.0002    1.2e-05  -0.0017  
   0        -0         0        -0.00098   0.0018   -1.6e-06 
   0         0         0         0         0         0       
   0         0         0         0         0         0       
   0         0         0         0         0         0       
   0         0        -0         1.6e-07   2e-06     2.6e-06 
   0         0         0        -2e-06     3.2e-07  -3.6e-06 
   0        -0         0        -2.1e-06   3.8e-06   3.2e-08 
   0         0         0         0         0         0       
   0         0         0         0         0         0       
   0         0         0         0         0         0       
   0         0        -0         3.1e-06   6.5e-05   0.00044 
   0         0         0        -6.5e-05   3.3e-06   0.00039 
   0        -0         0        -0.00045  -0.00036  -1.2e-07 
   0         0         0         0         0         0       
   0         0         0         0         0         0       
   0         0         0         0         0         0       
  -0         0         0        -3.1e-16  -5.3e-23  -6.4e-18 
   0         0         0        -1.3e-23  -3.1e-16   8.1e-19 
   0        -0         0         8.1e-19   6.4e-18  -4.1e-23 
   0         0         0         0         0         0       
   0         0         0         0         0         0       
   0         0         0         0         0         0       
   0        -0         0        -2.2e-17   2.4e-20  -1.8e-18 
  -0         0         0        -1.7e-20  -2.2e-17   1.1e-18 
   0        -0         0         1.4e-18   1.5e-18   4.1e-20 
   0         0         0         0         0         0       
   0         0         0         0         0         0       
   0         0         0         0         0         0       
   0        -0         0        -3.6e-18   1.9e-20  -1.3e-18 
  -0         0         0         2e-20    -3.6e-18  -1.5e-18 
   0        -0         0        -1.4e-18   1.2e-18  -1.7e-21 
   0         0         0         0         0         0       
   0         0         0         0         0         0       
   0         0         0         0         0         0       
   0        -0         0         4.2e-18   1.8e-20  -1.2e-18 
  -0         0         0        -1.7e-21   4.2e-18   1.5e-19 
   0        -0         0         8.8e-20   1.3e-18   2e-20   

QFRC_BIAS
  -0.0033  
  -0.00029 
  -0.00011 
   25      
   97      
  -9.7     
  -0.23    
   8.1     
   0.19    
  -0.48    
  -6.5     
  -0.067   
  -0.75    
  -0.029   
  -0.00036 
  -0.0001  
  -7.8e-05 
  -0.00011 
  -6.3e-06 
  -4.9e-05 
   20      
  -0.58    
   8.2     
   0.56    
   0.13    
   0.0005  
  -0.052   
  -0.0084  
   0.00018 
   0.0079  
  -0.0004  
  -0.0016  
  -0.0016  
  -0.00026 
  -0.02    
   7.9e-11 
   6.2e-11 
   2.2e+03 
   0.00076 
   43      
   7.6e-05 
   6.1e-06 
   2.2e-06 
   24      
  -0.049   
   0.22    
   0.0056  
  -2e-28   
   0       
   1.2     
   9.9e-32 
  -5.3e-32 
   3e-32   
  -1.1e-05 
   2e-06   
   0.9     
   0.0031  
   2.1e-05 
  -6.9e-06 
   1.3e-08 
   8.8e-10 
   2.8     
  -0.013   
   0.007   
   0.00013 
   1.9e-05 
   2.6e-05 
   1.5     
  -0.0055  
   0.0013  
   2.3e-06 
   2.8e-31 
   2.1e-33 
   1.5e+03 
   2.6     
  -8.4     
  -0.00011 
  -1.8e-36 
  -7.4e-37 
   0.16    
  -0.00037 
   0.00036 
   1e-05   
  -4.4e-36 
  -1.2e-36 
   0.16    
  -0.00037 
   0.00036 
   1e-05   
  -7.2e-36 
  -1e-36   
   0.16    
  -0.00037 
   0.00036 
   1e-05   

QFRC_SPRING
   0       
   0       
   0       
  -0.0039  
  -0.031   
  -0.026   
  -1.3e-06 
  -0.1     
   0.08    
   0.03    
   0.084   
   1.2e-05 
   0.04    
   7.4e-06 
   0       
   0       
   0       
   0       
  -1.6e-07 
   0       
  -0.028   
  -0.08    
  -0.1     
   0.067   
  -0.003   
   0.011   
  -0.077   
   0       
   0       
   0       
   0       
   0.00039 
   0       
  -3.1e-08 
  -0.013   
   0       
   0       
   0       
   0       
   0       
   0       
   0       
   0       
   0       
   0       
   0       
   0       
   0       
   0       
   0       
   0       
   0       
   0       
   0       
   0       
   0       
   0       
   0       
   0       
   0       
   0       
   0       
   0       
   0       
   0       
   0       
   0       
   0       
   0       
   0       
   0       
   0       
   0       
   0       
   0       
   0       
   0       
   0       
   0       
   0       
   0       
   0       
   0       
   0       
   0       
   0       
   0       
   0       
   0       
   0       
   0       
   0       
   0       
   0       
   0       

QFRC_DAMPER
  -0.00034 
  -8.3e-05 
  -6.9e-05 
  -0.0026  
   0.0039  
  -0.002   
   2.1e-05 
   6.8e-05 
  -4.6e-05 
  -2.3e-06 
   1.7e-05 
   2.8e-07 
  -5.8e-06 
  -1e-07   
   0       
   0       
   0       
   0       
  -2.1e-07 
   0       
   0.0051  
   0.00046 
   0.011   
  -0.0027  
   0.003   
  -0.00076 
  -0.00086 
   0       
   0       
   0       
   0       
  -0.013   
   0       
   9.5e-07 
  -1.7e-06 
   0       
   0       
   0       
   0       
   0       
   0       
   0       
   0       
   0       
   0       
   0       
   0       
   0       
   0       
   0       
   0       
   0       
   0       
   0       
   0       
   0       
   0       
   0       
   0       
   0       
   0       
   0       
   0       
   0       
   0       
   0       
   0       
   0       
   0       
   0       
   0       
   0       
   0       
   0       
   0       
   0       
   0       
   0       
   0       
   0       
   0       
   0       
   0       
   0       
   0       
   0       
   0       
   0       
   0       
   0       
   0       
   0       
   0       
   0       
   0       

QFRC_GRAVCOMP
   0       
   0       
   0       
   0       
   0       
   0       
   0       
   0       
   0       
   0       
   0       
   0       
   0       
   0       
   0       
   0       
   0       
   0       
   0       
   0       
   0       
   0       
   0       
   0       
   0       
   0       
   0       
   0       
   0       
   0       
   0       
   0       
   0       
   0       
   0       
   0       
   0       
   0       
   0       
   0       
   0       
   0       
   0       
   0       
   0       
   0       
   0       
   0       
   0       
   0       
   0       
   0       
   0       
   0       
   0       
   0       
   0       
   0       
   0       
   0       
   0       
   0       
   0       
   0       
   0       
   0       
   0       
   0       
   0       
   0       
   0       
   0       
   0       
   0       
   0       
   0       
   0       
   0       
   0       
   0       
   0       
   0       
   0       
   0       
   0       
   0       
   0       
   0       
   0       
   0       
   0       
   0       
   0       
   0       
   0       

QFRC_FLUID
  -5.4e-05 
   7.8e-06 
   2.2e-05 
  -0.00022 
   0.00022 
  -0.0002  
   2.1e-05 
  -3.1e-05 
  -1e-07   
   7e-07   
  -3.3e-05 
  -2.5e-06 
  -3.3e-05 
  -1.4e-06 
  -7.5e-10 
   2.7e-12 
   6.4e-10 
  -3.8e-11 
  -2.6e-10 
  -2.8e-10 
   4.6e-05 
   2e-05   
   5.4e-05 
  -1.7e-05 
  -2.6e-05 
  -1.7e-05 
  -4.6e-05 
  -6.7e-09 
  -2.4e-10 
   3.9e-09 
  -6e-10   
  -1.7e-09 
  -2.4e-09 
  -6.4e-08 
  -4.7e-05 
   7.7e-11 
   1.2e-10 
  -3.3e-10 
   5e-11   
   8.6e-11 
  -1.6e-12 
  -9.8e-08 
  -2.5e-08 
   6.7e-08 
   2.3e-10 
  -4e-08   
  -5.8e-10 
   1.1e-11 
   1.9e-11 
  -3.3e-11 
  -1.5e-15 
  -2.3e-14 
  -3.3e-14 
   6.2e-08 
   2.5e-08 
  -5.7e-09 
  -1.5e-09 
   3.7e-09 
  -7.7e-11 
  -5.6e-09 
  -2.9e-10 
  -2.7e-10 
   1.1e-10 
  -6.7e-10 
  -9e-12   
   1.9e-07 
   6e-08   
   8.9e-09 
  -7.7e-09 
   2.3e-08 
   1.3e-09 
   2.3e-19 
  -7.6e-24 
  -7.9e-20 
   3.5e-19 
   5.8e-22 
  -1.3e-21 
   1.4e-20 
   1.4e-20 
  -1e-21   
   4e-21   
   4.1e-21 
   6.1e-23 
   1.2e-20 
   1.2e-20 
  -1.8e-22 
   3.6e-21 
   3.6e-21 
   5.4e-23 
   1.2e-20 
   1.1e-20 
   2e-22   
   3.4e-21 
   3.4e-21 
   5e-23   

QFRC_PASSIVE
  -0.0004  
  -7.5e-05 
  -4.7e-05 
  -0.0067  
  -0.027   
  -0.028   
   4.1e-05 
  -0.1     
   0.08    
   0.03    
   0.084   
   1e-05   
   0.039   
   5.9e-06 
  -7.5e-10 
   2.7e-12 
   6.4e-10 
  -3.8e-11 
  -3.7e-07 
  -2.8e-10 
  -0.023   
  -0.08    
  -0.093   
   0.064   
  -1.6e-05 
   0.01    
  -0.078   
  -6.7e-09 
  -2.4e-10 
   3.9e-09 
  -6e-10   
  -0.012   
  -2.4e-09 
   8.5e-07 
  -0.013   
   7.7e-11 
   1.2e-10 
  -3.3e-10 
   5e-11   
   8.6e-11 
  -1.6e-12 
  -9.8e-08 
  -2.5e-08 
   6.7e-08 
   2.3e-10 
  -4e-08   
  -5.8e-10 
   1.1e-11 
   1.9e-11 
  -3.3e-11 
  -1.5e-15 
  -2.3e-14 
  -3.3e-14 
   6.2e-08 
   2.5e-08 
  -5.7e-09 
  -1.5e-09 
   3.7e-09 
  -7.7e-11 
  -5.6e-09 
  -2.9e-10 
  -2.7e-10 
   1.1e-10 
  -6.7e-10 
  -9e-12   
   1.9e-07 
   6e-08   
   8.9e-09 
  -7.7e-09 
   2.3e-08 
   1.3e-09 
   2.3e-19 
  -7.6e-24 
  -7.9e-20 
   3.5e-19 
   5.8e-22 
  -1.3e-21 
   1.4e-20 
   1.4e-20 
  -1e-21   
   4e-21   
   4.1e-21 
   6.1e-23 
   1.2e-20 
   1.2e-20 
  -1.8e-22 
   3.6e-21 
   3.6e-21 
   5.4e-23 
   1.2e-20 
   1.1e-20 
   2e-22   
   3.4e-21 
   3.4e-21 
   5e-23   

EFC_VEL
   2.5e-05 
   1.9e-05 
   2.4e-05 
   5.8e-05 
   4.7e-05 
  -0.015   
   0.0087  
   2.9e-05 
  -0.044   
  -0.0021  
   0.00034 
   8.3e-05 
   6.9e-05 
   0.0051  
  -0.0078  
   0.0041  
  -4.2e-05 
  -0.00014 
   9.1e-05 
   4.6e-06 
  -3.5e-05 
  -5.6e-07 
   1.2e-05 
   2.1e-07 
   2.7e-07 
  -0.01    
  -0.00092 
  -0.021   
   0.0055  
  -0.0059  
   0.0015  
   0.0017  
   0.016   
  -1.9e-06 
   3.3e-06 
   2.5e-05 
   0.016   
   1.5e-06 
  -3.3e-08 
   6.5e-08 
   5.3e-06 
  -3.3e-08 
   2.4e-07 
   2.7e-07 
  -1.4e-07 
   6.5e-08 
   4.1e-06 
  -1.4e-07 
   2.4e-07 
   1.5e-06 
  -3.3e-08 
   6.5e-08 
   5.3e-06 
  -3.3e-08 
   2.4e-07 
   2.7e-07 
  -1.4e-07 
   6.5e-08 
   4.1e-06 
  -1.4e-07 
   2.4e-07 
   6.2e-16 
   8.1e-19 
   5.9e-19 
   9.6e-18 
   8.2e-19 
   5.7e-19 
   6.2e-16 
   8.1e-19 
   5.7e-19 
   8.5e-18 
   8.2e-19 
   5.9e-19 
   6.2e-16 
   8.1e-19 
   5.9e-19 
   9.6e-18 
   8.2e-19 
   5.7e-19 
   6.2e-16 
   8.1e-19 
   5.7e-19 
   8.5e-18 
   8.2e-19 
   5.9e-19 
   1e-17   
   2.2e-18 
   7.3e-19 
   1.7e-17 
   2.2e-18 
   7.2e-19 
   1.9e-17 
   2.2e-18 
   7.2e-19 
   2.2e-16 
   2.2e-18 
   7.6e-19 
   4.1e-18 
   2.2e-18 
   7.4e-19 
   1e-17   
   2.2e-18 
   7.3e-19 
   1.7e-17 
   2.2e-18 
   7.2e-19 
   1.9e-17 
   2.2e-18 
   7.2e-19 
   2.2e-16 
   2.2e-18 
   7.6e-19 
   4.1e-18 
   2.2e-18 
   7.4e-19 
  -4.6e-18 
  -5.3e-19 
   3.4e-19 
  -2.4e-18 
  -4.9e-19 
   3e-19   
  -5.5e-19 
  -4.9e-19 
   3e-19   
   1.8e-16 
  -5.7e-19 
   3.4e-19 
  -9.9e-18 
  -5.4e-19 
   3.5e-19 
  -4.6e-18 
  -5.3e-19 
   3.4e-19 
  -2.4e-18 
  -4.9e-19 
   3e-19   
  -5.5e-19 
  -4.9e-19 
   3e-19   
   1.8e-16 
  -5.7e-19 
   3.4e-19 
  -9.9e-18 
  -5.4e-19 
   3.5e-19 
  -1e-17   
   1e-18   
   3.4e-19 
  -1.2e-17 
   1.1e-18 
   2.4e-19 
  -1e-17   
   1.1e-18 
   2.4e-19 
   1.7e-16 
   9.8e-19 
   2.8e-19 
  -1.5e-17 
   1e-18   
   3.4e-19 
  -1e-17   
   1e-18   
   3.4e-19 
  -1.2e-17 
   1.1e-18 
   2.4e-19 
  -1e-17   
   1.1e-18 
   2.4e-19 
   1.7e-16 
   9.8e-19 
   2.8e-19 
  -1.5e-17 
   1e-18   
   3.4e-19 
   0.00083 
   0.0056  
  -0.026   
   0.00085 
   0.0055  
  -0.026   
   0.00026 
  -1.5e-05 
   4e-05   
   0.00032 
  -1.6e-05 
   4e-05   
   0.0003  
  -7.9e-06 
   8.7e-06 
   0.00032 
  -1.5e-05 
   3.7e-05 
   0.00027 
  -1.4e-05 
   3.6e-05 
   0.00035 
  -8.4e-06 
   8.3e-06 
   6.6e-10 
  -4e-10   
   3.5e-10 
   1.2e-08 
  -4e-10   
   3.5e-10 
   1.6e-08 
  -4e-10   
   3.5e-10 
   2.8e-08 
  -4e-10   
   3.5e-10 
   4.8e-06 
  -4.2e-08 
   3.6e-07 
   5.3e-05 
  -4.7e-08 
   2.7e-07 
  -8.8e-06 
  -3.6e-08 
   3e-07   
  -0.011   
  -9.8e-05 
  -1.2e-05 
  -0.011   
  -9.8e-05 
  -9.3e-06 
  -0.00031 
  -9e-05   
  -5.9e-06 
  -0.0005  
   0.00037 
  -4e-05   
  -0.00034 
  -4.5e-06 
   6.6e-06 
  -0.00024 
  -8.8e-05 
  -9.3e-06 
   0.00024 
  -6.6e-06 
  -2.6e-05 
  -1.8e-05 
   5.4e-06 
  -0.00011 
   2.2e-05 
  -8.5e-05 
   8.2e-05 
  -2.3e-06 
  -0.00018 
  -2.1e-05 
   0.0005  
  -0.00012 
   1.4e-05 
  -0.00059 
   0.00026 
  -4e-05   
   8.4e-05 
  -8.5e-05 
  -2.7e-05 
  -8.4e-05 
  -0.00012 
  -2.3e-05 

EFC_AREF
   0.5     
   0.57    
  -0.083   
  -1.2     
   1.3     
  -6.7e+02 
  -1.2e+03 
   14      
   8e+02   
  -2.2     
  -0.036   
  -0.0087  
  -0.0073  
  -0.54    
   0.82    
  -0.43    
   0.0045  
   0.014   
  -0.0096  
  -0.00048 
   0.0037  
   5.9e-05 
  -0.0012  
  -2.2e-05 
  -2.8e-05 
   1.1     
   0.096   
   2.3     
  -0.58    
   0.62    
  -0.16    
  -0.18    
  -1.7     
   0.0002  
  -0.00035 
   0.011   
   19      
   0.14    
   3.5e-06 
  -6.9e-06 
   0.14    
   3.5e-06 
  -2.5e-05 
   0.14    
   1.5e-05 
  -6.9e-06 
   0.14    
   1.5e-05 
  -2.5e-05 
   0.14    
   3.5e-06 
  -6.9e-06 
   0.14    
   3.5e-06 
  -2.5e-05 
   0.14    
   1.5e-05 
  -6.9e-06 
   0.14    
   1.5e-05 
  -2.5e-05 
   0.12    
  -8.5e-17 
  -6.2e-17 
   0.13    
  -8.6e-17 
  -6e-17   
   0.15    
  -8.5e-17 
  -6e-17   
   0.15    
  -8.6e-17 
  -6.2e-17 
   0.12    
  -8.5e-17 
  -6.2e-17 
   0.13    
  -8.6e-17 
  -6e-17   
   0.15    
  -8.5e-17 
  -6e-17   
   0.15    
  -8.6e-17 
  -6.2e-17 
   0.15    
  -2.3e-16 
  -7.7e-17 
   0.13    
  -2.3e-16 
  -7.6e-17 
   0.12    
  -2.3e-16 
  -7.6e-17 
   0.024   
  -2.3e-16 
  -8e-17   
   0.12    
  -2.3e-16 
  -7.8e-17 
   0.15    
  -2.3e-16 
  -7.7e-17 
   0.13    
  -2.3e-16 
  -7.6e-17 
   0.12    
  -2.3e-16 
  -7.6e-17 
   0.024   
  -2.3e-16 
  -8e-17   
   0.12    
  -2.3e-16 
  -7.8e-17 
   0.15    
   5.6e-17 
  -3.6e-17 
   0.13    
   5.1e-17 
  -3.1e-17 
   0.12    
   5.2e-17 
  -3.2e-17 
   0.024   
   6e-17   
  -3.5e-17 
   0.12    
   5.7e-17 
  -3.7e-17 
   0.15    
   5.6e-17 
  -3.6e-17 
   0.13    
   5.1e-17 
  -3.1e-17 
   0.12    
   5.2e-17 
  -3.2e-17 
   0.024   
   6e-17   
  -3.5e-17 
   0.12    
   5.7e-17 
  -3.7e-17 
   0.15    
  -1.1e-16 
  -3.5e-17 
   0.13    
  -1.2e-16 
  -2.5e-17 
   0.12    
  -1.2e-16 
  -2.6e-17 
   0.024   
  -1e-16   
  -3e-17   
   0.12    
  -1.1e-16 
  -3.6e-17 
   0.15    
  -1.1e-16 
  -3.5e-17 
   0.13    
  -1.2e-16 
  -2.5e-17 
   0.12    
  -1.2e-16 
  -2.6e-17 
   0.024   
  -1e-16   
  -3e-17   
   0.12    
  -1.1e-16 
  -3.6e-17 
   0.51    
  -2.4     
   11      
   5.6     
  -2.3     
   11      
   0.12    
   0.0016  
  -0.0042  
   0.44    
   0.0017  
  -0.0043  
   0.15    
   0.00083 
  -0.00092 
   0.44    
   0.0016  
  -0.0039  
   0.16    
   0.0015  
  -0.0038  
   0.17    
   0.00088 
  -0.00087 
   0.13    
   7.9e-08 
  -6.9e-08 
   0.13    
   7.9e-08 
  -6.9e-08 
   0.13    
   7.9e-08 
  -6.9e-08 
   0.13    
   7.9e-08 
  -6.9e-08 
   0.45    
   4.4e-06 
  -3.7e-05 
   0.27    
   5e-06   
  -2.8e-05 
   0.33    
   3.8e-06 
  -3.2e-05 
   6.9     
   0.01    
   0.0013  
   6.9     
   0.01    
   0.00098 
   0.47    
   0.0095  
   0.00062 
   18      
  -0.039   
   0.0042  
   0.22    
   0.00048 
  -0.00069 
   0.87    
   0.0093  
   0.00098 
   0.16    
   0.00069 
   0.0028  
   37      
  -0.00056 
   0.012   
   37      
   0.009   
  -0.0086  
   20      
   0.019   
   0.0023  
   9.1     
   0.012   
  -0.0014  
   20      
  -0.027   
   0.0042  
   0.71    
   0.0089  
   0.0028  
   9.2     
   0.012   
   0.0025  

SUBTREE_LINVEL
   0         0         0       
   0         0         0       
   0         0         0       
   0         0         0       
   0         0         0       
   0         0         0       
   0         0         0       
   0         0         0       
   0         0         0       
   0         0         0       
   0         0         0       
   0         0         0       
   0         0         0       
   0         0         0       
   0         0         0       
   0         0         0       
   0         0         0       
   0         0         0       
   0         0         0       
   0         0         0       
   0         0         0       
   0         0         0       
   0         0         0       
   0         0         0       
   0         0         0       
   0         0         0       
   0         0         0       
   0         0         0       
   0         0         0       
   0         0         0       
   0         0         0       
   0         0         0       
   0         0         0       
   0         0         0       
   0         0         0       
   0         0         0       
   0         0         0       
   0         0         0       
   0         0         0       
   0         0         0       
   0         0         0       
   0         0         0       
   0         0         0       
   0         0         0       
   0         0         0       
   0         0         0       
   0         0         0       
   0         0         0       
   0         0         0       
   0         0         0       
   0         0         0       
   0         0         0       
   0         0         0       
   0         0         0       
   0         0         0       
   0         0         0       
   0         0         0       
   0         0         0       
   0         0         0       
   0         0         0       
   0         0         0       
   0         0         0       
   0         0         0       
   0         0         0       
   0         0         0       
   0         0         0       
   0         0         0       
   0         0         0       
   0         0         0       
   0         0         0       
   0         0         0       
   0         0         0       
   0         0         0       
   0         0         0       

SUBTREE_ANGMOM
   0         0         0       
   0         0         0       
   0         0         0       
   0         0         0       
   0         0         0       
   0         0         0       
   0         0         0       
   0         0         0       
   0         0         0       
   0         0         0       
   0         0         0       
   0         0         0       
   0         0         0       
   0         0         0       
   0         0         0       
   0         0         0       
   0         0         0       
   0         0         0       
   0         0         0       
   0         0         0       
   0         0         0       
   0         0         0       
   0         0         0       
   0         0         0       
   0         0         0       
   0         0         0       
   0         0         0       
   0         0         0       
   0         0         0       
   0         0         0       
   0         0         0       
   0         0         0       
   0         0         0       
   0         0         0       
   0         0         0       
   0         0         0       
   0         0         0       
   0         0         0       
   0         0         0       
   0         0         0       
   0         0         0       
   0         0         0       
   0         0         0       
   0         0         0       
   0         0         0       
   0         0         0       
   0         0         0       
   0         0         0       
   0         0         0       
   0         0         0       
   0         0         0       
   0         0         0       
   0         0         0       
   0         0         0       
   0         0         0       
   0         0         0       
   0         0         0       
   0         0         0       
   0         0         0       
   0         0         0       
   0         0         0       
   0         0         0       
   0         0         0       
   0         0         0       
   0         0         0       
   0         0         0       
   0         0         0       
   0         0         0       
   0         0         0       
   0         0         0       
   0         0         0       
   0         0         0       
   0         0         0       
   0         0         0       

ACTUATOR_FORCE
   24      
   94      
  -7.4     
  -0.29    
  -0.00012 
  -0.0073  
   15      
   0.52    
   4.3     
  -1.6     
   1.3     
  -0.46    
   1.4     
   8.2     
   0.072   
  -0.51    
  -6.6     
  -0.066   
  -0.79    
  -0.029   
  -0.0093  
  -0.00033 
  -0.34    
  -0.083   
  -0.069   

QFRC_ACTUATOR
  -0.34    
  -0.083   
  -0.069   
   24      
   94      
  -7.4     
  -0.29    
   8.2     
   0.072   
  -0.51    
  -6.6     
  -0.066   
  -0.79    
  -0.029   
   0       
   0       
   0       
   0       
  -0.00033 
   0       
   15      
   0.52    
   4.3     
  -1.6     
   1.3     
  -0.46    
   1.4     
   0       
   0       
   0       
   0       
  -0.0093  
   0       
  -0.00012 
  -0.0073  
   0       
   0       
   0       
   0       
   0       
   0       
   0       
   0       
   0       
   0       
   0       
   0       
   0       
   0       
   0       
   0       
   0       
   0       
   0       
   0       
   0       
   0       
   0       
   0       
   0       
   0       
   0       
   0       
   0       
   0       
   0       
   0       
   0       
   0       
   0       
   0       
   0       
   0       
   0       
   0       
   0       
   0       
   0       
   0       
   0       
   0       
   0       
   0       
   0       
   0       
   0       
   0       
   0       
   0       
   0       
   0       
   0       
   0       
   0       
   0       

QFRC_SMOOTH
  -0.34    
  -0.083   
  -0.069   
  -1       
  -3.3     
   2.3     
  -0.061   
   0.026   
  -0.043   
  -0.00023 
   0.0015  
   0.00014 
  -0.0026  
  -0.00011 
   0.00036 
   0.0001  
   7.8e-05 
   0.00011 
  -0.00033 
   4.9e-05 
  -4.5     
   1       
  -4       
  -2.1     
   1.2     
  -0.46    
   1.4     
   0.0084  
  -0.00018 
  -0.0079  
   0.0004  
  -0.02    
   0.0016  
   0.00015 
  -0.00023 
  -2.1e-12 
   6.2e-11 
  -2.2e+03 
  -0.00076 
  -43      
  -7.6e-05 
  -6.2e-06 
  -2.3e-06 
  -24      
   0.049   
  -0.22    
  -0.0056  
   1.1e-11 
   1.9e-11 
  -1.2     
  -1.5e-15 
  -2.3e-14 
  -3.3e-14 
   1.1e-05 
  -2e-06   
  -0.9     
  -0.0031  
  -2.1e-05 
   6.9e-06 
  -1.9e-08 
  -1.2e-09 
  -2.8     
   0.013   
  -0.007   
  -0.00013 
  -1.9e-05 
  -2.6e-05 
  -1.5     
   0.0055  
  -0.0013  
  -2.3e-06 
   2.3e-19 
  -7.6e-24 
  -1.5e+03 
  -2.6     
   8.4     
   0.00011 
   1.4e-20 
   1.4e-20 
  -0.16    
   0.00037 
  -0.00036 
  -1e-05   
   1.2e-20 
   1.2e-20 
  -0.16    
   0.00037 
  -0.00036 
  -1e-05   
   1.2e-20 
   1.1e-20 
  -0.16    
   0.00037 
  -0.00036 
  -1e-05   

QACC_SMOOTH
   0.36    
   0.077   
   0.12    
  -0.73    
   0.33    
   1       
   0.34    
  -0.27    
  -0.047   
   0.17    
   0.16    
   0.29    
  -0.068   
  -0.07    
   6.9     
   9.3     
  -1.9     
   24      
  -0.33    
   10      
   0.96    
   3.6     
  -13      
   7.2     
   1.1e+02 
  -1.1e+02 
   1.3e+02 
  -1.7e+02 
  -9.5e+02 
  -4.4e+02 
  -5.1e+02 
  -18      
  -3e+02   
  -0.16    
  -0.038   
  -7.2e-13 
  -4e-13   
  -9.8     
   4e-12   
   3.4e-12 
  -4.4e-12 
  -2.4e-06 
  -1.1e-06 
  -9.8     
  -2.1e-06 
  -7.5e-07 
  -9e-07   
   9.1e-11 
   1.6e-10 
  -9.8     
  -3e-11   
  -4.5e-10 
  -6.4e-10 
   0.00023 
  -2.9e-05 
  -9.8     
  -7.9e-05 
  -0.0012  
   0.026   
  -2.7e-08 
   6.9e-08 
  -9.8     
   9.7e-07 
  -3.4e-07 
  -1.7e-06 
  -0.00011 
  -0.00021 
  -9.8     
  -0.0011  
  -0.00013 
  -0.003   
  -1.9e-17 
  -1.6e-20 
  -9.8     
   1.7e-17 
   6.9e-18 
  -2.9e-19 
   6.5e-17 
  -3.7e-20 
  -9.8     
  -3.3e-16 
   0       
   0       
   3.2e-17 
  -1.9e-20 
  -9.8     
   0       
   0       
   0       
  -1.9e-20 
   3.3e-17 
  -9.8     
   0       
  -2.2e-16 
   2.8e-17 

EFC_B
  -11      
  -7.8     
  -2.1     
   10      
  -25      
   9.5e+02 
   1e+03   
  -4.7e+02 
  -2e+03   
   4.9e+02 
   0.39    
   0.085   
   0.13    
  -0.19    
  -0.49    
   1.5     
   0.34    
  -0.29    
  -0.038   
   0.17    
   0.15    
   0.29    
  -0.067   
  -0.07    
  -0.33    
  -0.12    
   3.5     
  -15      
   7.8     
   1.1e+02 
  -1.1e+02 
   1.4e+02 
  -16      
  -0.16    
  -0.037   
  -10      
  -37      
  -9.9     
  -3.5e-06 
   6.9e-06 
  -9.9     
  -3.5e-06 
   2.5e-05 
  -9.9     
  -1.5e-05 
   6.9e-06 
  -10      
  -1.5e-05 
   2.5e-05 
  -9.9     
  -3.5e-06 
   6.9e-06 
  -9.9     
  -3.5e-06 
   2.5e-05 
  -9.9     
  -1.5e-05 
   6.9e-06 
  -10      
  -1.5e-05 
   2.5e-05 
  -9.9     
   8.5e-17 
   8.1e-17 
  -9.9     
   8.6e-17 
   7.9e-17 
  -10      
   8.5e-17 
   7.9e-17 
  -10      
   8.6e-17 
   8.1e-17 
  -9.9     
   8.5e-17 
   8.1e-17 
  -9.9     
   8.6e-17 
   7.9e-17 
  -10      
   8.5e-17 
   7.9e-17 
  -10      
   8.6e-17 
   8.1e-17 
  -10      
   2.3e-16 
   1.2e-17 
  -9.9     
   2.3e-16 
   1e-17   
  -9.9     
   2.3e-16 
   1.1e-17 
  -9.8     
   2.3e-16 
   1.5e-17 
  -9.9     
   2.3e-16 
   1.3e-17 
  -10      
   2.3e-16 
   1.2e-17 
  -9.9     
   2.3e-16 
   1e-17   
  -9.9     
   2.3e-16 
   1.1e-17 
  -9.8     
   2.3e-16 
   1.5e-17 
  -9.9     
   2.3e-16 
   1.3e-17 
  -10      
  -5.6e-17 
   3.5e-18 
  -9.9     
  -5.1e-17 
  -1.2e-18 
  -9.9     
  -5.2e-17 
  -8.6e-19 
  -9.8     
  -6e-17   
   2.8e-18 
  -9.9     
  -5.7e-17 
   4.4e-18 
  -10      
  -5.6e-17 
   3.5e-18 
  -9.9     
  -5.1e-17 
  -1.2e-18 
  -9.9     
  -5.2e-17 
  -8.6e-19 
  -9.8     
  -6e-17   
   2.8e-18 
  -9.9     
  -5.7e-17 
   4.4e-18 
  -10      
   1.4e-16 
   3.3e-17 
  -9.9     
   1.5e-16 
   2.7e-17 
  -9.9     
   1.5e-16 
   2.8e-17 
  -9.8     
   1.4e-16 
   3.1e-17 
  -9.9     
   1.4e-16 
   3.4e-17 
  -10      
   1.4e-16 
   3.3e-17 
  -9.9     
   1.5e-16 
   2.7e-17 
  -9.9     
   1.5e-16 
   2.8e-17 
  -9.8     
   1.4e-16 
   3.1e-17 
  -9.9     
   1.4e-16 
   3.4e-17 
  -26      
  -44      
  -6.7     
  -31      
  -47      
  -6.5     
  -0.12    
  -0.0016  
   0.0042  
  -0.44    
  -0.0017  
   0.0043  
  -0.15    
  -0.00083 
   0.00092 
  -0.44    
  -0.0016  
   0.0039  
  -0.16    
  -0.0015  
   0.0038  
  -0.17    
  -0.00088 
   0.00088 
  -0.13    
  -7.9e-08 
   6.9e-08 
  -0.13    
  -7.9e-08 
   6.9e-08 
  -0.13    
  -7.9e-08 
   6.9e-08 
  -0.13    
  -7.9e-08 
   6.9e-08 
  -0.45    
  -4.4e-06 
   3.7e-05 
  -0.27    
  -4.9e-06 
   2.8e-05 
  -0.33    
  -3.7e-06 
   3.2e-05 
  -6.9     
  -0.01    
  -0.0012  
  -6.9     
  -0.01    
  -0.00087 
  -0.47    
  -0.0084  
  -0.001   
  -18      
   0.041   
  -0.0037  
  -0.22    
  -0.0017  
  -3.8e-05 
  -0.87    
  -0.0082  
  -0.0013  
  -0.17    
  -0.0018  
  -0.0026  
  -37      
  -0.00091 
  -0.01    
  -37      
  -0.0079  
   0.0067  
  -20      
  -0.017   
  -0.0022  
  -9.1     
  -0.01    
   0.0016  
  -20      
   0.029   
  -0.0036  
  -0.71    
  -0.0079  
  -0.0027  
  -9.2     
  -0.01    
  -0.0023  

EFC_FORCE
   5.2e-05 
   0.00038 
  -6.9e-05 
  -0.0001  
   0.00011 
  -0.36    
  -0.56    
   0.0079  
   0.19    
   0.00041 
  -6.5     
  -3.2     
  -0.19    
  -0.5     
   0.5     
  -0.5     
   0.045   
   0.00072 
   0.035   
   0.00023 
   0.0036  
  -0.00024 
   0.0015  
  -1.6e-05 
  -4.1e-05 
   0.048   
   0.39    
   0.064   
  -0.5     
  -0.021   
   0.008   
   0.059   
  -0.0075  
  -7.6e-05 
   7.1e-05 
   5.2e-07 
   0.38    
   2.7e+02 
   0.11    
  -0.46    
   2.7e+02 
   0.11    
  -1.2     
   2.8e+02 
   0.58    
  -0.46    
   2.8e+02 
   0.58    
  -1.2     
   2.7e+02 
   0.11    
  -0.46    
   2.7e+02 
   0.11    
  -1.2     
   2.8e+02 
   0.58    
  -0.46    
   2.8e+02 
   0.58    
  -1.2     
   1.7e+02 
   3.3e-15 
  -4.1e-13 
   1.7e+02 
   5e-15   
  -4.1e-13 
   2e+02   
   3.3e-15 
  -4e-13   
   2e+02   
   5e-15   
  -4e-13   
   1.7e+02 
   3.3e-15 
  -4.1e-13 
   1.7e+02 
   5e-15   
  -4.1e-13 
   2e+02   
   3.3e-15 
  -4e-13   
   2e+02   
   5e-15   
  -4e-13   
   0.021   
  -4.1e-18 
   4e-18   
   0.019   
  -2.4e-18 
   2.3e-18 
   0.017   
  -1.1e-18 
   1.1e-18 
   0.0034  
   8.9e-18 
  -8.9e-18 
   0.017   
  -1.4e-18 
   1.4e-18 
   0.021   
  -4.1e-18 
   4e-18   
   0.019   
  -2.4e-18 
   2.3e-18 
   0.017   
  -1.1e-18 
   1.1e-18 
   0.0034  
   8.9e-18 
  -8.9e-18 
   0.017   
  -1.4e-18 
   1.4e-18 
   0.021   
  -3.6e-18 
   3.6e-18 
   0.019   
  -2.1e-18 
   2.1e-18 
   0.017   
  -9.6e-19 
   9.6e-19 
   0.0034  
   7.8e-18 
  -7.9e-18 
   0.017   
  -1.3e-18 
   1.3e-18 
   0.021   
  -3.6e-18 
   3.6e-18 
   0.019   
  -2.1e-18 
   2.1e-18 
   0.017   
  -9.6e-19 
   9.6e-19 
   0.0034  
   7.8e-18 
  -7.9e-18 
   0.017   
  -1.3e-18 
   1.3e-18 
   0.021   
  -3.4e-18 
   3.4e-18 
   0.019   
  -2e-18   
   2e-18   
   0.017   
  -9.2e-19 
   9.5e-19 
   0.0034  
   7.3e-18 
  -7.5e-18 
   0.017   
  -1.1e-18 
   1.2e-18 
   0.021   
  -3.4e-18 
   3.4e-18 
   0.019   
  -2e-18   
   2e-18   
   0.017   
  -9.2e-19 
   9.5e-19 
   0.0034  
   7.3e-18 
  -7.5e-18 
   0.017   
  -1.1e-18 
   1.2e-18 
   2.9     
  -0.73    
   2.8     
   4.3     
  -1.1     
   4.1     
   0       
   0       
   0       
   6.3     
   0.61    
  -1.5     
   8.4     
   0.45    
  -0.65    
   7.3     
   0.58    
  -1.4     
   0.73    
   0.61    
  -1.3     
   9.2     
   0.46    
  -0.64    
   0.31    
   2.7e-06 
   8.4e-06 
   0.31    
   2.7e-06 
   8.4e-06 
   0.31    
   2.7e-06 
   8.4e-06 
   0.31    
   2.7e-06 
   8.4e-06 
   1.2     
   0.00034 
  -0.0019  
   0.7     
   0.00039 
  -0.0013  
   0.87    
   0.00025 
  -0.0016  
   1.3     
   0.025   
  -0.59    
   1.3     
   0.021   
  -0.7     
   0       
   0       
   0       
   18      
   18      
  -0.95    
   0       
   0       
   0       
   0.14    
  -0.12    
  -0.071   
   0.47    
  -0.33    
  -0.33    
   40      
  -1.3     
  -6.3     
   41      
  -2       
   4.6     
   21      
  -10      
  -1.2     
   12      
  -6.8     
   0.97    
   20      
   17      
  -1.2     
   0.57    
  -0.47    
  -0.31    
   9.9     
  -6.8     
  -1.3     

EFC_STATE
  1
  1
  1
  1
  1
  1
  1
  1
  1
  1
  1
  1
  1
  3
  2
  3
  1
  1
  1
  1
  1
  1
  1
  1
  1
  1
  1
  1
  3
  1
  1
  1
  1
  1
  1
  1
  1
  1
  1
  1
  1
  1
  1
  1
  1
  1
  1
  1
  1
  1
  1
  1
  1
  1
  1
  1
  1
  1
  1
  1
  1
  1
  1
  1
  1
  1
  1
  1
  1
  1
  1
  1
  1
  1
  1
  1
  1
  1
  1
  1
  1
  1
  1
  1
  1
  1
  1
  1
  1
  1
  1
  1
  1
  1
  1
  1
  1
  1
  1
  1
  1
  1
  1
  1
  1
  1
  1
  1
  1
  1
  1
  1
  1
  1
  1
  1
  1
  1
  1
  1
  1
  1
  1
  1
  1
  1
  1
  1
  1
  1
  1
  1
  1
  1
  1
  1
  1
  1
  1
  1
  1
  1
  1
  1
  1
  1
  1
  1
  1
  1
  1
  1
  1
  1
  1
  1
  1
  1
  1
  1
  1
  1
  1
  1
  1
  1
  1
  1
  1
  1
  1
  1
  1
  1
  1
  4
  4
  4
  4
  4
  4
  0
  0
  0
  1
  1
  1
  1
  1
  1
  1
  1
  1
  1
  1
  1
  1
  1
  1
  1
  1
  1
  1
  1
  1
  1
  1
  1
  1
  1
  1
  1
  1
  1
  1
  1
  1
  1
  1
  1
  1
  1
  1
  1
  1
  1
  0
  0
  0
  4
  4
  4
  0
  0
  0
  4
  4
  4
  4
  4
  4
  1
  1
  1
  1
  1
  1
  1
  1
  1
  1
  1
  1
  1
  1
  1
  4
  4
  4
  1
  1
  1

QFRC_CONSTRAINT
  -0.8     
   0.22    
   0.18    
   0.069   
   4.1     
  -2.7     
   0.16    
   0.00072 
   0.035   
   0.00023 
   0.0036  
  -0.00024 
   0.0015  
  -1.6e-05 
  -0.00038 
  -0.0001  
  -6.9e-05 
  -0.00011 
   0.00033 
  -5.2e-05 
   4.6     
  -0.87    
   4.1     
   2       
  -1.2     
   0.45    
  -1.4     
  -0.0081  
   0.00026 
   0.0079  
  -0.00041 
   0.019   
  -0.0016  
  -7.6e-05 
   7.1e-05 
  -0.031   
   0.0098  
   2.2e+03 
  -0.011   
   43      
  -0.00053 
  -0.25    
  -0.69    
   24      
   0.077   
   0.11    
  -0.0099  
  -3.6e-05 
   1.2e-05 
   1.2     
   4e-11   
   2e-08   
  -1.4e-08 
   0.34    
   0.057   
   0.94    
   0.001   
   0.02    
  -0.0017  
   0.0048  
   0.00098 
   2.8     
  -0.013   
   0.0075  
   0.00013 
   0.94    
  -0.012   
   1.6     
  -0.01    
   0.073   
   0.0021  
   3.3e-12 
   3.3e-14 
   1.5e+03 
   2.6     
  -8.4     
  -0.00011 
   2.6e-19 
   1.3e-19 
   0.16    
  -0.00037 
   0.00036 
   1e-05   
  -1e-19   
  -2.9e-19 
   0.16    
  -0.00037 
   0.00036 
   1e-05   
  -9.8e-20 
  -1.6e-19 
   0.16    
  -0.00037 
   0.00036 
   1e-05   

QFRC_INVERSE
   0       
   0       
   0       
   0       
   0       
   0       
   0       
   0       
   0       
   0       
   0       
   0       
   0       
   0       
   0       
   0       
   0       
   0       
   0       
   0       
   0       
   0       
   0       
   0       
   0       
   0       
   0       
   0       
   0       
   0       
   0       
   0       
   0       
   0       
   0       
   0       
   0       
   0       
   0       
   0       
   0       
   0       
   0       
   0       
   0       
   0       
   0       
   0       
   0       
   0       
   0       
   0       
   0       
   0       
   0       
   0       
   0       
   0       
   0       
   0       
   0       
   0       
   0       
   0       
   0       
   0       
   0       
   0       
   0       
   0       
   0       
   0       
   0       
   0       
   0       
   0       
   0       
   0       
   0       
   0       
   0       
   0       
   0       
   0       
   0       
   0       
   0       
   0       
   0       
   0       
   0       
   0       
   0       
   0       
   0       

CACC
   0         0         0         0         0         0       
   0         0         0         0         0         0       
   0         0         0         0         0         0       
   0         0         0         0         0         0       
   0         0         0         0         0         0       
   0         0         0         0         0         0       
   0         0         0         0         0         0       
   0         0         0         0         0         0       
   0         0         0         0         0         0       
   0         0         0         0         0         0       
   0         0         0         0         0         0       
   0         0         0         0         0         0       
   0         0         0         0         0         0       
   0         0         0         0         0         0       
   0         0         0         0         0         0       
   0         0         0         0         0         0       
   0         0         0         0         0         0       
   0         0         0         0         0         0       
   0         0         0         0         0         0       
   0         0         0         0         0         0       
   0         0         0         0         0         0       
   0         0         0         0         0         0       
   0         0         0         0         0         0       
   0         0         0         0         0         0       
   0         0         0         0         0         0       
   0         0         0         0         0         0       
   0         0         0         0         0         0       
   0         0         0         0         0         0       
   0         0         0         0         0         0       
   0         0         0         0         0         0       
   0         0         0         0         0         0       
   0         0         0         0         0         0       
   0         0         0         0         0         0       
   0         0         0         0         0         0       
   0         0         0         0         0         0       
   0         0         0         0         0         0       
   0         0         0         0         0         0       
   0         0         0         0         0         0       
   0         0         0         0         0         0       
   0         0         0         0         0         0       
   0         0         0         0         0         0       
   0         0         0         0         0         0       
   0         0         0         0         0         0       
   0         0         0         0         0         0       
   0         0         0         0         0         0       
   0         0         0         0         0         0       
   0         0         0         0         0         0       
   0         0         0         0         0         0       
   0         0         0         0         0         0       
   0         0         0         0         0         0       
   0         0         0         0         0         0       
   0         0         0         0         0         0       
   0         0         0         0         0         0       
   0         0         0         0         0         0       
   0         0         0         0         0         0       
   0         0         0         0         0         0       
   0         0         0         0         0         0       
   0         0         0         0         0         0       
   0         0         0         0         0         0       
   0         0         0         0         0         0       
   0         0         0         0         0         0       
   0         0         0         0         0         0       
   0         0         0         0         0         0       
   0         0         0         0         0         0       
   0         0         0         0         0         0       
   0         0         0         0         0         0       
   0         0         0         0         0         0       
   0         0         0         0         0         0       
   0         0         0         0         0         0       
   0         0         0         0         0         0       
   0         0         0         0         0         0       
   0         0         0         0         0         0       
   0         0         0         0         0         0       
   0         0         0         0         0         0       

CFRC_INT
   0         0         0         0         0         0       
   0         0         0         0         0         0       
   0         0         0         0         0         0       
   0         0         0         0         0         0       
   0         0         0         0         0         0       
   0         0         0         0         0         0       
   0         0         0         0         0         0       
   0         0         0         0         0         0       
   0         0         0         0         0         0       
   0         0         0         0         0         0       
   0         0         0         0         0         0       
   0         0         0         0         0         0       
   0         0         0         0         0         0       
   0         0         0         0         0         0       
   0         0         0         0         0         0       
   0         0         0         0         0         0       
   0         0         0         0         0         0       
   0         0         0         0         0         0       
   0         0         0         0         0         0       
   0         0         0         0         0         0       
   0         0         0         0         0         0       
   0         0         0         0         0         0       
   0         0         0         0         0         0       
   0         0         0         0         0         0       
   0         0         0         0         0         0       
   0         0         0         0         0         0       
   0         0         0         0         0         0       
   0         0         0         0         0         0       
   0         0         0         0         0         0       
   0         0         0         0         0         0       
   0         0         0         0         0         0       
   0         0         0         0         0         0       
   0         0         0         0         0         0       
   0         0         0         0         0         0       
   0         0         0         0         0         0       
   0         0         0         0         0         0       
   0         0         0         0         0         0       
   0         0         0         0         0         0       
   0         0         0         0         0         0       
   0         0         0         0         0         0       
   0         0         0         0         0         0       
   0         0         0         0         0         0       
   0         0         0         0         0         0       
   0         0         0         0         0         0       
   0         0         0         0         0         0       
   0         0         0         0         0         0       
   0         0         0         0         0         0       
   0         0         0         0         0         0       
   0         0         0         0         0         0       
   0         0         0         0         0         0       
   0         0         0         0         0         0       
   0         0         0         0         0         0       
   0         0         0         0         0         0       
   0         0         0         0         0         0       
   0         0         0         0         0         0       
   0         0         0         0         0         0       
   0         0         0         0         0         0       
   0         0         0         0         0         0       
   0         0         0         0         0         0       
   0         0         0         0         0         0       
   0         0         0         0         0         0       
   0         0         0         0         0         0       
   0         0         0         0         0         0       
   0         0         0         0         0         0       
   0         0         0         0         0         0       
   0         0         0         0         0         0       
   0         0         0         0         0         0       
   0         0         0         0         0         0       
   0         0         0         0         0         0       
   0         0         0         0         0         0       
   0         0         0         0         0         0       
   0         0         0         0         0         0       
   0         0         0         0         0         0       
   0         0         0         0         0         0       

CFRC_EXT
   0         0         0         0         0         0       
   0         0         0         0         0         0       
   0         0         0         0         0         0       
   0         0         0         0         0         0       
   0         0         0         0         0         0       
   0         0         0         0         0         0       
   0         0         0         0         0         0       
   0         0         0         0         0         0       
   0         0         0         0         0         0       
   0         0         0         0         0         0       
   0         0         0         0         0         0       
   0         0         0         0         0         0       
   0         0         0         0         0         0       
   0         0         0         0         0         0       
   0         0         0         0         0         0       
   0         0         0         0         0         0       
   0         0         0         0         0         0       
   0         0         0         0         0         0       
   0         0         0         0         0         0       
   0         0         0         0         0         0       
   0         0         0         0         0         0       
   0         0         0         0         0         0       
   0         0         0         0         0         0       
   0         0         0         0         0         0       
   0         0         0         0         0         0       
   0         0         0         0         0         0       
   0         0         0         0         0         0       
   0         0         0         0         0         0       
   0         0         0         0         0         0       
   0         0         0         0         0         0       
   0         0         0         0         0         0       
   0         0         0         0         0         0       
   0         0         0         0         0         0       
   0         0         0         0         0         0       
   0         0         0         0         0         0       
   0         0         0         0         0         0       
   0         0         0         0         0         0       
   0         0         0         0         0         0       
   0         0         0         0         0         0       
   0         0         0         0         0         0       
   0         0         0         0         0         0       
   0         0         0         0         0         0       
   0         0         0         0         0         0       
   0         0         0         0         0         0       
   0         0         0         0         0         0       
   0         0         0         0         0         0       
   0         0         0         0         0         0       
   0         0         0         0         0         0       
   0         0         0         0         0         0       
   0         0         0         0         0         0       
   0         0         0         0         0         0       
   0         0         0         0         0         0       
   0         0         0         0         0         0       
   0         0         0         0         0         0       
   0         0         0         0         0         0       
   0         0         0         0         0         0       
   0         0         0         0         0         0       
   0         0         0         0         0         0       
   0         0         0         0         0         0       
   0         0         0         0         0         0       
   0         0         0         0         0         0       
   0         0         0         0         0         0       
   0         0         0         0         0         0       
   0         0         0         0         0         0       
   0         0         0         0         0         0       
   0         0         0         0         0         0       
   0         0         0         0         0         0       
   0         0         0         0         0         0       
   0         0         0         0         0         0       
   0         0         0         0         0         0       
   0         0         0         0         0         0       
   0         0         0         0         0         0       
   0         0         0         0         0         0       
   0         0         0         0         0         0       

